-1.702231269098217550e-02,1.278092831847052295e-02
1.829212018252878574e-03,2.499353739695520105e-02
-2.402019915637192138e-02,5.440529180685542421e-03
6.146793250250155716e-02,-3.034106141851604724e-02
-5.348848421498290234e-02,-5.764741214608606890e-02
-4.433019654072557769e-02,-3.147494764093018704e-02
-3.203529677049756635e-02,-1.005212635062327844e-02
1.067610041999954296e-02,5.277121859281795613e-02
-2.964272509972047664e-02,-5.679176930844152815e-03
-3.819466583414922456e-02,-2.154318380143437073e-02
-2.355974169916494332e-03,3.037779912871479970e-02
4.786737821352753108e-02,-4.044848740296647094e-04
-4.051849022247863696e-02,-2.439190932302767040e-02
-9.141006999410589140e-03,2.170960914094410138e-02
-5.849559654154525001e-02,-7.472902540523822246e-02
7.480028503476018886e-02,-5.511377654435824919e-02
-3.810794614188380003e-02,-1.837162862669026314e-02
2.589842348358724344e-02,2.789436765760022405e-02
7.666967422676113086e-03,3.705842465733406865e-02
7.452400015348649431e-02,-5.681039929459510973e-02
2.518627170356516065e-04,2.595514662471487544e-02
-5.052499385950260519e-02,-4.935161364488498126e-02
1.742866700068478394e-02,4.160291558167537873e-02
-4.663288934301705602e-02,-4.006832218522973083e-02
8.517547445533527051e-03,4.732290254259174933e-02
-3.944846629076137479e-02,-2.385137667416448518e-02
4.451186988471085570e-02,7.175780102154423468e-03
-3.338880225847338373e-02,-1.255826070521338933e-02
-3.688444738385197874e-02,-1.792189730551933813e-02
1.524144143231444259e-02,3.111163504395686105e-02
-3.613667581473226087e-02,-1.864396832894898992e-02
-5.355150943304579081e-02,-5.577640783382059597e-02
-3.982216647576919399e-02,-2.436228350650449653e-02
-2.161986297896511394e-02,8.016640411484737133e-03
2.125607412399032475e-02,1.434395063295578615e-03
-6.008368062042814678e-02,-8.539357941760210291e-02
-4.739436850364694975e-04,2.622454421285570075e-02
9.931324796895853180e-03,6.045552376413680651e-02
-3.858710122199869585e-02,-2.243468804716895401e-02
7.644095326320314576e-02,-6.030950955662449375e-02
-1.663203975753500471e-02,2.037460363949358810e-02
1.938157061628082573e-02,3.591480531292785827e-02
5.312191148260099471e-03,3.134169932377268986e-02
1.993034996486591631e-02,3.639290392489175074e-02
9.359656235024514659e-03,4.357011115220169040e-02
3.681540997239204915e-02,1.316402052632559098e-02
4.135344745619239787e-02,1.674751258647909011e-02
1.510055850805792216e-02,2.899985645750276231e-02
-4.256483433051530541e-02,-2.792037993023899906e-02
-6.156708653789929632e-03,2.004333207652359006e-02
3.411196115796228528e-03,3.660072984272628310e-02
9.802762867396966340e-03,2.961874448322310283e-02
1.135299168844312867e-02,3.833179228201474137e-02
-4.082268670497470747e-02,-1.717624964299914112e-02
4.429813990692793579e-02,3.809184067945103717e-03
-1.153195818550742033e-02,1.447260599348157602e-02
-8.816410958978984115e-04,2.470641119563798949e-02
-4.871891190316893216e-02,-4.695699053849689691e-02
3.079298092579102475e-02,2.822685003832925421e-02
2.920935756357850854e-02,2.026417579501253730e-02
-9.421055078474210864e-03,1.649965782591882729e-02
2.863066905817193350e-02,2.430923127313539336e-02
2.093894833774933434e-02,4.866652374702364059e-02
-2.416039653114654753e-02,8.500718642067348063e-04
-7.659125231885706951e-03,1.118584041692874224e-02
6.113797824489262955e-02,-2.589001257714625831e-02
-2.289388683436946459e-02,4.385946828592795013e-03
-1.360720107546965589e-02,1.784942711241893631e-02
9.968564258878492498e-03,3.292604701468171413e-02
-1.776238614876286814e-02,6.736257199856746439e-03
1.755515443284446503e-02,3.331240439849356832e-02
-1.051242739520520664e-02,2.112221468366702257e-02
-5.458178303498766037e-02,-5.780014854400704338e-02
2.742823776869207121e-03,3.068915752872819133e-02
-1.810934364700028318e-02,1.249889368680625126e-02
6.853741947267545653e-04,2.835165900322072705e-02
-3.085741145404546221e-02,-2.316216313138075647e-03
3.864121698069763328e-02,2.990391379627739543e-02
1.582980462919251347e-02,2.717823835173775737e-02
4.975071691159007464e-02,-3.911722178459624971e-03
-3.788714412181213437e-02,-1.901399000094775027e-02
-1.342275639590706504e-02,1.443441036092970968e-02
3.604433553139189950e-02,2.607932215811149812e-02
5.004333056970177579e-02,1.009386857298188132e-02
5.192918941258369003e-02,1.878511315320140901e-03
4.341395897007244847e-02,1.025544066428391542e-02
6.080306733440078715e-02,-1.338790146262462503e-02
4.199618173453826403e-02,1.976250188294566973e-02
-1.579135495448427337e-02,1.163064351778860146e-02
-3.284735381646886054e-02,-1.242820174216141202e-02
-1.582271760421007784e-02,2.113217668185428388e-02
-1.292049921376941732e-02,1.841557507020578216e-02
8.306963833511692152e-02,-8.968181615477684165e-02
-1.273125600745963343e-02,1.365222061676771639e-02
-4.093067590274015316e-02,-2.526504887126364632e-02
7.355339475159707041e-02,-5.344045026187187880e-02
-1.924273289685546340e-02,1.481182208648523096e-02
4.970311842175220707e-02,3.795515126671595695e-03
7.731080452595734745e-03,3.264700749472033980e-02
1.709375790644227996e-02,3.358126396764913452e-02
5.139545881764836371e-02,-3.108587065531074820e-03
-5.202231911971572087e-02,-5.607897515552924539e-02
-4.256729098398019662e-02,-2.647160425983917376e-02
1.090629898385289814e-01,-1.714016408237194200e-01
1.439077258322626722e-02,4.064835377052257448e-02
-3.148601812565719749e-02,-9.327169014494665622e-03
-9.813165502206580570e-03,3.685584986411546277e-02
-6.438739080086609834e-02,-1.042178227548470199e-01
-1.024070069125141216e-02,1.794279433558824619e-02
2.649605195201713490e-02,2.338999240822117048e-02
4.919793628840531119e-02,1.836011912811087374e-02
-3.403652133203494828e-02,-1.199433296411432995e-02
4.472754684687971216e-02,4.799327961875458556e-03
-1.033783399579643950e-02,1.630015328319779286e-02
6.897147736955216990e-02,-4.910111310546436125e-02
-3.543050587186756528e-02,-1.647076819532757724e-02
-1.816292126411631069e-02,1.177582683111499939e-02
-3.644027028085297659e-02,-1.895861007524097391e-02
-1.881269812046202153e-02,9.315402808747548502e-03
9.286245914494520304e-03,2.949491174110178970e-02
-5.333839472074242832e-02,-5.915021489957647538e-02
-2.733527745997485492e-02,-3.354848719914173098e-03
-2.693609880937348697e-03,2.820071065732708548e-02
1.781535690521714177e-02,2.861506798755868511e-02
-4.245763211627932854e-02,-2.860090046739050332e-02
-2.688919540436059824e-02,-3.914099150607253108e-03
-4.396006367423814509e-02,-3.263587241240065856e-02
4.224426950863219288e-02,7.076353940641551266e-02
-4.044302851860008541e-02,-2.585496132320103807e-02
2.632482854750372442e-02,1.972485376746901942e-02
-5.020308548688300759e-03,2.223247834635518755e-02
1.630201354449153234e-02,3.801597256905211997e-02
-3.231782419411198537e-02,-1.315527326361511096e-02
7.387569869934193512e-02,-6.328827352474120094e-02
-3.542750613851057551e-02,-1.535674862397895524e-02
-1.860030166734602530e-02,7.807650455366570152e-03
-3.101734630477875551e-02,-8.432670726247233975e-03
5.551631225325511648e-02,-6.101016469641480991e-03
2.663513530886772035e-02,2.191003747519624373e-02
3.750168997335091847e-02,1.237217628532192963e-02
-5.911619601121438985e-03,2.016718544171261507e-02
-5.832972303181734736e-02,-6.955790351784618686e-02
-4.795843202759862700e-02,-4.112427939920908215e-02
-1.052281583925957636e-02,2.169440389698212499e-02
5.631913510479615720e-03,3.327877733024786622e-02
1.595483268883395034e-02,3.621465259312087182e-02
-2.801120242859896081e-03,4.435858326923055456e-02
-3.377633763210816098e-02,-1.243783014243216370e-02
-3.450203920572594840e-02,-1.420913385529202697e-02
3.161461392980524643e-02,4.447840552332887193e-02
-2.954933556719795129e-03,2.242998248994546723e-02
-2.072153568662568612e-02,5.912450031427932823e-03
2.716037213669402622e-02,4.377041110281151143e-02
6.287945244822364110e-02,-2.785024608521271400e-02
-2.275913455928153112e-02,1.618231066441547933e-03
-2.630175402907211635e-02,-3.482634162688616995e-03
1.769411412408828516e-02,3.457567345052735275e-02
4.768225079026260776e-02,2.105904478347038478e-02
8.356602170499284610e-02,-9.060844917148830335e-02
2.658381601516875137e-02,2.342282786668390543e-02
1.362425656457849979e-02,3.464020231277684797e-02
-2.945683297469910839e-02,-6.727793505891889285e-03
6.801585609984989178e-02,-4.594529411433767585e-02
-2.320651361980512195e-02,3.484483336208462137e-03
5.316930600228125109e-02,-4.904145048488995316e-03
-2.510627721758607045e-02,-2.596551682092218538e-04
-4.169619892944183281e-02,-2.869557912717542181e-02
3.040797308343557229e-02,2.055812751428500243e-02
5.965424807927438566e-02,-2.649809049782173020e-02
1.032155703551512760e-02,3.179854452881732824e-02
-4.946822182488934405e-02,-5.192960183969155818e-02
-5.041069900244753155e-02,-4.809946014206688963e-02
-3.580849355605489337e-02,-1.712778412451834362e-02
-2.374952557918285148e-02,1.601503448045542288e-04
2.066706501949726327e-02,3.075160525983302445e-02
1.080101183726092304e-02,2.716217877365655065e-02
-5.609945474984440877e-02,-6.239884470831082858e-02
-1.852009386274564018e-02,7.526804809516479677e-03
-2.561581183087711933e-02,-5.538891437403964391e-04
7.657308517696553851e-02,-7.061313464861254663e-02
6.472616458090971886e-03,2.848257630623029363e-02
1.598764445463553632e-02,2.665422661159591589e-02
4.928115931637113561e-02,-2.856224465153449268e-03
4.476252145176486813e-02,8.035263168106068082e-03
4.162278421772605541e-02,2.663156672314856768e-02
5.647605969827523831e-04,3.248433140681608600e-02
-1.170797890384691134e-02,1.477886209448386716e-02
-1.322741612799083893e-02,1.461870227063542978e-02
-1.121503285322587688e-02,2.543435935407992524e-02
-3.212196825970033143e-02,-1.197859786766301143e-02
1.716241965546774773e-03,4.923216970212573873e-02
-1.664607024072410277e-02,1.017293216247915771e-02
-3.084038573946235387e-02,-6.206790967875266268e-03
4.454465731533040207e-02,2.404024283851620425e-03
-4.003719647513173663e-02,-2.517597920699361780e-02
-7.307058365549415346e-04,2.585039340850094070e-02
1.779249384741027687e-02,3.767202286785635568e-02
-3.570303486105655399e-02,-1.668799261636621026e-02
2.136080972655618124e-02,4.941954833264357305e-02
-1.327061042800030052e-02,1.754427385314905746e-02
-3.403446595867105212e-02,-1.446756958804824161e-02
1.772435572658127845e-02,3.687152318683253188e-02
-1.833558849662674309e-03,3.473677363791295714e-02
-2.630480608057726016e-02,-4.231581841501068364e-03
1.678082523547060056e-02,3.176575009363011987e-02
-4.325176439698243981e-04,2.547907267725736669e-02
-3.263408464472903475e-02,-1.020193980295584085e-02
5.373122441727895549e-02,-2.159349708032684209e-03
6.689091076167179295e-02,-3.940275818848352346e-02
-2.114004223657622167e-02,4.801295235919232629e-03
-2.513942455426440917e-02,-7.188978274779034977e-04
4.521729158420251249e-02,7.330142707089274713e-03
1.479350965556182167e-02,3.311208957252623902e-02
-4.730078585162995897e-02,-4.305205892342364726e-02
-5.105519144216355554e-02,-5.218517090856548968e-02
-1.702738897367500615e-02,1.059077431609049824e-02
-3.242865828155547248e-02,-1.241138421519696021e-02
3.560812306162935287e-02,6.533186155215175636e-03
4.168276339825449303e-03,2.542282082972468008e-02
-2.999892974153171854e-02,-6.470470029403424875e-03
-7.069869919197335761e-03,3.005641560005324273e-02
2.039338472265918301e-02,2.980291423943610962e-02
3.819880175351804408e-02,1.232313335659616232e-02
-1.423080588955724646e-03,2.835389737880350883e-02
2.628460282222817856e-02,2.819700133886677076e-02
-9.674015994933709423e-03,2.036826934270899447e-02
-3.989416047475850130e-02,-2.406112836934407376e-02
7.408488369213192537e-02,-6.355522841203820050e-02
1.050544836340300617e-02,2.815891191850170353e-02
-4.320631457137440179e-02,-3.093873873084474618e-02
-3.504246990300221437e-02,-2.396012663879516780e-02
9.723263429677383302e-03,2.843939336609114382e-02
-2.442612982801167093e-02,1.628213672969312104e-03
1.728725953758649542e-02,3.341877178757457489e-02
4.256433455219224560e-02,5.041242496386516558e-03
-4.540874974135226255e-02,-3.562850135934547691e-02
-5.621980679787730306e-02,-6.364960903524823077e-02
5.007397073400607357e-02,-2.970241983249015394e-04
3.775484789884502729e-02,1.242866811615722655e-02
-2.116262371596198608e-02,3.825511121931378378e-03
-5.446513409233401382e-02,-5.929408253923625777e-02
-3.715750243441773987e-02,-1.903140065565398636e-02
-3.355578452459190286e-02,-1.189554870882147952e-02
-4.268311829036691707e-02,-2.834938307843579489e-02
3.854586385146571009e-02,1.007013193422011052e-02
-3.778647665043751575e-02,-1.999043420777938534e-02
1.432537117405291438e-03,2.102129361227138282e-02
4.762846433671308333e-04,2.887114635506045357e-02
-4.103249599904700701e-02,-2.799489011868640242e-02
4.418705265148811789e-02,5.526703531350029945e-03
4.342923265262181587e-02,2.069885461487857431e-02
-1.890623060026280083e-02,1.041330047720440480e-02
-3.273212200740760469e-02,-1.327726007161263329e-02
-3.348805402276796780e-03,3.104692319429473019e-02
4.503834766479801466e-04,2.245680571568173939e-02
-1.832190323509510707e-02,1.311984703316855169e-02
1.518975781484254578e-02,3.238643914295680215e-02
5.258763584428571836e-02,-3.050857745669239597e-03
2.277521413279437121e-02,2.447172145404193089e-02
1.428412846257942626e-03,2.803324504970341330e-02
-2.233297826145624540e-02,4.201929230149087369e-03
5.499299798780574872e-02,-1.327149832241611774e-02
2.063634237616570125e-02,3.398922389044741615e-02
-3.144950901073129135e-02,-7.671747259302636249e-03
-2.537146552604625099e-02,6.057106672792821056e-03
1.601478522037886459e-02,3.151642580404298566e-02
-1.685209922675120348e-02,1.004488666276361769e-02
-4.442026822649103313e-02,-3.138317354166058476e-02
3.383721904604117953e-02,1.710222024511256003e-02
-1.375665998873716600e-02,1.494781884244817532e-02
-2.416522095989720800e-02,-7.200817166908186906e-05
7.500725700826395281e-02,-7.727262422250463780e-02
-4.270907178156918560e-02,-2.984153500298375103e-02
-1.065402021009750379e-02,2.080386056000909506e-02
-4.316036059922058465e-02,-3.178574474537512740e-02
8.092969510184884474e-02,-8.189394716383247008e-02
-3.789392902813365493e-02,-1.886971428475023305e-02
-2.949969383514629284e-02,-6.767420383764319487e-03
-4.136276224156213571e-02,-2.680501230265448093e-02
3.062719774646125229e-02,3.625790050231734313e-02
-3.122667140564006072e-02,-8.517023281675990126e-03
-5.359546593266789616e-03,2.504853830832434736e-02
-3.592256803490571221e-02,-1.573460561915350497e-02
-2.590573275054276065e-02,-2.535506646853088325e-03
-1.352406461768950602e-02,1.495591953253833269e-02
-1.271781912070399020e-02,1.587849477911514734e-02
1.423556421769002836e-02,2.726832612864251576e-02
-1.433835071292675380e-02,1.121037999383254873e-02
7.782479340005182822e-02,-7.460859959528287622e-02
-3.887870425716376255e-02,-2.070706588814344440e-02
2.923689969830329735e-02,1.958165711937788142e-02
-5.371117495502092387e-03,2.981614499140832972e-02
-3.816348532668130400e-02,-2.061202083480640976e-02
1.355149248988620977e-02,5.366503282896799981e-02
-2.254040044193521622e-02,1.636234792202512223e-03
-4.088683458312013241e-02,-2.661839500105602982e-02
-2.830673293792830558e-02,-5.907062790340796531e-03
3.588811306836281467e-02,5.107595831931011077e-02
-2.898959028004268607e-02,-6.408590397503608621e-03
3.950702071228809342e-02,1.034400835137132615e-02
1.538565007963566336e-02,3.316723284975077457e-02
-1.779914048897247511e-02,8.182399909205752275e-03
2.847423695540944946e-02,2.613908707679787891e-02
3.813180728733100988e-03,2.717421869713282020e-02
5.457024861429023155e-04,2.773554394429997988e-02
8.892324792990817517e-02,-1.071165445025460544e-01
-1.152184656875801516e-02,2.091469446959261583e-02
-7.018333871606554156e-03,2.309457988957426197e-02
-4.854270026774698543e-02,-4.092577108263084629e-02
1.252776174160380104e-02,2.790743590775765504e-02
-3.294578719548628409e-02,-1.175339569032190709e-02
-2.344741694167547241e-02,4.971756132888423274e-03
1.944431818895740391e-02,3.134195868948221747e-02
-3.525687499518827955e-02,-1.627034554010232947e-02
-1.636654187593915635e-02,1.092936172900708935e-02
3.980412469410603282e-03,3.571736080684766862e-02
-4.303532295689846410e-02,-2.202753019758219716e-02
-4.380775458568690606e-02,-3.262919969496527045e-02
-3.357600823201835338e-02,-1.392789088798131181e-02
-3.204602274404885764e-02,-4.824523623174177892e-03
-1.074590486238733052e-02,1.615822743380879514e-02
-2.365368431980444108e-02,9.894774368353793925e-04
-3.185901902215342030e-02,-1.087274800142342887e-02
4.801184257427276031e-02,6.606878459312340822e-03
-2.512747846577621791e-02,6.026191909578801353e-05
-3.648862651197300883e-02,-1.828454633796200435e-02
6.362834952441314557e-03,3.046749142115659503e-02
4.201535112774280878e-02,6.614780160495558475e-03
-8.498076054973196375e-03,1.781863623805656632e-02
-3.045454706369211256e-02,-6.818839102195543844e-03
-3.376188210339085144e-02,-1.162036428682922118e-02
9.189914491114727080e-02,-1.201670792756182188e-01
-2.931746978936953033e-02,-5.587676152456888881e-03
1.139839851174622720e-01,-1.907706350182272748e-01
-1.538997106421373731e-02,1.699559375601456673e-02
1.694879292821688949e-02,2.753186217923517948e-02
-1.053665489885235312e-02,1.648506377771334630e-02
-2.888900835860836597e-02,-3.188992428098951989e-03
-1.762058376829877052e-02,8.740374038657851632e-03
-7.358776027040526968e-03,2.055484078086465202e-02
4.750490969944152347e-03,2.746095706684485716e-02
1.369246386459501905e-02,3.342937235631055631e-02
-3.024191254048724450e-02,-8.518898580478656904e-03
2.759633771572939445e-02,6.685343162771481551e-02
-2.501324013937113178e-02,-1.670732521832668516e-03
-1.986703197329306100e-02,5.293503925218942877e-03
5.147564696058748446e-02,-5.645769440989173264e-03
-4.021952041802909217e-02,-2.556684544896579980e-02
-3.718569841740550219e-02,-1.992649480178234483e-02
-2.312053383552032174e-02,4.023963594365322777e-03
-1.077917031003084586e-02,1.657421710511785759e-02
-5.843017032233958907e-02,-7.521245926948549876e-02
2.462132402762115882e-04,2.607824863232082596e-02
-8.059077758297795643e-03,2.382844163338106169e-02
4.887090494522512013e-02,-1.873366163472840740e-03
-1.087595794893078671e-02,3.703982577073060972e-02
-7.101353746219837143e-03,2.317687342298257666e-02
-3.129768109465282111e-02,-9.046357885946359340e-03
-2.993815465537309414e-02,-7.635248470130437913e-03
-1.481846057567715036e-02,1.503616287120238676e-02
1.033156942485231461e-01,-1.579077288871913731e-01
2.786566379641074523e-02,2.415047923766922358e-02
-1.846967622345187243e-02,7.079245229199243421e-03
7.152200603098663942e-03,3.270547544779565940e-02
-3.391963926031768550e-02,-1.135088760894839045e-02
-6.704279715661228684e-03,7.440636808717085091e-03
-4.853881195942229276e-02,-4.904128491668806322e-02
-6.998047042757824486e-03,1.688698574078031228e-02
4.276112155714886093e-02,1.670582202262530305e-02
2.011701512687906479e-02,3.142228219680920365e-02
-9.634026272093587639e-03,1.885274523247192427e-02
-6.327612578092969148e-03,2.434118545614738158e-02
-3.257636017752761626e-02,-1.053858003550630848e-02
-3.898593502630372243e-02,-2.104444758770061819e-02
5.620523391209579500e-02,-1.542598731865336102e-02
4.074904142715725375e-02,1.238115933080910329e-02
-4.157857435613450392e-02,-2.658970318322200627e-02
-2.225024549734505586e-02,9.936461035702335784e-03
-2.131916083207027052e-02,5.264580339113726290e-03
-2.931058167011291876e-02,-2.997303840990062085e-03
-3.978545320620454490e-02,-2.448223345171001569e-02
-3.548225617915725522e-02,-1.705993143367358009e-02
-3.573757715897728227e-02,-1.815817868433782650e-02
-4.988429141953530654e-02,-4.725170394589617295e-02
4.030837169234614825e-03,2.979897244366867121e-02
4.003513498444289526e-02,3.103304182076204940e-02
6.937648243502170242e-02,-3.948997380782554023e-02
4.356724239626578316e-03,2.869044542851256763e-02
-3.639354178047049526e-02,-1.837232647008950337e-02
-1.303838617169338771e-02,1.872147742359711944e-02
3.298349458284328267e-02,2.353204310282774533e-02
9.197114055522885578e-02,-1.155605599157723679e-01
-3.686811462785859195e-02,-1.117117110123765251e-02
-2.010608495915536253e-02,6.301240036671035619e-03
-4.341784226635474891e-02,-3.217996683849611711e-02
2.277759870500260103e-02,3.585091367116910455e-02
-2.581133349969545743e-04,4.010130792893949053e-02
5.257677216732604963e-02,-1.151542410020524668e-03
-3.010779339968540011e-02,-6.102769438210180024e-03
-4.326206652552007370e-02,-3.230189873749997331e-02
-3.884393630354647520e-02,-1.260807327808362993e-02
-4.064372980920044620e-02,-2.162101036240510199e-02
-2.223519233702497128e-02,2.532347383707528321e-03
2.715068285193656880e-02,2.288651235314674570e-02
3.815999260132070525e-02,1.224506150905189938e-02
-4.572418254459743869e-02,-3.563683093768182236e-02
1.236213612126269706e-02,3.432252512411726464e-02
-6.354566736863648951e-04,3.224747577911270258e-02
3.530433528899445256e-02,1.746017249112370370e-02
-4.679057890360735147e-03,3.303953062957049047e-02
-3.899117028892241932e-02,-2.216751036928990212e-02
-8.359699244461388581e-03,1.849551399696721873e-02
-1.475749786251872794e-03,3.268336158196674668e-02
-4.044339019833493448e-02,-2.619407749900354646e-02
-3.439685853747808525e-02,-1.516366531724393750e-02
-3.599700299770819401e-02,-1.043459591542263316e-02
-4.861145180660634418e-02,-4.358276131202412640e-02
3.655771908938221237e-02,1.317683185841144952e-02
-7.627106334105933708e-03,2.808863629060360384e-02
-5.211013390220765873e-02,-5.147627693827011575e-02
-3.340301098819909581e-02,-1.311004264236500204e-02
3.628003995002179738e-02,1.029138917004247030e-03
-4.861057249544828429e-02,-4.443687668515221290e-02
1.622498001217764774e-02,-1.044218801193932131e-03
-6.341483733617809052e-03,3.109035764671472940e-02
1.012846120498945846e-01,-1.510205977704295877e-01
-2.773904408934502533e-02,7.117451745228473015e-04
5.136309251927291541e-02,1.840390770375404002e-03
5.387780173628558406e-02,-1.681300096627598439e-03
5.519900664163419901e-03,2.534417954017736951e-02
-1.012930887929596076e-02,1.653938859330418912e-02
-9.028785139628556222e-03,1.670133852789599388e-02
8.942210017814635967e-03,2.666953667609503822e-02
1.292833376365148425e-02,2.569676889405227843e-02
2.858317734654627906e-02,3.934173215024150405e-02
-3.939386819858633343e-02,-2.495496112429014882e-02
2.442609692131566743e-02,3.371587420624932996e-02
2.875402841958785843e-02,4.420018542033150172e-02
1.349967767834541268e-02,2.688155468949582350e-02
9.970438743616416577e-04,4.876233627592115039e-02
-1.267792491693231320e-02,1.589703245038821822e-02
7.731493150598682529e-02,-6.215688287519420541e-02
3.549269873940199410e-02,2.011187287189395226e-02
1.648924781571257242e-02,3.949053833996480495e-02
-1.253354911476605923e-03,2.669559374565114163e-02
1.630795814091740709e-02,3.648450418295832998e-02
-3.788291540846502881e-02,-2.084290433444450225e-02
-1.396002349026184350e-02,1.550654049863421299e-02
-8.282611667803120581e-03,2.296016030840996452e-02
2.325177940307086161e-02,2.866947255970514474e-02
-1.098185556487195694e-02,6.713985733163993497e-03
-5.123652459943147525e-02,-5.035716333400080957e-02
4.756311708233449537e-02,2.302480447476010217e-03
-4.313877424247788972e-02,-3.013409018144470181e-02
3.467180801131755641e-02,1.258753380752988642e-02
-3.344867725511114359e-03,3.186843629387429988e-02
-3.545548137697002861e-02,-1.348808584704933727e-02
-3.165007248887380387e-02,-6.973281536225468119e-03
-7.673495829412416147e-03,1.852006022634263699e-02
-3.238688983455534354e-02,-1.111597901273156386e-02
-4.055720653178054164e-02,-2.605074971452772670e-02
-3.686688939307500301e-02,-1.904228336264550403e-02
-3.562224659319852826e-02,-1.763685200241483023e-02
2.584667816742532154e-02,2.713615262973221101e-02
-2.519275745332559199e-02,7.475421590845097997e-04
3.199620158563723157e-03,3.010388345774452079e-02
3.700817567330011437e-02,1.226304928948205447e-02
-1.436590822827696345e-02,9.341232586406445632e-03
-3.223010802181276724e-02,-1.137100655630314885e-02
-5.187936912506894288e-02,-5.078784372418952697e-02
-3.710105969816466370e-02,-1.880880599251141816e-02
6.448261603465994807e-02,-1.793171639177899152e-02
8.791614798636000760e-03,3.124613448022610721e-02
-9.259356716117588676e-03,1.959495047786697502e-02
1.104397936016435211e-02,5.037015569147740984e-02
-4.566327103916467678e-02,-4.079899148733008574e-02
1.714479725098977739e-02,3.346656823891056010e-02
-3.104739749622864586e-02,-8.942665713019420232e-03
4.826072094002628599e-02,3.446419116059919532e-03
-2.830751715452801270e-02,-4.786314533407060555e-03
-4.528498310976106223e-02,-3.659339262440744478e-02
3.383749209452025300e-03,3.659941078302827305e-02
2.826749479125678643e-02,2.553624653922327570e-02
-4.392788550986244378e-02,-3.178857106383869979e-02
-3.678366966942882288e-02,-1.944345376068568748e-02
5.582034633113529959e-04,2.990354918610084109e-02
-4.778111418284272660e-02,-3.983811956979319002e-02
5.380716761155861921e-02,-6.383754574000619769e-03
6.553466951365927856e-03,4.350544275519285797e-02
2.781535559079464925e-03,3.241838774500021420e-02
1.462011681977917060e-02,6.486107349760847351e-02
7.199227450212335178e-02,-3.926996671064642008e-02
1.141658852146162570e-02,2.698195676144054395e-02
-1.475298387942561643e-02,1.129828344660727818e-02
3.880586735852412789e-02,1.132323861668110485e-02
-3.898384902301426508e-02,-2.291481868230814400e-02
-4.253586551443164221e-02,-3.000622906574618165e-02
-4.586946884207352554e-02,-4.053707199201994626e-02
-3.384032037534796117e-02,-1.525952900136946962e-02
5.812780024960769593e-03,3.006883184738605441e-02
-9.650072269525638777e-04,2.080720029918651376e-02
2.304907062777177690e-03,4.383848298111980152e-02
2.039874771260159758e-02,2.848974999292156959e-02
2.321650574585281887e-03,2.895796000724802990e-02
-2.289352358517462299e-02,3.103475143831468074e-03
2.154140878207522897e-03,3.251483159772752818e-02
-4.047570849148005023e-02,-2.574124825715204401e-02
-4.027340157295689407e-03,2.497672796464473974e-02
8.151463948080260591e-02,-8.432385739608325159e-02
-6.926348912284924220e-02,-1.187579827028277663e-01
-3.433337583894414263e-02,-1.183936894249295636e-02
-9.019232448407028813e-03,2.117995848225411731e-02
-3.351279686071107627e-02,-1.220680194760219092e-02
2.921457690722147060e-02,7.517142411322845497e-02
5.472543627196711086e-03,3.007891527494183440e-02
-4.502340624247097578e-02,-3.539785855502181749e-02
1.506950247721743769e-02,6.480026698333328505e-02
-3.889122910624828733e-02,-2.127654212543037687e-02
-3.484016886869140128e-02,-1.465890256043813830e-02
-1.109078783116576768e-02,1.627058926152817261e-02
-4.285006794092738325e-02,-3.127807541204446345e-02
4.653222956006317773e-02,9.747130848086760224e-05
-3.633004356635968768e-02,-1.747030857941786475e-02
-4.686386535602542203e-02,-3.797180059988840284e-02
3.242144214344176711e-02,3.152393684682473773e-02
4.639704335054187223e-02,3.216117256125902713e-03
-5.487861296157391794e-02,-6.654189947111410763e-02
6.818740612788364019e-02,-4.778165737960929360e-02
2.956484508856577209e-02,2.782322228245347542e-02
-2.899662175371345296e-02,2.488159508183311608e-03
-1.631105913811682975e-02,9.438469675787614782e-03
4.614035748350978072e-02,1.078720274172097031e-02
7.160264206733292502e-02,-2.051336312444158178e-02
8.093152120928530369e-03,3.157217358816582359e-02
-1.431245673791490744e-02,1.810605020394065803e-02
-2.382689531950764328e-02,3.184642454001115897e-03
-4.601048904954738172e-02,-3.749253631092178130e-02
3.511298572998136289e-03,3.100796198185603453e-02
8.567498686271710073e-02,-9.718183592892008782e-02
7.833849980055523909e-02,-7.418576140477274594e-02
1.095638038898190947e-01,-1.749920358091120176e-01
-2.969698170712429391e-02,-2.668556734821959237e-03
1.998038044741593314e-02,6.895122567818649795e-02
4.175869107977482619e-02,6.849758463678428180e-03
7.801305281513172540e-02,-7.258837008752155873e-02
-3.232496794679080854e-02,-9.901912963885789454e-03
-2.283723631692626682e-02,3.207503203356479662e-03
1.435735838565266841e-02,2.950872962261304189e-02
-1.149261799571109702e-02,1.634936181932235971e-02
-1.659104226201149612e-02,9.496479734752906465e-03
5.473014255071746714e-04,2.983734049560668455e-02
3.139782775608634946e-02,1.951831066943836290e-02
3.129581922798038013e-02,3.235785702979621786e-02
5.905099134183919296e-02,-8.634866396097937158e-03
-1.000967667926748288e-02,2.272485410568213238e-02
-2.633095096413028829e-04,2.437338700852583959e-02
-5.494721561255055953e-02,-5.650496964084388007e-02
-4.233223976184383869e-02,-2.853179965620217598e-02
-3.924495464157148894e-02,-2.354228079322135889e-02
-3.869664596097514148e-02,-2.097284824253720439e-02
2.700530278068151435e-03,4.856865716702253588e-02
4.838318450719598235e-03,2.664626128575810909e-02
8.010542084639929450e-03,4.561387151124293715e-02
-2.583595926653590308e-02,-2.414430106790176056e-04
-3.675627838893277127e-02,-1.892332948036421630e-02
-1.179458614072223174e-02,2.428377721561065031e-02
6.268431119290787668e-02,-1.202318365644324850e-02
-2.951036935331984024e-02,-3.172656002209074330e-03
-2.707404422698004437e-02,1.653479130761674291e-03
-2.083087443697399094e-02,7.547675737392883083e-03
3.044556431840013400e-02,2.123495386811682928e-02
-1.973582271457008722e-02,1.235422446115232165e-02
6.481570213489539281e-03,3.174080073922244671e-02
5.575612354492078676e-02,-1.071311858960293656e-02
3.968504279187561046e-02,1.986098653955119600e-02
-2.272215658178834696e-02,1.263661669264110835e-03
1.193502851362958188e-02,3.637634046368398710e-02
1.314367204865822016e-02,3.063096104602981706e-02
-2.314112691948114892e-02,1.008557647554143150e-02
-1.584759099226773840e-02,1.151324704098254104e-02
1.898724084341781027e-02,2.878155690241279013e-02
-3.073162992760800766e-02,-9.641703955577739932e-03
4.088913216558442976e-02,1.644191064907681715e-02
3.883884699263541462e-02,1.374309456450623253e-02
-5.409506805552442149e-02,-5.824597191980411537e-02
-4.207020427724968148e-02,-2.844414496654106700e-02
5.008297909800334125e-02,7.494125718457572000e-03
-2.010651300029319549e-02,1.194797339169152012e-02
-3.512116795183842233e-02,-1.576263899394426959e-02
-4.038912780364359995e-02,-2.587594777780880678e-02
9.902387087505015728e-03,2.723228059185702626e-02
3.605504477169799160e-03,2.495180511308693616e-02
-3.761979801474440305e-02,-2.096472075151931125e-02
-2.564790482133428098e-02,8.293890433296331050e-04
-1.005362446248118935e-02,2.078235492360079942e-02
-1.030108438973888554e-02,1.562156705167229084e-02
-2.019964539213345983e-02,7.374406823216760401e-03
1.527743158095409837e-03,2.259263216026671101e-02
3.412055890796416441e-02,1.486081392157761853e-02
-7.185120704107640643e-02,-1.277311465600309004e-01
-4.847654236042182874e-02,-4.295960964357910944e-02
1.861312670727548191e-02,2.766807709800324366e-02
7.794919534571603109e-03,2.870274579033673529e-02
2.183157396225629369e-03,2.510084826877711020e-02
-3.319188886532115773e-03,3.721583177844810936e-02
1.755156989981518367e-02,3.040875652298731871e-02
1.115607139264578745e-01,-1.835774593280278255e-01
-1.086938531255034895e-02,1.817347360327335043e-02
1.961359284989369275e-02,2.983028250939191370e-02
8.825047338626018645e-02,-1.040230383795324731e-01
-2.048181353269944507e-02,5.785545145880014242e-03
4.495406921319871490e-02,8.825413352298507041e-03
-7.555641376971272000e-03,2.494508102807287825e-02
-1.394068881061005447e-02,1.631614772019374798e-02
-2.809914743379398477e-02,1.722448206507741150e-03
9.823025711840345509e-02,-1.390050880237122810e-01
-4.061265418384763654e-02,-2.602323306155476801e-02
-2.997260686474809491e-02,-6.707989736831038163e-03
5.140869364717198797e-02,8.760259881757336692e-03
1.224647061393364933e-02,5.590665828223983363e-02
-3.550577570796199789e-02,-1.706972904633670407e-02
4.816347784017429440e-02,1.746732620402885808e-02
8.341545426184874407e-03,2.443634797133077685e-02
-3.329748893524193953e-02,-1.174128905946496965e-02
-1.579228144789773802e-02,1.243427718963265212e-02
1.613750077220182239e-02,2.677842111447560625e-02
-1.464098308847597285e-02,1.300219674535247130e-02
-4.094330738845518292e-02,-2.777905046216309209e-02
2.927896046185823192e-02,2.188520156460656632e-02
-2.400769043923346377e-02,3.650338537449573928e-04
7.446763133317065020e-02,-4.847640258782688616e-02
5.989186238888739161e-02,-1.282665565298113028e-02
1.045863149312683052e-02,3.274231262220785033e-02
-5.357576327262979221e-02,-5.738481652962747898e-02
6.899992402832685889e-02,-4.584473382685476384e-02
2.832929381011261086e-02,2.559110721784425141e-02
-1.593408686417045750e-03,4.504847377617103577e-02
1.749365526049626723e-02,3.393605370556358747e-02
-1.871111605434876840e-02,1.329185002386040412e-02
3.096663298488549348e-02,2.321428482428072176e-02
-6.051810772536923150e-02,-7.686313598157473725e-02
2.133623907073802645e-02,3.067947299965797375e-02
-2.966752483318672862e-02,-7.789662546255571307e-03
1.511355413590717220e-02,2.809493352008062342e-02
1.098399133488126983e-01,-1.757869055865107499e-01
4.152874392316954072e-02,1.365793992626294223e-02
6.714656719901367088e-02,-2.714832559363482278e-02
2.214840217616676279e-02,2.961566158797062850e-02
2.477820009326877140e-02,2.361077727237006693e-02
4.247326934557808797e-02,7.910215945249328418e-03
-2.688549603061672622e-02,-2.577615699963000870e-03
-1.418162144223800505e-02,1.610124588617518199e-02
9.799573990699944614e-03,3.305209796304091341e-02
-9.711634813736472541e-03,1.920665987519718301e-02
7.116991534707385603e-02,-5.345413675217096372e-02
-3.871142661687781289e-02,-2.255639338947536265e-02
6.134944569351323540e-02,-2.982427289845308860e-02
-4.753849969470375081e-02,-4.111080798668394903e-02
2.792359735849498856e-03,3.096556539566524754e-02
-3.015933414057216100e-02,-1.782066272711776457e-03
-1.493014371480845190e-03,2.600424721539030398e-02
-1.478428127335379427e-02,1.920179961092801160e-02
2.040558138108533592e-02,2.723206999814481791e-02
-1.298627726854020836e-02,1.268732768460159588e-02
-4.927815102581930423e-02,-4.668409859588922017e-02
-7.712871685991412596e-03,2.752272205419661194e-02
4.645679844251799501e-02,1.848862837607318996e-02
8.381559250445237697e-04,3.494563057918725207e-02
7.529607574650398760e-02,-6.019888436616452343e-02
6.317908527189141851e-03,3.389849352301179536e-02
2.359159399243813265e-02,3.484514302027955784e-02
3.314690046556660608e-02,1.660888487118642939e-02
-2.004782650305743374e-02,1.462678313883312119e-02
9.794325204304501695e-03,4.757512601383472040e-02
1.054032983708348345e-02,6.226424723496027519e-02
1.477682670686764586e-02,3.409783262460965025e-02
1.080285525767067656e-02,2.721126861080352954e-02
6.153156413773491762e-02,-2.992820053398483754e-02
-2.020915164633226707e-02,6.648122586841737763e-03
3.287116870597540930e-02,2.447017084000388878e-02
9.091734308869077463e-02,-1.144001061096900085e-01
2.131228462644976090e-02,3.461181420863630037e-02
4.311266247095883047e-03,3.986295385543484754e-02
-4.029231499025330565e-02,-2.523927911319036321e-02
-8.398093562630857406e-03,1.642577426427989373e-02
-3.445278120766399887e-02,-1.555390119474691843e-02
1.975268662754460849e-02,3.025428525303114694e-02
8.525838768588303584e-02,-9.083510230884710157e-02
-4.674867324130578539e-02,-3.830324893278217596e-02
9.816518583367905837e-03,2.887052843977523653e-02
-3.661858368577924905e-02,-1.990609753430848047e-02
-1.623548179086749255e-02,1.339573539173536526e-02
1.025304084537437613e-02,2.489111062587898160e-02
-4.299214789239053786e-02,-3.144278874187640682e-02
-2.535926007110884950e-02,2.141524323516200493e-03
7.003159225747840333e-02,-4.968663981021764070e-02
3.944370938606695659e-02,1.369002064157453721e-02
-4.310272114668005361e-02,-2.963098101848045743e-02
2.955310724765129043e-02,2.917040640416887487e-02
-1.594959788734391995e-02,1.605817864549320684e-02
6.072624473254798622e-02,-2.422261296204498981e-02
-1.545630492894108782e-02,1.238404685203131281e-02
-3.685713778658782080e-02,-1.807320437192611040e-02
8.595969559681348321e-03,3.350918904603066711e-02
1.234864686116145249e-02,3.258398224333039495e-02
2.832164338943082491e-02,2.203893128672473542e-02
-4.307534047682025358e-02,-3.113071707286484135e-02
9.545704253660249050e-02,-1.287965083303564129e-01
6.414368702451187648e-03,3.089868894601546789e-02
-1.489318838342474152e-02,1.567130663369909263e-02
-2.387665448163553070e-02,5.435252257433362613e-03
3.287162963600984839e-02,2.684884366782991361e-02
5.802489189199747793e-02,4.564115007641429689e-03
9.767656324137292956e-03,4.050518157046417711e-02
3.480098456883574942e-02,1.482591047586556687e-02
2.051796616924829800e-02,3.362731075725368390e-02
4.094171735987382071e-02,1.620308045595473048e-02
-4.501689341536629224e-02,-3.565322841299920636e-02
-4.557100256429955087e-02,-3.255316893888583057e-02
3.713814104674389993e-02,2.632288137466282790e-02
-5.560561754925569256e-02,-5.895332027652424450e-02
-7.071491181079947452e-02,-1.209652781947735539e-01
2.418385834602235218e-02,2.801116349450998716e-02
2.165288647298336047e-02,2.631776071803481470e-02
2.936668601315466434e-02,3.885685230292741654e-02
6.287633443760549945e-03,2.754219556037397487e-02
1.863452772720790296e-02,6.677098857328184200e-02
-4.469954269975397881e-02,-3.110286546377758268e-02
6.680057509862218079e-02,-1.074615827580043849e-02
3.310738159040595499e-03,4.208125488554746718e-02
4.220123573103783284e-03,3.878886233118331722e-02
-3.680799579422908835e-02,-1.898441360479120182e-02
