-2.004364499999999882e+00,1.041151099999999968e-01
-1.711067899999999975e+00,-7.004208000000000656e-02
-1.171490399999999932e+00,4.416180299999999948e-01
-1.450930999999999971e+00,3.423952800000000241e-01
-1.705000899999999930e+00,-7.306145000000000000e-02
-1.812926299999999991e+00,-3.656916699999999965e-02
-1.854778500000000108e+00,1.996128400000000136e-01
-1.781240900000000016e+00,-9.901269999999999516e-02
-2.846430799999999817e+00,6.134549000000000252e-01
-1.865539999999999976e+00,1.975907399999999869e-01
-2.946200600000000058e+00,1.103969800000000001e+00
-1.756963100000000111e+00,6.986483000000000276e-02
-1.716605099999999995e+00,5.837905399999999689e-01
-1.439515099999999936e+00,-7.498526599999999487e-02
-3.783836800000000000e+00,1.372022400000000086e+00
-3.510319700000000154e+00,1.338964100000000101e+00
-1.002444899999999972e+00,2.655562799999999779e-01
1.122111100000000028e-01,1.338400599999999940e+00
-1.112671600000000094e+00,2.387413399999999963e-01
-1.791110900000000061e+00,6.307017999999999791e-01
-1.053048999999999902e+00,1.285575300000000032e-01
-1.264823400000000042e+00,1.284001800000000026e-01
-1.148078799999999955e+00,1.412068300000000054e-01
-3.600522999999999918e+00,1.506960400000000089e+00
-3.607989799999999914e+00,1.512636400000000103e+00
-3.091987099999999877e+00,8.878222999999999532e-01
-3.081352700000000167e-01,9.155335000000000001e-01
-1.131844000000000072e+00,3.032281399999999794e-01
-1.535304000000000002e+00,4.365327999999999986e-01
-1.296117299999999917e+00,3.198484500000000064e-01
-1.560029499999999958e+00,4.943590199999999824e-01
-1.460670600000000041e+00,3.442263999999999879e-01
-1.022000000000000020e+00,1.698238800000000104e-01
-2.840391200000000005e+00,8.521387999999999741e-01
-1.348459800000000097e+00,4.742093399999999792e-01
-7.901833000000000329e-01,1.667239000000000082e-01
-3.761652499999999844e+00,1.370867300000000011e+00
-1.275966200000000050e+00,3.382842999999999822e-01
-1.757454000000000072e+00,5.101390999999999565e-01
-1.560059499999999932e+00,5.190316999999999847e-01
-1.319216100000000003e+00,3.851512699999999900e-01
-1.556727300000000092e-01,8.905773000000000161e-01
-9.316889999999999894e-01,1.025916300000000031e-01
-1.642214099999999899e+00,5.003344400000000469e-01
-3.223326699999999878e+00,1.336782700000000101e+00
-1.301312900000000106e+00,3.134707800000000044e-01
-3.801699000000000161e+00,1.519674399999999981e+00
-3.381488000000000049e+00,1.282748100000000058e+00
-1.301883700000000088e+00,3.212525800000000098e-01
-1.716630700000000065e+00,5.751071599999999506e-01
-8.265865399999999807e-01,1.281413600000000041e+00
-3.412234799999999790e+00,1.287604900000000052e+00
-1.749341400000000046e+00,6.199594999999999967e-01
-4.027694199999999891e-01,7.034224000000000032e-01
-3.061630699999999816e+00,1.164970599999999967e+00
-1.816958199999999968e+00,5.853842000000000212e-01
-1.394220400000000026e+00,3.478137299999999876e-01
-3.481814400000000198e+00,1.283913400000000093e+00
-3.044963399999999876e+00,1.201344500000000037e+00
-6.313264399999999991e-03,9.204050999999999760e-01
-1.132286499999999974e+00,3.500302000000000135e-01
-3.023210800000000198e+00,1.089313399999999987e+00
-1.134537499999999977e+00,2.326384800000000086e-01
-1.177057400000000031e+00,3.599513799999999875e-01
-1.387872500000000064e+00,3.192254299999999767e-01
-4.676152800000000220e-01,1.184691200000000055e+00
-1.361783100000000024e+00,3.636630000000000140e-01
-1.348379900000000076e+00,3.917701000000000100e-01
-1.476224200000000097e+00,3.402519999999999989e-01
-1.336649500000000046e+00,3.598330299999999982e-01
-1.350805999999999951e+00,2.255193699999999968e-01
-1.232912299999999961e+00,3.296831499999999804e-01
-3.652180200000000099e+00,1.517262799999999912e+00
-1.230829600000000079e+00,4.085456700000000274e-01
-7.098252000000000450e-01,9.325261000000000244e-01
-1.440704800000000008e+00,4.662343299999999746e-01
-1.759954299999999972e+00,1.038534200000000018e-01
-1.211922200000000061e+00,4.723826999999999887e-01
-1.439099399999999918e+00,4.157649999999999957e-01
-1.715135599999999982e+00,4.687329800000000213e-01
-1.315340799999999977e+00,4.635410300000000206e-01
-1.191933200000000026e+00,4.234120200000000001e-01
-1.364508499999999902e+00,3.581713699999999889e-01
-1.745042800000000005e+00,-8.264657999999999727e-02
-3.276113000000000053e+00,1.213815199999999983e+00
-2.047673699999999819e+00,-3.696701199999999909e-01
-1.868182999999999927e+00,-9.036505000000000232e-01
-1.653883699999999957e+00,-8.280120999999999662e-03
-1.729393200000000075e+00,1.582086099999999995e-01
-1.765582800000000008e+00,-7.223779599999999856e-01
-1.585233399999999904e+00,1.644842299999999978e-03
-2.912430800000000097e+00,7.995286000000000337e-01
-1.042421700000000007e+00,4.806165999999999910e-02
-1.318335000000000035e+00,1.174350900000000086e+00
-8.464920999999999696e-01,3.438906400000000252e-01
-3.262653999999999832e-01,7.428252699999999820e-01
-3.262048500000000129e+00,1.200310100000000046e+00
-1.991783599999999987e+00,2.079398299999999922e-01
-1.138740899999999945e+00,1.052145700000000073e+00
-3.715272999999999826e+00,1.456204000000000054e+00
-1.877653100000000075e+00,2.314980600000000055e-01
-7.335712300000000186e-01,8.998774000000000495e-01
-2.084092599999999962e+00,-5.432915699999999459e-01
-1.957922900000000022e+00,9.076992999999999867e-02
-1.778566599999999998e+00,-1.345850499999999951e-03
-1.678975300000000059e+00,-1.133674100000000018e-01
-1.669165299999999963e+00,-1.973219199999999909e-02
-1.726312999999999986e+00,7.981665999999999761e-02
-1.562578699999999987e+00,-9.142551000000000150e-02
-1.942831399999999986e+00,2.433356299999999972e-01
-1.119632200000000077e+00,3.676664499999999780e-01
-1.724654200000000026e+00,2.910056000000000101e-02
-1.591064699999999998e+00,-5.905644599999999855e-02
-1.578719900000000065e+00,4.991406500000000190e-01
-2.070760700000000121e+00,2.212690400000000002e-01
-1.756814499999999946e+00,3.669802999999999815e-01
-1.714989799999999898e+00,1.184720499999999954e-01
-1.629738799999999932e+00,-5.252227599999999968e-02
-6.770880000000000232e-01,8.169961000000000029e-01
-1.072374099999999997e+00,2.500611999999999835e-01
-1.283171000000000062e+00,1.612678999999999918e-01
-1.301412999999999931e+00,4.854526200000000014e-01
-1.112550499999999998e+00,2.315403199999999939e-01
-1.167396399999999890e+00,4.374474999999999891e-01
-1.609272999999999954e+00,3.534270999999999940e-02
-9.900592599999999965e-01,3.348126000000000158e-01
-1.341732300000000100e+00,2.907811399999999935e-01
-1.422228800000000071e+00,8.447082999999999675e-02
-1.627937900000000049e+00,5.022543699999999500e-01
-1.100747200000000037e+00,3.644750999999999963e-01
-1.094077699999999931e+00,2.686883999999999939e-01
-1.229072600000000071e+00,2.283570500000000059e-01
-1.711114599999999930e+00,4.155047000000000046e-01
-1.274155399999999938e+00,6.221974000000000254e-02
-6.896360000000000268e-01,5.306007000000000362e-01
-5.907537000000000482e-01,8.072213499999999486e-01
-1.687433500000000031e+00,3.882603999999999916e-02
-6.956985599999999659e-01,9.187463000000000157e-01
-1.692503000000000091e+00,3.910441700000000242e-02
-1.646218100000000018e+00,2.385400199999999828e-03
-1.862240400000000073e-01,9.763591000000000353e-01
-8.916423300000000385e-01,2.162633499999999931e-01
-6.582600499999999855e-01,8.764210999999999530e-01
-3.294925500000000174e+00,1.255191900000000027e+00
-3.447689000000000004e+00,1.152405399999999913e+00
-4.624720800000000076e-01,1.192126299999999972e+00
-1.599549300000000063e+00,7.830916999999999739e-02
-1.248553999999999942e+00,3.366745400000000221e-01
-1.591313600000000106e+00,4.356607999999999661e-03
-1.021470700000000065e+00,2.190148199999999989e-01
-7.727155999999999469e-01,2.985171400000000141e-01
-6.205914599999999837e-01,7.623117000000000365e-01
-1.651426000000000061e+00,2.063915099999999968e-03
-1.134853399999999901e+00,3.437467200000000056e-01
-1.666183799999999993e+00,1.605062999999999976e-02
-8.854931999999999803e-01,2.813925999999999927e-01
-8.611841999999999553e-01,1.886115399999999942e-01
-1.506796800000000047e+00,-5.797350799999999998e-02
-9.299822399999999600e-01,2.334514599999999995e-01
-9.635454399999999753e-01,2.709595599999999882e-01
-1.167645700000000009e+00,4.261141999999999985e-01
-1.236975300000000111e+00,3.900242999999999904e-01
-1.207544600000000079e+00,4.590132000000000101e-01
-3.005764000000000102e+00,1.261823499999999987e-01
-8.254108399999999790e-01,2.330312599999999901e-01
-3.176142000000000132e-01,1.191524299999999981e+00
-1.143330200000000074e+00,3.731507000000000018e-01
-1.074790799999999935e+00,3.159899700000000089e-01
-1.151735699999999918e+00,4.725093499999999946e-01
-1.330111499999999891e+00,5.296855599999999997e-01
-1.029989000000000043e+00,4.353602500000000042e-01
-1.469562299999999988e+00,5.268464999999999954e-01
-2.858936299999999875e+00,1.182908000000000071e+00
-5.722490999999999550e-01,9.163932999999999662e-01
-1.214103900000000014e+00,5.062415999999999583e-01
-6.698435000000000361e-01,8.691651999999999711e-01
-8.693242700000000101e-01,2.734532399999999863e-01
-1.380164900000000028e+00,3.766022299999999823e-01
-8.501519600000000398e-01,2.010538699999999956e-01
-8.151475999999999722e-01,1.537948799999999949e-01
-1.182333700000000043e+00,4.277295999999999876e-01
-1.107122799999999962e+00,-5.809460000000000318e-02
-1.079988200000000065e+00,3.766727999999999743e-01
-3.138633000000000006e+00,9.473241999999999496e-01
-8.768285500000000399e-01,6.428760000000000030e-02
-1.411707499999999893e+00,3.091385999999999856e-01
-3.266381299999999932e+00,1.337913300000000083e+00
-1.563209800000000094e+00,5.719415500000000208e-01
-3.752963000000000271e-01,1.154165399999999897e+00
-1.504297500000000065e+00,6.032135999999999748e-02
-1.070342899999999986e+00,3.188753699999999913e-01
-1.210374000000000061e+00,3.657380599999999760e-01
-1.467036999999999924e+00,5.197388499999999745e-01
-1.050174699999999905e+00,4.540518499999999791e-01
-1.183142499999999986e+00,3.757112300000000071e-01
-2.939078799999999880e+00,9.057243999999999851e-01
-2.735793800000000164e+00,7.249877999999999600e-01
-9.111985000000000223e-01,3.013886000000000065e-01
-5.053391499999999592e-01,1.075601500000000099e+00
-1.583856099999999989e+00,4.616038800000000220e-01
-3.700756399999999835e-01,1.150324499999999972e+00
-5.525654599999999528e-01,1.143719200000000047e+00
-1.786913399999999985e+00,6.555313000000000390e-01
-1.471153500000000003e+00,6.085673000000000332e-01
-1.775492999999999932e-01,1.061119900000000005e+00
-8.479953999999999548e-01,9.984498499999999721e-02
-1.246281600000000100e+00,5.525986999999999982e-01
-1.340599899999999955e+00,6.010169400000000550e-01
-9.033841000000000232e-01,2.790003400000000133e-01
-1.030743600000000093e+00,3.897746799999999845e-01
-1.348271699999999962e+00,4.268896999999999831e-01
-1.136929000000000078e+00,2.797032899999999864e-02
-1.558024199999999970e+00,6.131460699999999875e-01
-1.373584399999999928e+00,5.702947000000000433e-01
-1.405375400000000052e+00,6.737637499999999946e-01
-1.501142399999999988e+00,6.101885400000000015e-01
-1.062915400000000066e+00,4.479751599999999834e-01
-1.539217800000000080e+00,9.860076000000000604e-03
-1.277416499999999955e+00,4.048624000000000112e-01
-1.057307400000000008e+00,1.752155699999999872e-01
-8.586036599999999908e-01,2.274212499999999915e-01
-7.466391999999999474e-01,2.148382699999999979e-01
-1.525985499999999995e+00,6.819863299999999739e-01
-1.670082300000000020e+00,6.725306500000000076e-01
-1.350977000000000094e+00,3.828047500000000269e-01
-1.117625499999999938e+00,3.572429400000000088e-01
-4.865140000000000020e-01,1.232813099999999995e+00
-1.642874500000000015e+00,5.779286599999999829e-01
-1.227422000000000013e+00,3.466640400000000066e-01
-1.635049299999999928e+00,6.836360999999999688e-01
-1.492723299999999975e+00,5.955394000000000521e-01
-1.198341300000000054e+00,3.539795000000000025e-01
-1.044604700000000053e+00,2.935889400000000204e-01
-9.880355600000000349e-01,2.184228500000000017e-01
-1.395699400000000034e+00,4.594210400000000027e-01
-7.498544499999999502e-01,1.417834199999999933e+00
-1.313410299999999920e+00,7.660936000000000135e-02
-1.420962999999999976e+00,-6.846351999999999993e-02
-5.998145299999999569e-01,9.891621999999999915e-01
-1.105065600000000092e+00,2.472725500000000076e-01
-1.050060299999999947e+00,1.430156200000000100e-01
-1.445455300000000110e+00,3.342738700000000285e-02
-1.488318299999999983e+00,2.846251400000000126e-02
-5.531827999999999745e-01,8.998680000000000012e-01
-1.409124100000000102e+00,5.250656000000000212e-01
-1.605045700000000020e+00,6.780213000000000489e-01
-4.778928800000000199e-01,1.356940299999999988e+00
-1.779634699999999903e+00,2.346978200000000014e-01
-8.560368000000000421e-01,7.632754400000000272e-01
-1.893685599999999969e+00,4.778893300000000011e-01
-1.708694699999999900e+00,7.218588999999999700e-01
-7.252768000000000548e-01,9.508429000000000464e-01
-9.147919399999999701e-01,1.534210899999999933e+00
-1.512981899999999991e+00,8.875743000000000174e-03
-1.154101599999999950e+00,4.186260700000000168e-01
-1.023141400000000090e+00,2.158146400000000020e-01
-1.640452900000000103e+00,5.301601999999999704e-01
-4.424762700000000049e-01,1.215109800000000018e+00
-1.205793899999999974e+00,3.269427400000000095e-01
-1.213924400000000015e+00,3.248427199999999737e-01
-1.736763000000000057e+00,5.887238399999999983e-01
-1.722092600000000084e+00,6.882964400000000094e-01
-8.685036299999999709e-01,1.505055400000000043e+00
-1.224209499999999951e+00,3.773577000000000181e-01
-1.659415199999999979e+00,7.694759399999999694e-01
-9.019502400000000142e-01,1.602156799999999937e+00
-1.577726699999999926e+00,6.294485300000000061e-01
-1.417507199999999967e+00,4.486567699999999825e-01
-1.610879699999999914e+00,6.799908000000000063e-01
-8.441273999999999722e-01,1.527778400000000092e+00
-1.643509099999999945e+00,6.158427600000000446e-01
-1.680334800000000017e+00,6.402666599999999875e-01
-8.900297999999999821e-01,1.480951300000000082e+00
-1.745343599999999995e+00,6.569268999999999803e-01
-1.535941100000000059e+00,4.436692999999999887e-01
-1.829361900000000096e+00,2.696336200000000183e-01
-8.936737000000000153e-01,1.620756999999999892e-01
-1.071379300000000034e+00,3.546099400000000124e-01
-1.349337199999999903e+00,4.309353200000000106e-01
-1.328242499999999993e+00,5.165750999999999538e-01
-1.631798499999999930e+00,6.412970000000000059e-01
-1.670155599999999962e+00,5.339557499999999512e-01
-7.150866000000000167e-01,1.454649000000000081e+00
-2.102536600000000089e-01,1.056648299999999985e+00
-1.204190899999999953e+00,1.219135800000000103e+00
-1.499317199999999906e+00,6.016787999999999581e-01
-1.746440500000000062e+00,6.006559000000000204e-01
-1.256362800000000002e+00,2.692738000000000076e-01
-1.210202100000000058e+00,4.057041399999999909e-01
-1.104856300000000013e+00,3.849562400000000051e-01
-1.702289200000000058e+00,6.325553999999999899e-01
-1.696684000000000081e+00,6.781779000000000002e-01
-7.016318999999999750e-01,8.802073000000000258e-01
-1.221043600000000007e+00,3.467407800000000262e-01
-1.539391299999999907e+00,6.757151999999999603e-01
-1.644640099999999938e+00,6.788401600000000258e-01
-1.969395199999999901e+00,3.659484000000000070e-01
-2.645846000000000031e-01,1.009144100000000099e+00
-1.603033500000000000e+00,5.681124300000000016e-01
-1.267387899999999901e+00,9.594613000000000447e-02
7.656163000000000274e-01,2.452295299999999845e+00
-1.320900100000000021e+00,5.627636299999999592e-01
-6.180708400000000102e-01,1.133071500000000009e+00
-1.799544500000000102e+00,6.921394499999999894e-01
-1.562228399999999962e+00,4.925788200000000283e-02
-1.718320800000000093e+00,6.423847700000000494e-01
-1.197800200000000093e+00,3.398710799999999921e-01
-7.819546000000000552e-01,1.441853300000000004e+00
-9.333742000000000427e-01,1.458382599999999973e+00
-5.416986999999999775e-01,1.237906500000000021e+00
-1.385983699999999930e+00,4.581711299999999820e-01
-1.526499300000000003e+00,-2.361948800000000098e-02
-1.322241000000000000e+00,4.467736500000000222e-01
-4.564049499999999759e-01,1.197049500000000100e+00
-1.275920900000000024e+00,3.671347500000000097e-01
-1.424391699999999927e+00,4.472706300000000024e-01
-1.163294199999999945e+00,-8.340924999999999902e-04
-2.102144400000000024e-01,7.849846499999999505e-01
-1.186712699999999954e+00,3.965563200000000177e-01
-9.842992000000000408e-01,4.106271300000000068e-02
-7.677743999999999680e-01,1.081654899999999975e+00
-1.075460199999999977e+00,1.118055699999999986e+00
-8.319986499999999507e-01,1.325412000000000035e+00
-1.463893499999999959e+00,5.670960999999999919e-01
-1.672520299999999960e+00,6.497927999999999482e-01
-1.844394400000000100e+00,2.599860999999999978e-01
-8.301686600000000027e-01,1.539668599999999943e+00
-8.864139300000000166e-01,1.563950200000000068e+00
-1.450342199999999915e+00,3.840352599999999894e-01
-1.012781099999999990e+00,1.093952700000000000e+00
-3.832941400000000054e-01,1.264050700000000083e+00
-8.266657600000000272e-01,2.066756200000000043e-01
-1.427966400000000080e+00,3.543638299999999908e-01
-9.429964400000000468e-01,2.726678799999999736e-01
-1.332102799999999920e+00,4.015717200000000209e-01
-9.630735999999999741e-01,9.078357000000000232e-01
-1.418233899999999936e+00,2.963912799999999792e-01
-1.830177299999999896e+00,5.265223999999999460e-01
-1.704630099999999926e+00,5.864580000000000348e-01
-1.744833199999999973e+00,6.045304500000000525e-01
-1.016437400000000046e+00,1.274112799999999879e-01
-3.405869599999999942e-01,1.019140799999999958e+00
-1.021239900000000089e+00,2.545271499999999798e-01
-8.920090000000000519e-01,8.126269999999999327e-02
-8.618091300000000343e-01,1.503879200000000083e+00
-1.382830299999999957e+00,-6.073703600000000119e-02
-1.208051100000000044e+00,1.192272299999999952e+00
-1.463759400000000044e+00,-1.280736199999999922e-02
-1.157380800000000098e+00,1.666027300000000044e-01
-1.172125300000000037e+00,-3.737764799999999943e-02
-1.023707700000000109e+00,1.006500050000000007e-01
-1.226461800000000046e+00,2.799961000000000255e-01
-1.061291299999999937e+00,1.903067200000000125e-01
-1.140030899999999958e+00,2.476361099999999926e-01
-3.869856600000000091e-01,1.253018100000000024e+00
-8.991287399999999819e-01,1.694064700000000034e-01
-8.772610400000000475e-01,2.273793199999999959e-01
-8.203203999999999496e-01,2.150639599999999985e-01
-4.628771199999999753e-01,8.002422500000000438e-01
-9.427728699999999851e-01,2.209494999999999931e-01
-9.534468699999999464e-01,1.692732299999999968e-01
-9.442867600000000028e-01,2.015126299999999981e-01
-1.898434900000000036e+00,2.216437800000000125e-01
-1.272016800000000059e+00,5.019651699999999606e-01
-4.335574200000000267e-01,1.145397800000000021e+00
-1.139047499999999991e+00,2.903271299999999888e-01
-7.534832000000000196e-01,1.591114700000000048e-01
-1.282597699999999952e+00,4.090563999999999867e-01
-1.344254000000000060e+00,3.312830600000000181e-01
-2.209820200000000012e-01,9.766909499999999467e-01
-9.609147300000000502e-01,2.708587599999999762e-01
-1.327097500000000041e+00,4.685902599999999807e-01
-8.567332600000000520e-01,1.504311299999999907e+00
-4.180464999999999876e-01,6.138786999999999994e-01
-2.041215899999999916e-01,9.996379600000000476e-01
-9.276792400000000161e-01,1.432943700000000042e+00
-1.758368699999999896e+00,6.354254499999999473e-01
-9.855002000000000484e-01,2.087461700000000087e-01
-1.394932599999999967e+00,4.280778000000000083e-01
-1.484201600000000010e+00,5.901359999999999939e-01
-1.140663399999999994e+00,2.628780000000000006e-01
-1.428389399999999920e+00,4.704620199999999808e-01
-4.031174200000000041e-01,1.208947500000000064e+00
-1.372725500000000043e+00,9.757039499999999865e-01
-8.159532000000000451e-01,1.544933600000000018e+00
-1.344831200000000004e+00,3.928901599999999883e-01
-4.423593599999999793e-01,1.109732399999999952e+00
-1.565407500000000063e+00,5.343426000000000009e-01
-9.496994600000000508e-01,1.592657400000000001e+00
-1.142039299999999979e+00,3.401873400000000047e-01
-1.673222800000000010e+00,5.421195000000000180e-02
-1.966043200000000102e+00,2.074899500000000063e-01
-8.619179999999999620e-01,5.409710999999999687e-02
-1.446791299999999891e+00,1.598573899999999881e-01
-1.068200800000000061e+00,2.042546699999999993e-01
-1.262202000000000046e+00,4.107070999999999916e-01
-1.042449200000000076e+00,1.584872599999999909e-01
-9.667573000000000416e-01,1.111949000000000076e+00
-1.297191699999999948e+00,4.674880000000000146e-01
-2.045987600000000128e+00,2.156356600000000068e-01
-1.495384499999999894e+00,-2.143556300000000123e-02
-2.047683000000000142e+00,2.873566000000000176e-01
-9.165531399999999884e-01,7.491955999999999616e-02
-1.851214600000000043e+00,1.187677000000000038e-01
-9.742480500000000321e-01,8.573187999999999642e-02
-2.019874999999999865e-01,9.214403599999999583e-01
-1.734941499999999914e+00,2.461981199999999925e-01
-4.600585700000000000e-01,1.217997299999999949e+00
-1.225178099999999937e+00,5.206475999999999882e-01
-9.576833999999999625e-01,3.182132500000000030e-01
-1.377551600000000098e+00,8.992000999999999467e-01
-1.162098800000000098e+00,2.827932799999999802e-01
-1.275624400000000103e+00,5.791028000000000286e-01
-4.822591199999999856e-01,1.119757399999999903e+00
-1.635361199999999959e+00,6.280143999999999727e-01
-1.191580000000000084e+00,3.919418499999999805e-01
-1.091883799999999960e+00,2.221127699999999872e-01
-1.861454100000000000e+00,2.563002699999999967e-01
-1.189570400000000028e+00,3.886916599999999944e-01
-1.418077100000000090e+00,4.514536299999999946e-01
-4.372587499999999738e-01,1.224964399999999953e+00
-1.597189300000000090e-01,9.158372000000000179e-01
-1.359497200000000072e+00,5.358590500000000034e-01
-1.255471000000000004e+00,3.990517299999999934e-01
-8.869652999999999565e-01,8.385803599999999691e-02
-1.553597899999999976e+00,5.999334499999999792e-01
-5.561548499999999784e-01,1.227521199999999979e+00
-8.687308000000000252e-01,1.430601000000000012e+00
-1.629859900000000028e+00,6.618073599999999557e-01
-1.141224299999999969e+00,4.664269699999999963e-01
-1.640011700000000072e+00,7.591545600000000338e-01
-1.882225500000000107e+00,2.444756000000000012e-02
-8.190870999999999569e-01,1.440470099999999976e+00
-1.907898199999999989e+00,3.303810699999999989e-01
-9.421123999999999610e-01,2.464108200000000026e-01
-7.672563999999999496e-01,1.323439000000000032e+00
-9.568584999999999452e-01,2.448589499999999919e-01
-1.496610800000000019e+00,-9.874916000000000249e-02
-1.779489400000000110e+00,3.494774399999999726e-01
-1.543574000000000002e+00,1.510838599999999865e-01
-1.750499199999999922e+00,1.785386499999999932e-01
-8.153962500000000446e-01,1.467906699999999898e+00
-1.614864099999999913e+00,5.940083999999999920e-01
-5.356294499999999514e-01,1.017972499999999947e+00
-1.526739800000000091e+00,5.426444999999999741e-01
-1.029726600000000047e+00,3.658891000000000226e-01
-9.342479999999999674e-01,3.729949599999999865e-01
-1.080457000000000001e+00,3.095972499999999905e-01
-1.315743000000000107e+00,-1.812157199999999968e-01
-5.225168500000000327e-01,1.250725199999999981e+00
-6.460474999999999968e-01,9.316724499999999853e-01
-1.222210400000000030e+00,3.611647499999999789e-01
-1.189271799999999990e+00,3.759203999999999879e-01
-1.072023200000000065e+00,1.526666600000000096e-01
-8.174389600000000478e-01,1.325175299999999945e+00
-1.021792000000000034e+00,2.097150100000000073e-01
-6.188540999999999626e-01,1.261954000000000020e+00
-7.535087999999999786e-01,1.201669000000000098e+00
-1.943400000000000016e+00,1.917463799999999940e-01
-1.531293400000000027e+00,-2.765491599999999901e-03
-1.983862400000000026e+00,1.701945400000000053e-01
-1.510129800000000078e+00,-1.313375200000000131e-01
-1.712043500000000051e+00,-1.236553600000000058e-01
-9.218193999999999555e-01,9.965121999999999591e-01
-4.643121700000000240e-01,1.220987700000000009e+00
-1.085096800000000083e+00,1.093115300000000012e+00
-7.343275500000000511e-01,1.104861400000000105e+00
-1.388657299999999983e+00,3.358947600000000144e-01
-8.915750999999999538e-01,1.297784300000000002e+00
-5.868168999999999746e-01,1.305582000000000020e+00
-1.714459399999999967e+00,3.826543700000000214e-01
-1.950706700000000016e+00,6.140919799999999817e-02
-1.817379800000000101e+00,5.806839999999999780e-01
-1.701335199999999936e+00,-7.048792399999999347e-02
-2.096883300000000006e+00,2.096143799999999890e-01
-4.239544000000000090e-01,1.260955800000000071e+00
-8.222660999999999998e-01,9.154210000000000402e-01
-2.099881200000000003e+00,1.912484000000000128e-01
-2.025729399999999902e+00,1.485913399999999884e-01
-1.584061600000000070e+00,3.315957199999999827e-01
-1.591037500000000104e+00,3.045738000000000056e-01
-2.278230699999999942e+00,2.838542800000000144e-01
-2.214628700000000006e+00,2.678461999999999787e-01
-1.166635000000000089e+00,1.091392300000000093e+00
-2.008346299999999918e+00,5.770222000000000406e-01
-1.827850299999999928e+00,6.398020399999999608e-01
-1.099463499999999927e+00,1.444799900000000026e+00
-4.965071699999999977e-01,1.205986000000000002e+00
-1.361646899999999993e+00,2.733085199999999992e-01
-1.325374100000000110e+00,3.293385500000000077e-01
-2.205332499999999918e+00,5.165880000000000472e-01
-3.846153999999999962e-01,9.817779699999999998e-01
-4.502895199999999987e-01,1.099845900000000043e+00
-1.059309800000000079e+00,1.422589700000000068e+00
-8.553101400000000520e-01,1.388605400000000101e+00
-1.697896700000000036e+00,-1.124244699999999986e-01
-1.546181699999999992e+00,3.711179199999999900e-01
-1.140919599999999923e+00,1.340625200000000072e+00
-2.280700700000000136e+00,1.720359300000000036e-01
-1.892257899999999937e+00,1.236894699999999958e-01
-1.196294799999999992e+00,1.056455700000000109e+00
-1.542188200000000009e+00,-5.137525500000000162e-02
-1.650294499999999998e+00,5.308795600000000281e-01
-1.874241599999999952e+00,6.636944399999999966e-01
-1.390567499999999956e+00,3.425418700000000261e-01
-1.271587000000000023e+00,1.094124700000000061e+00
-2.023983199999999982e+00,2.435887599999999875e-01
-1.545265099999999947e+00,-7.669806999999999320e-02
-1.457642199999999999e+00,3.538397999999999821e-01
-1.541301100000000091e+00,3.816833499999999768e-01
-2.185163999999999884e+00,-4.832471600000000089e-01
-6.804032300000000255e-01,7.894763000000000197e-01
-1.912700400000000078e+00,2.445931699999999986e-01
-2.295693599999999890e+00,1.263062699999999983e-01
-1.341513299999999909e+00,2.333328400000000136e-01
-8.938650500000000498e-01,1.325658699999999968e+00
-1.891859500000000027e+00,-8.740049599999999419e-02
-1.262322399999999956e+00,3.067512499999999753e-01
-1.683661999999999992e+00,4.490502199999999999e-01
-1.840886400000000034e+00,-3.119369199999999856e-02
-1.552929900000000085e+00,-1.399881400000000005e-02
-6.276800000000000157e-01,1.097338399999999936e+00
-8.458811600000000208e-01,1.364924900000000108e+00
-6.044570999999999694e-01,7.965508700000000220e-01
-1.956311200000000028e+00,-1.185045799999999983e-01
-1.436268600000000006e+00,3.805960400000000243e-01
-9.922302400000000411e-01,1.525257099999999921e+00
-1.814891000000000032e+00,-5.738172300000000253e-02
-1.214978799999999914e+00,1.165232199999999940e+00
-1.461414999999999909e+00,-2.833868599999999835e-02
-7.438472499999999599e-01,8.761499499999999552e-01
-2.214136100000000162e+00,3.306895200000000146e-01
-2.023760799999999804e+00,1.949917200000000073e-01
-1.349393400000000076e+00,1.287965999999999944e+00
-1.233426300000000086e+00,1.220264800000000038e+00
-1.754619099999999987e+00,5.609060999999999908e-02
-1.639448299999999970e+00,-5.048155800000000276e-02
-2.829388100000000072e+00,-1.727734800000000071e-01
-2.275765400000000049e+00,-7.068655000000000077e-02
-2.016000000000000014e+00,3.555031399999999953e-01
-9.183040000000000092e-01,1.504546600000000067e+00
-8.880225400000000269e-01,1.303476300000000032e+00
-1.097739699999999985e+00,1.071459799999999962e+00
-2.138687599999999911e+00,-5.914068000000000103e-01
-2.066840599999999917e+00,2.881606199999999784e-01
-9.675495600000000307e-01,9.630800999999999945e-01
-1.832338100000000081e+00,-2.076298400000000169e-02
-1.840730200000000094e+00,-1.301952450000000081e-02
-1.601959200000000028e+00,-2.398583300000000154e-02
-7.770517000000000118e-01,8.610794499999999685e-01
-1.776696300000000006e+00,4.027328000000000158e-02
-1.957706100000000005e+00,4.130931999999999660e-02
-9.401091999999999782e-01,8.835777599999999898e-01
-2.210576500000000166e+00,2.652879399999999999e-01
-2.188186200000000081e+00,2.365886700000000009e-01
-2.209410200000000213e+00,2.147097000000000033e-01
-1.134640899999999952e+00,1.060087100000000060e+00
-2.475783299999999798e+00,-2.086145899999999886e-01
-1.960100900000000035e+00,1.372854400000000086e-01
-1.918485400000000007e+00,1.626400299999999910e-02
-1.823843499999999951e+00,3.861539000000000204e-03
-1.628193000000000001e+00,-4.968166399999999691e-03
-1.820849399999999951e+00,8.564861999999999476e-02
-1.172476199999999968e+00,1.200674400000000031e+00
-1.213701099999999977e+00,1.066853199999999946e+00
-1.745615700000000103e+00,-3.626210600000000228e-02
-9.677089500000000122e-01,1.451931099999999919e+00
-1.971201699999999946e+00,1.497780999999999973e-01
-1.471491600000000011e+00,3.910750700000000246e-01
-2.236466000000000065e+00,2.081326000000000009e-01
-1.288367999999999958e+00,1.131305199999999900e+00
-1.456939100000000042e+00,4.144638199999999828e-01
-1.796689600000000109e+00,6.585836400000000430e-03
-1.528430200000000072e+00,-1.215048700000000009e-01
-7.619226599999999738e-01,8.023460500000000328e-01
-2.132010999999999878e+00,2.345513700000000090e-01
-1.540712999999999999e+00,-1.588367099999999921e-01
-1.334638999999999909e+00,3.454715600000000109e-01
-1.160620900000000066e+00,1.169557600000000086e+00
-1.808772400000000058e+00,2.292569699999999835e-02
-3.750985000000000014e-01,1.051277500000000087e+00
-5.758351699999999518e-01,8.932552999999999743e-01
-7.005038000000000098e-01,8.937583999999999529e-01
-1.390528200000000103e+00,3.272610599999999925e-01
-7.643058999999999825e-01,8.728242999999999974e-01
-6.215846999999999900e-01,7.083323999999999732e-01
-2.191475899999999921e+00,1.377642199999999928e-01
-1.754172800000000088e+00,9.609376000000000029e-02
-1.349875900000000017e+00,3.776192999999999911e-01
-1.122193500000000066e+00,1.139613399999999999e+00
-7.732367999999999464e-01,1.005886599999999964e+00
-1.179980000000000029e+00,2.854571000000000192e-01
-6.530289000000000232e-01,6.811131000000000268e-01
-1.251280299999999901e+00,-2.467486000000000124e-01
-9.915623999999999549e-01,1.480708499999999983e+00
-1.729206100000000079e+00,-8.897690499999999503e-02
-1.852626799999999907e+00,-6.259289399999999615e-02
-1.146214499999999914e+00,1.016869199999999918e+00
-1.829489499999999991e+00,1.892559200000000106e-03
-6.388207000000000191e-01,1.368201100000000059e+00
-9.293269499999999850e-01,1.481088799999999983e+00
-1.097057900000000030e+00,1.122495900000000102e+00
-1.752952300000000019e+00,5.193085699999999694e-01
-1.470158599999999982e+00,1.609348700000000076e-01
-2.026174500000000211e+00,3.083207299999999873e-01
-7.072129000000000332e-01,1.210286100000000031e+00
-1.022468300000000108e+00,1.471577599999999986e-01
-1.807554399999999895e+00,1.788737599999999997e-02
-1.726539499999999894e+00,-6.783437000000000494e-02
-5.951100599999999963e-01,1.273052300000000026e+00
-1.592260800000000032e+00,3.008270299999999883e-02
-6.280703499999999995e-01,1.153510299999999988e+00
-1.720137999999999945e+00,-1.278926300000000071e-01
-8.136014000000000301e-01,9.233883600000000191e-01
-1.940649000000000068e+00,6.667935999999999308e-02
-1.904539600000000110e+00,2.642575500000000077e-01
-6.044100999999999502e-01,8.367297999999999680e-01
-2.296343799999999824e+00,2.498059900000000055e-01
-1.696472900000000061e+00,5.242308999999999858e-02
-1.870719999999999938e+00,-6.310812400000000155e-02
-2.276874499999999912e+00,-3.673319999999999919e-01
-2.074394999999999989e+00,2.065423700000000029e-01
-1.672990999999999895e+00,-1.469620799999999949e-01
-1.504489900000000047e+00,-2.232283200000000079e-01
-1.580307700000000093e+00,-8.909633000000000136e-02
-1.603800499999999962e+00,-6.289103599999999739e-02
-6.722696999999999701e-01,1.314733900000000011e+00
1.583408699999999947e-01,1.232697399999999943e+00
-1.699249999999999927e+00,4.574581999999999780e-03
-2.249023999999999912e+00,2.912081499999999989e-01
-5.822773999999999450e-01,1.228182600000000013e+00
-1.364028000000000018e+00,-3.640958700000000020e-02
-1.170281899999999986e+00,1.603745500000000046e-01
-2.323961999999999861e+00,2.410727300000000128e-01
-7.118584000000000023e-01,6.218673000000000117e-01
-2.011090300000000219e+00,1.784241299999999864e-01
-1.987885499999999972e+00,-1.000458750000000029e-02
-7.621172000000000502e-01,9.183257000000000225e-01
-1.367124800000000029e+00,-1.308433300000000077e-01
-1.522857099999999964e+00,-2.066926000000000041e-01
-1.837085999999999997e+00,1.553888999999999965e-01
-4.144767999999999786e-01,1.132284899999999928e+00
-1.875458000000000069e+00,1.736456200000000005e-01
-1.569092399999999943e+00,-1.663143599999999944e-01
-1.110286200000000001e+00,1.880367500000000025e-01
-1.597001099999999951e+00,-7.258486999999999578e-02
-4.553953700000000215e-01,7.269621000000000555e-01
-4.403154000000000234e-01,7.049995000000000012e-01
-1.738972799999999985e+00,-1.527396299999999874e-01
-1.079163199999999989e+00,1.494021299999999997e+00
-1.360406999999999922e+00,4.542953000000000130e-01
-1.810141299999999953e+00,1.397705999999999948e-01
-1.145871499999999932e+00,1.014602260000000006e-01
-1.966685199999999911e+00,-8.183010999999999757e-02
-1.778460900000000011e+00,-2.620441500000000173e-02
-1.372081399999999896e+00,-2.057043299999999908e-01
-2.100220699999999940e+00,2.309585700000000019e-01
-1.704625800000000080e+00,6.405033000000000254e-02
-7.290064000000000544e-01,1.326446699999999979e+00
-7.716020000000000101e-01,1.279701600000000106e+00
-1.679300100000000073e+00,1.715705100000000094e-01
-8.695842999999999767e-01,9.784786699999999948e-01
-1.948938700000000024e+00,8.284165000000000278e-02
-1.297913799999999895e+00,1.243284800000000079e+00
-1.640628100000000034e+00,-3.177637999999999990e-02
-7.866844499999999796e-01,9.998418000000000028e-01
-5.082018400000000158e-01,1.309983600000000026e+00
-1.631348400000000032e+00,-1.108989340000000046e-01
-1.594905599999999923e+00,-2.303225500000000148e-02
-1.129571799999999904e+00,2.775710499999999858e-01
-1.022939299999999996e+00,1.467053299999999894e+00
-1.925747400000000109e+00,8.249935499999999644e-02
-1.244952300000000012e+00,1.331730799999999992e-01
-1.479421400000000109e+00,-1.344367300000000043e-01
-1.056374799999999947e+00,1.315153199999999911e-01
-8.853733999999999771e-01,9.641713499999999826e-01
-9.337282999999999555e-01,1.002055499999999988e+00
-2.087286000000000197e+00,2.907236500000000001e-01
-6.429025999999999907e-01,8.629945500000000269e-01
-1.544309699999999896e+00,6.049411000000000094e-01
-1.011468000000000034e+00,9.156054999999999611e-01
-1.755119799999999897e+00,1.748599100000000021e-03
-2.039765599999999957e+00,2.824309999999999876e-01
-9.352205000000000101e-01,1.005503899999999895e+00
-2.075106400000000129e+00,1.508625899999999909e-01
-2.031424499999999966e+00,1.861072800000000138e-01
-9.363280000000000491e-01,8.868538999999999728e-01
-7.665186499999999681e-01,1.345761699999999950e+00
-1.646457700000000024e+00,-8.517469499999999472e-02
-1.176790100000000061e+00,1.029925299999999933e+00
-1.351106499999999988e+00,4.071948200000000129e-01
-1.493001500000000092e+00,-1.650190500000000005e-01
-1.123955800000000060e+00,4.077316999999999747e-01
-4.585216999999999765e-01,1.252571000000000101e+00
-1.103074899999999969e+00,5.856546800000000247e-02
-1.311158999999999963e+00,3.114594800000000108e-01
-1.030168399999999984e+00,1.527013799999999977e+00
-6.648952999999999669e-01,1.265654599999999963e+00
-1.356618899999999961e+00,2.877600499999999895e-01
-1.286999500000000074e+00,3.356353999999999727e-01
-1.525710300000000075e+00,-2.070216799999999996e-02
-1.479544299999999923e+00,4.149117800000000078e-01
-1.216041600000000056e+00,-3.107737300000000258e-01
-1.522059700000000015e+00,1.006849900000000020e-01
-1.259339699999999951e+00,4.006233000000000155e-01
-1.518270000000000008e+00,-2.482165000000000066e-01
-3.757133799999999857e-01,1.090350500000000000e+00
-1.532122900000000065e+00,-1.725897799999999982e-01
-1.712073699999999921e+00,8.551495000000000624e-02
-7.374853000000000103e-01,9.866165999999999547e-01
-1.371559500000000043e+00,-2.968139000000000194e-01
-1.337547000000000041e+00,3.580398300000000034e-01
-1.111661100000000069e+00,1.865811500000000012e-01
-1.231519299999999983e+00,3.792000400000000160e-01
-1.471540199999999965e+00,-1.688424599999999998e-01
-1.454614000000000074e+00,-1.475565600000000033e-01
-1.205401100000000003e+00,4.016800200000000265e-01
-1.878354899999999938e+00,9.194615999999999206e-03
-9.280521000000000464e-01,1.533255500000000104e+00
-1.467081999999999997e+00,4.506107300000000149e-01
-7.985619999999999941e-01,8.698585599999999474e-01
-8.350908999999999693e-01,8.652623000000000397e-01
-1.698464399999999985e+00,-9.391516000000000794e-03
-1.528948699999999938e+00,-1.737338800000000072e-01
-1.710307800000000045e+00,2.528127299999999994e-02
-1.667381599999999908e+00,-1.240054440000000063e-01
-1.648875499999999938e+00,-2.486427500000000165e-02
-1.610035200000000000e+00,-1.095162300000000061e-02
1.323468100000000092e-01,1.065786200000000017e+00
-1.623873600000000028e+00,-1.019227199999999944e-01
-7.887088700000000063e-01,1.021418099999999995e+00
-1.470141300000000095e+00,-5.136814299999999806e-02
-8.541450499999999613e-01,9.656269600000000342e-01
-6.632393599999999445e-01,9.527373000000000092e-01
-1.425568600000000075e+00,-3.292381800000000053e-02
-2.039697400000000105e+00,1.425844900000000082e-01
-7.870705000000000062e-01,2.042607399999999962e-01
-1.233633759999999968e-01,9.047958000000000389e-01
-9.313517000000000046e-01,6.652599600000000390e-02
-9.399711499999999775e-01,1.464714400000000083e-01
-9.130277999999999450e-01,4.962326599999999921e-02
-1.249207299999999909e+00,-1.150595549999999939e-01
-8.169321999999999973e-01,7.560587000000000557e-02
-3.301584700000000094e-02,9.742878000000000371e-01
-1.470025099999999973e+00,-1.594251100000000088e-01
-8.919768300000000538e-01,1.133835299999999963e-01
-8.801755999999999469e-01,9.998450999999999866e-02
-1.530445999999999973e+00,-1.778417399999999982e-01
-1.443279999999999896e+00,-5.111547599999999997e-02
-9.078572999999999782e-01,5.794491000000000225e-02
-9.382390999999999648e-02,8.876836999999999644e-01
-2.296433400000000014e-01,4.529206199999999960e-01
-1.535716000000000081e+00,9.205101000000000255e-02
-1.168824400000000097e+00,3.420626500000000236e-01
-1.461802199999999941e+00,-6.895648000000000055e-02
-1.371278400000000008e+00,-1.191798899999999967e-01
-1.651485400000000103e+00,-9.374037000000000341e-02
-1.327509599999999956e+00,-1.371814000000000089e-01
-1.459613599999999956e+00,-9.101488000000000633e-02
-1.334030199999999944e+00,-3.527428000000000230e-01
-1.206786200000000031e+00,-3.038723199999999736e-01
-1.474636099999999894e+00,-4.793846599999999902e-02
-1.125230699999999917e+00,-2.145632000000000095e-01
-1.231176400000000060e+00,-3.652135000000000242e-01
-3.633279200000000264e-01,5.511405000000000332e-01
-1.538381999999999916e+00,-8.361095000000000332e-02
-1.358137700000000003e-01,9.275306500000000121e-01
-8.451813000000000242e-01,-6.818283999999999456e-02
-1.466083499999999984e-01,8.016794299999999707e-01
-1.054158600000000057e+00,9.036320999999999937e-02
-8.489489999999999537e-01,1.576329200000000097e-01
-1.257503700000000002e+00,-1.595765500000000114e-01
-1.316124800000000095e+00,-5.556089799999999745e-02
4.691513199999999828e-01,-6.612344999999999473e-01
-1.153949300000000067e+00,-3.488106699999999893e-01
-1.476184200000000057e+00,-9.154953000000000396e-02
5.929510599999999743e-01,-1.044160399999999989e+00
-1.069271099999999919e+00,-4.324188999999999949e-01
-9.817217000000000304e-01,-3.488034300000000254e-01
-3.820053999999999950e-01,4.903299999999999881e-01
-1.541792599999999958e+00,3.805129999999999901e-01
1.173678900000000080e+00,-2.727249999999999952e-01
-1.285168199999999983e+00,-2.706409399999999965e-01
2.958973599999999982e-01,-1.293835199999999963e+00
-1.243553899999999990e+00,-4.017017500000000241e-01
-4.622942199999999779e-01,7.361096999999999779e-01
-4.438483700000000337e-02,9.082782999999999829e-01
-8.682376000000000538e-01,4.829245800000000338e-02
-8.809065999999999841e-01,1.179317399999999932e-01
-7.425989499999999799e-01,-4.117980599999999589e-03
9.077318300000000173e-01,-5.344016000000000322e-01
-1.913821099999999942e-01,1.022164499999999920e+00
-3.289875400000000227e-01,1.004989600000000038e+00
-3.261325999999999947e-01,1.047937899999999978e+00
-2.682591699999999912e-01,1.008852199999999977e+00
-1.130325900000000106e+00,-3.038104200000000255e-01
-7.956349000000000338e-01,4.489858399999999833e-02
-1.237322999999999951e+00,-2.810135000000000272e-01
-1.397518899999999897e+00,-2.974026799999999748e-01
2.813979400000000131e-01,-1.072386700000000026e+00
-1.784012300000000106e+00,1.519270099999999957e+00
-9.422754599999999536e-01,1.097884400000000094e+00
-1.155164599999999986e+00,3.637651199999999974e-01
-2.299743300000000046e-01,1.040358399999999905e+00
1.231557999999999931e+00,-1.006627099999999990e-02
2.783464199999999833e-01,-9.635008600000000145e-01
6.295247000000000481e-01,-1.035931500000000005e+00
5.857250699999999588e-01,-8.422528999999999710e-01
-9.786162999999999945e-01,1.652695000000000136e-01
-3.279361700000000268e-01,9.767189600000000249e-01
-2.626262999999999792e-01,9.839766599999999475e-01
1.030654699999999924e+00,-3.181319200000000125e-01
9.101233499999999976e-01,-2.919994599999999885e-01
1.046235400000000038e+00,-3.733951999999999827e-01
-6.568650600000000006e-01,6.926673700000000045e-01
-1.498636499999999927e+00,-1.592588400000000126e-01
1.041652299999999975e+00,-3.488624000000000169e-01
4.037564399999999942e-01,-7.765571500000000293e-01
-1.079047300000000043e+00,1.735479699999999958e-01
-1.149544600000000028e+00,-2.022796699999999948e-01
1.182934200000000047e+00,-4.314741000000000271e-01
9.640071399999999846e-01,-5.303145999999999693e-01
5.137083000000000066e-01,-7.895782000000000078e-01
5.067443999999999837e-01,-7.427129999999999566e-01
5.990993000000000013e-01,-1.089175199999999899e+00
-9.837659600000000504e-01,2.871496999999999938e-02
1.141192200000000101e+00,-3.458759200000000034e-02
-9.870547000000000348e-02,7.016017399999999737e-01
-7.237768999999999453e-01,3.774497000000000269e-02
-5.203522999999999898e-01,7.567366399999999604e-01
1.267752900000000071e+00,-1.157812899999999950e-01
-1.033926200000000017e+00,3.048925399999999897e-01
6.035524599999999573e-01,-1.193753400000000076e+00
3.834192799999999735e-01,-7.595435400000000170e-01
-1.337870700000000079e+00,-5.497713399999999695e-02
4.772635000000000072e-01,-1.215816900000000089e+00
-1.474428899999999931e+00,-2.402327999999999963e-01
-9.748603700000000316e-01,-4.767300999999999900e-01
8.288033999999999679e-01,-3.422895400000000032e-01
-1.046626899999999916e+00,7.419145000000000600e-02
-3.591166000000000080e-01,1.014497399999999994e+00
-3.551880399999999827e-01,1.043740600000000018e+00
-6.529158000000000184e-02,-1.059921899999999972e+00
2.955759199999999920e-01,-7.977918400000000299e-01
-1.032318599999999975e+00,2.220575200000000082e-01
2.855343799999999765e-01,-1.369413599999999898e+00
1.010474899999999954e+00,-5.883125999999999634e-01
1.727541700000000124e-01,-1.081698700000000013e+00
-4.255000400000000238e-01,5.223168999999999729e-01
-1.379730899999999982e+00,-2.085226199999999919e-01
1.846447599999999911e-01,-1.284618599999999944e+00
-9.029662999999999995e-01,-1.208502099999999961e-02
4.447106699999999746e-01,-9.441786399999999579e-01
2.700350999999999724e-01,-1.097392900000000004e+00
-2.919843200000000194e-01,9.043113999999999875e-01
1.192753600000000080e+00,-1.363381399999999966e-01
-9.418306400000000522e-01,8.906554599999999544e-01
-1.585703599999999991e+00,-9.657891000000000392e-02
1.217878100000000074e+00,-1.020858139999999969e-01
1.273045800000000005e+00,-3.312658700000000178e-01
1.074978800000000012e+00,-3.565752799999999945e-01
-4.743094999999999950e-01,4.390610999999999819e-01
-2.315021800000000018e-01,8.589197400000000426e-01
-1.613986300000000096e+00,1.769821299999999875e-01
4.262508199999999747e-01,-7.975738999999999468e-01
-2.587652200000000180e-01,2.983311000000000157e-01
-1.452090699999999956e-01,4.309683999999999737e-01
-1.371796999999999933e+00,-3.351886299999999874e-01
3.444232300000000246e-01,-1.231488200000000033e+00
-8.196839700000000395e-01,4.021649000000000057e-02
7.305335400000000368e-01,-1.025089499999999987e+00
5.203917000000000126e-01,-7.517144700000000235e-01
1.098869400000000107e+00,-4.602753500000000275e-01
-6.347065999999999819e-02,8.894752999999999687e-01
-7.682959999999999789e-01,1.630619500000000111e-01
-1.180978800000000106e+00,4.249018399999999751e-01
-1.230350499999999903e+00,-1.566685600000000123e-01
-4.761381399999999875e-01,7.422352399999999628e-01
-1.312361499999999959e+00,-2.022822200000000126e-01
1.121555800000000103e+00,-6.120946000000000442e-01
3.765598499999999738e-01,-1.135219500000000048e+00
-1.321721600000000052e+00,-1.027544700000000005e-01
4.023491000000000151e-01,-1.350419999999999954e+00
-9.967335499999999682e-01,4.148619199999999951e-01
-2.356729499999999922e-01,1.040713400000000011e+00
2.616972300000000029e-01,-1.086618400000000095e+00
-1.279927000000000037e+00,-1.890476299999999943e-01
-1.354206199999999916e+00,-1.643022399999999883e-01
1.934716099999999883e-01,-1.212537600000000104e+00
-1.727255500000000055e+00,-5.257551700000000494e-01
-9.899099000000000093e-01,1.587626299999999879e-01
-1.034456800000000065e+00,-2.495608800000000127e-01
1.434478200000000037e-01,-1.484174399999999894e+00
4.479248499999999855e-01,-1.120732999999999979e+00
4.543588199999999966e-01,-1.089821600000000057e+00
-3.924795699999999998e-01,6.885425400000000362e-01
3.274598699999999862e-01,-1.077530300000000052e+00
8.227479500000000057e-01,-3.505574799999999769e-01
-1.235965999999999898e+00,-1.883480499999999891e-01
1.227903699999999931e+00,-3.911928199999999967e-01
-1.320435500000000095e+00,-1.020601240000000021e-01
-7.035335999999999812e-01,1.575856399999999991e-01
3.526633399999999918e-01,-1.126111700000000049e+00
1.702933299999999928e-01,-1.203869999999999996e+00
2.112718799999999952e-01,-1.070655600000000041e+00
-1.323395099999999935e+00,-1.341933600000000115e-01
-1.910516499999999951e+00,-4.751826499999999842e-01
3.473071500000000089e-01,-1.220277499999999904e+00
-1.728859300000000099e+00,-4.438647600000000248e-01
4.032021199999999972e-01,-1.151223000000000107e+00
-1.732142599999999977e+00,6.463885999999999799e-01
-1.660067600000000088e+00,6.893407000000000284e-01
-4.143288700000000158e-01,1.002709899999999932e+00
-1.192770499999999956e+00,3.223828000000000249e-01
4.447092400000000056e-01,-1.041540700000000097e+00
-3.289806800000000253e-01,-1.543023100000000092e+00
-2.103159400000000068e-01,-1.614900699999999967e+00
-3.710396300000000092e-01,-1.589909100000000075e+00
-4.439806600000000270e-01,-1.618992200000000103e+00
4.238177499999999931e-01,-1.164228199999999935e+00
1.157750400000000068e+00,-2.446326900000000137e-01
-2.306169600000000097e-01,-1.561257600000000023e+00
4.041096599999999817e-01,-1.225280499999999995e+00
1.236379739999999977e-01,-1.181909099999999935e+00
9.759061999999999459e-01,-6.197980000000000156e-02
2.251839599999999886e-01,-1.051061400000000035e+00
1.097224500000000047e+00,-3.006487999999999938e-01
-1.405476799999999971e+00,-2.083610899999999988e-01
-1.990715899999999927e-01,3.980337400000000248e-01
1.532643399999999989e-01,-9.859540500000000263e-01
4.911467400000000261e-01,-1.218122399999999939e+00
-1.239026299999999914e+00,-8.264615000000000156e-02
3.533868199999999904e-01,-1.287910499999999958e+00
-2.815776999999999863e-02,-1.068537999999999988e+00
-2.373011100000000095e-01,-1.449271399999999987e+00
3.347980999999999874e-01,-1.224400799999999956e+00
-2.007406700000000210e+00,-1.160603499999999899e+00
-8.704046600000000522e-01,-2.221693099999999879e-02
3.827974199999999994e-01,-1.174724099999999938e+00
-1.343886300000000089e+00,-2.538172000000000206e-01
-3.547665199999999741e-01,-1.328429300000000035e+00
-9.991761999999999588e-01,-2.379655799999999891e-02
-1.156729700000000083e+00,-4.356592300000000084e-01
-1.142111499999999946e+00,-2.101825200000000116e-01
-2.265141300000000080e-01,-8.325531999999999933e-01
-8.598618999999999568e-01,-4.095672999999999675e-02
2.591485399999999828e-01,-1.292830499999999994e+00
-1.548146599999999928e-01,-8.756087000000000176e-01
-9.018962000000000367e-01,2.024543599999999999e-01
-1.448713399999999929e+00,-7.624458000000000624e-02
-3.854606199999999760e-01,5.452487499999999487e-01
-3.496847499999999886e-01,-1.276230500000000045e+00
3.474837499999999801e-01,-7.604893400000000137e-01
3.157332999999999945e-01,-1.373463399999999890e+00
-1.163713900000000079e+00,2.289507500000000084e-01
-1.339051699999999900e-01,-8.326335000000000264e-01
-4.747279999999999833e-01,-2.096289599999999975e+00
3.989375800000000138e-01,-1.173793599999999993e+00
-1.034212799999999932e+00,2.656271199999999943e-01
-3.157526999999999973e-01,-1.498237700000000006e+00
-1.401386400000000032e+00,-2.378581999999999919e-01
-1.113266799999999890e+00,-3.128114300000000014e-01
3.964305499999999927e-01,-1.162713000000000108e+00
-1.038111199999999901e+00,2.594997299999999840e-01
-1.019507500000000011e+00,2.082918300000000111e-01
-9.869313000000000391e-02,-8.334921600000000375e-01
-8.388706000000000218e-01,5.390007000000000131e-02
4.234418999999999822e-01,-1.431041699999999972e+00
-1.034093499999999999e+00,3.403529499999999874e-01
-3.393333999999999934e-02,-8.074159600000000436e-01
-1.009654899999999911e+00,2.791390699999999891e-01
-1.409332900000000111e+00,4.168207600000000124e-01
-1.070273400000000041e+00,2.212501799999999907e-01
4.919532500000000086e-01,-7.812562600000000357e-01
-3.277333700000000238e-01,-1.480471799999999893e+00
-1.245582200000000084e+00,3.114344800000000135e-01
-1.284973600000000049e-01,-1.460497600000000062e+00
-1.322441999999999895e+00,-1.345903300000000080e-01
-2.782481299999999824e-01,-1.628967300000000007e+00
-3.237109499999999973e-01,-1.448420500000000111e+00
-2.594232599999999889e-01,-1.533427499999999943e+00
-1.960573200000000016e+00,-8.150821299999999603e-01
-5.277551999999999799e-01,-2.263910999999999785e+00
2.501330999999999971e-01,-1.265900400000000037e+00
-4.553395499999999818e-01,-1.289003600000000027e+00
9.872897000000000478e-01,-4.445226999999999928e-01
1.563899499999999998e-01,-1.422175500000000037e+00
-1.291632700000000078e+00,2.584667999999999966e-01
4.643405700000000080e-01,-9.993549600000000144e-01
-3.092644199999999843e-01,-1.583960199999999929e+00
-7.634997399999999823e-01,2.779960600000000101e-02
3.217456300000000047e-01,-1.431647099999999950e+00
-1.167503699999999922e+00,-4.477812600000000143e-01
-1.177041199999999899e+00,-2.929619800000000107e-01
-5.134625400000000228e-01,-2.190524299999999869e+00
2.156079999999999941e-01,-1.294711799999999968e+00
-1.188682299999999969e+00,-2.936894999999999922e-01
2.612109200000000131e-01,-1.336271299999999940e+00
-4.391663699999999726e-01,-1.174211499999999964e+00
-1.250538300000000103e+00,2.319752300000000045e-01
2.128970599999999991e-01,-1.338943999999999912e+00
-1.398322800000000088e+00,-2.131472000000000089e-01
-1.317443399999999931e+00,-1.951604600000000078e-01
-4.472215999999999969e-01,-1.434312999999999949e+00
-1.125019299999999944e+00,-4.582184599999999941e-01
-5.352968999999999644e-01,-1.852641500000000052e+00
-2.161602099999999915e-01,-1.581309099999999912e+00
4.197544000000000275e-02,8.936068400000000134e-01
-1.112087499999999896e+00,7.997877999999999932e-02
-8.711153000000000368e-01,1.721973699999999885e-01
3.103690700000000247e-01,-1.162398100000000101e+00
-1.197633100000000006e+00,2.108343500000000037e-01
1.663547799999999868e-02,-1.025861899999999993e+00
-3.454363999999999768e-01,-1.516858100000000098e+00
-9.453460000000000196e-01,3.743694000000000188e-02
-1.357670900000000014e+00,2.965427600000000163e-01
-9.387100999999999917e-01,-1.754965799999999909e+00
-1.449575000000000058e+00,-1.672652000000000028e-01
-9.473816999999999933e-01,1.434527299999999997e-03
-3.979105000000000003e-01,-1.209266900000000033e+00
-1.539091499999999946e-01,-1.129027699999999967e+00
2.793462299999999732e-01,-1.492701300000000009e+00
-1.968793600000000033e-01,-1.380579000000000001e+00
4.785573499999999925e-01,-1.397326999999999986e+00
-2.598275999999999919e-01,-1.463799499999999920e+00
-8.673149300000000395e-01,3.021713300000000019e-02
-1.849199800000000116e-01,-1.553697099999999942e+00
4.838777799999999796e-01,-1.381510299999999969e+00
5.103731999999999713e-01,-1.343254299999999901e+00
-9.159114000000000422e-01,8.228833000000000675e-02
-2.586637399999999753e-01,-1.494898800000000083e+00
-1.596070500000000003e-01,-1.523555599999999899e+00
-2.667643699999999729e-01,-1.239224099999999940e+00
-1.920227100000000131e-01,-1.423001600000000089e+00
-1.064953999999999956e+00,-3.776193299999999753e-01
-2.679063400000000206e-01,-1.436820999999999904e+00
-1.045802099999999957e+00,1.217784900000000031e-01
-1.678319499999999964e+00,-7.224886000000000363e-01
-7.535693999999999448e-01,-3.880159600000000070e-02
-1.454807299999999914e+00,-4.553606199999999937e-01
-1.288842999999999961e+00,-4.576000000000000068e-01
-4.128196000000000088e-01,-1.494240299999999966e+00
-1.053221200000000080e+00,-4.195573300000000061e-01
-1.337945099999999998e+00,5.158122000000000540e-01
-2.283549900000000077e-01,-8.443020599999999654e-01
-1.280152799999999952e-02,-7.959915400000000529e-01
-3.541216899999999890e-01,-1.397548199999999907e+00
4.380788800000000038e-01,-1.511818200000000001e+00
-2.779487700000000117e-01,-1.570100100000000110e+00
-7.844702599999999748e-01,1.489680700000000080e-01
-3.658344399999999830e-01,-1.413182699999999903e+00
9.473758999999999653e-02,-1.095610600000000101e+00
-1.847990999999999939e-01,-1.349011500000000030e+00
-2.382017399999999951e-01,-1.519348900000000002e+00
-1.671725799999999873e-01,-1.575938800000000084e+00
-9.385696999999999512e-01,2.688755700000000082e-01
-5.831212999999999536e-01,-1.613243100000000041e+00
-2.727139000000000091e-01,-1.516046000000000005e+00
-1.254457200000000050e+00,-1.050714199999999987e-01
1.671409600000000120e-02,-1.017537799999999937e+00
4.802646600000000099e-01,-1.555953099999999978e+00
3.043490600000000115e-02,-8.305736999999999703e-01
-3.190118399999999910e-01,-1.514504599999999979e+00
-3.542138300000000073e-01,-1.490399400000000041e+00
-7.491405599999999554e-01,-6.177772599999999809e-02
-8.673810999999999327e-02,-7.554418999999999995e-01
-1.145804599999999951e+00,2.872103500000000031e-01
-7.958172599999999708e-01,-4.232339000000000240e-02
-1.159085900000000002e+00,1.865300199999999908e-01
3.761161599999999772e-01,-1.515268899999999919e+00
-3.521801500000000251e-01,-1.491545399999999910e+00
-1.349361000000000033e-01,-8.931761000000000283e-01
-2.970853099999999913e-01,-1.443301299999999898e+00
-3.553771000000000013e-01,-1.469393399999999961e+00
1.660286199999999879e-01,-1.541116799999999953e+00
-2.031640499999999960e+00,-6.645916699999999677e-01
-1.416886000000000090e+00,-8.731041999999999970e-02
-2.939342300000000185e-01,-1.539274199999999926e+00
-7.274400999999999784e-02,-1.193702899999999900e+00
-4.943304000000000031e-01,-1.516943699999999895e+00
2.713293399999999744e-01,-1.529806699999999964e+00
-8.672930599999999490e-01,-1.018633099999999986e-01
4.099904300000000168e-01,-1.491071999999999953e+00
-3.863358800000000204e-01,-1.470926299999999909e+00
-8.759158000000000222e-01,6.727977999999999736e-02
-4.137072299999999814e-01,-1.500755099999999898e+00
3.402340999999999838e-01,-1.342260100000000067e+00
4.322641999999999873e-01,-1.487819400000000014e+00
-3.524679000000000006e-02,-1.026926800000000028e+00
-1.150077299999999969e+00,-5.234927999999999804e-01
4.175824499999999939e-01,-1.330637499999999918e+00
-3.541423699999999841e-01,-1.212840600000000046e+00
-1.078461399999999931e-01,-1.535141199999999984e+00
4.841126800000000174e-01,-1.461077500000000029e+00
3.170143400000000056e-01,-1.465724500000000097e+00
-2.896445999999999743e-01,-1.291813700000000065e+00
-3.392820699999999912e-01,-1.511130199999999979e+00
4.549007999999999940e-01,-1.355760199999999971e+00
-1.289885299999999901e+00,-1.788404399999999894e-01
-3.227485399999999727e-01,-1.426481000000000110e+00
2.187855200000000111e-01,-1.434129699999999952e+00
-3.206643499999999869e-01,-1.236507400000000034e+00
-1.304047500000000026e+00,-1.836277400000000115e-01
-1.288056099999999926e+00,-6.542470999999999703e-02
-1.199664800000000087e+00,-1.258949000000000040e-01
-9.638232599999999595e-01,1.057719740000000047e-01
-1.083884599999999976e+00,-2.058338000000000001e+00
-1.335053700000000121e-01,-1.535408300000000059e+00
-2.293225799999999981e-01,-1.581424500000000011e+00
4.129949199999999876e-01,-1.365687099999999932e+00
1.337111000000000029e-02,-8.630079600000000184e-01
7.091421000000000530e-02,-8.620784000000000225e-01
-9.746253499999999598e-03,-1.149090500000000015e+00
-1.012383099999999980e-01,-8.431386400000000503e-01
-1.482307899999999942e-02,-1.093153999999999959e+00
-8.170259000000000549e-02,-1.070537300000000025e+00
-9.727351699999999823e-01,-1.930679199999999929e+00
-1.194596500000000061e+00,-2.572489000000000026e-01
-1.000010000000000066e+00,-3.616200700000000157e-01
1.320768599999999904e-01,-1.435570699999999977e+00
-1.165777000000000063e+00,-2.743365500000000123e-01
-2.250769699999999873e-01,-1.525484099999999899e+00
-3.106393000000000071e-01,-1.549366999999999939e+00
-1.864741600000000110e+00,-1.104520200000000063e+00
-2.761643799999999871e-01,-1.507837499999999942e+00
-2.647618999999999945e-01,-1.505602600000000013e+00
-1.225406900000000077e+00,-4.144255000000000022e-01
-3.990402800000000250e-01,-1.534052699999999936e+00
-1.398536699999999966e+00,-2.136744899999999947e-01
-9.257150000000000101e-02,-1.621951600000000049e+00
-3.779104999999999825e-01,-1.346387999999999918e+00
-3.684109199999999751e-01,-1.453207499999999985e+00
-3.382064000000000181e-01,-1.203777400000000108e+00
-1.241384739999999987e-01,-8.205672499999999703e-01
3.302350000000000008e-01,-1.377162500000000067e+00
-9.264413000000000231e-01,-3.899701799999999996e-01
3.534024399999999844e-01,-1.324269499999999988e+00
5.656552299999999533e-01,-1.541245299999999929e+00
-1.005997999999999948e+00,-3.661823599999999845e-01
-7.679748499999999867e-02,7.241849999999999676e-01
-8.876482999999999457e-01,1.822978600000000060e-01
-6.860878500000000546e-01,-2.403731599999999954e-02
-3.179510999999999865e-01,-1.138511899999999910e+00
3.846734800000000121e-01,-1.186967799999999906e+00
-2.214918399999999954e-01,-1.450952299999999973e+00
-8.458398000000000305e-01,-2.394516000000000006e-02
-8.207183999999999313e-02,-7.995790000000000397e-01
-7.598018600000000511e-01,-4.268780400000000280e-02
3.380018499999999926e-01,-1.536402100000000104e+00
-3.051127499999999881e-01,-1.285514800000000069e+00
-6.470501400000000167e-03,-1.045659899999999976e+00
-2.191703600000000085e-01,-1.559703599999999968e+00
-1.034930499999999975e+00,-3.787974000000000063e-01
-1.319022899999999998e+00,-2.090723800000000021e-01
-2.287100599999999928e-01,-1.598212200000000083e+00
2.420590499999999978e-01,-1.545208200000000032e+00
-3.016391700000000120e-01,-1.240180300000000013e+00
-3.215770399999999807e-01,-1.580195900000000098e+00
-1.310987700000000089e+00,-3.080416999999999739e-01
-7.912175000000000180e-01,7.731318499999999998e-04
-2.950722000000000067e-01,-1.560920000000000085e+00
-9.964776600000000428e-01,-4.180458000000000229e-01
-2.711026000000000269e-01,-1.501500700000000021e+00
-3.231853499999999824e-01,-1.334152900000000086e+00
1.256396800000000036e-01,-1.262448299999999968e+00
-2.168872400000000089e-01,-1.572379799999999994e+00
-1.167729500000000087e+00,-1.966272400000000087e-01
-1.313607900000000051e+00,-4.516193299999999855e-01
-2.433272900000000016e-01,-1.500136099999999972e+00
-9.160576000000000274e-01,-8.573525000000000243e-03
2.334173300000000062e-01,-1.263723099999999988e+00
3.648584500000000008e-01,-1.264015099999999947e+00
-5.805802300000000027e-02,-9.122392999999999752e-01
-1.193938600000000072e+00,-1.312103400000000086e-01
4.499947999999999726e-01,-1.564559500000000103e+00
-2.343354800000000127e-01,-1.565669800000000000e+00
-2.806739200000000212e-01,-1.398372200000000065e+00
3.460092499999999904e-01,-1.410014899999999960e+00
6.062667000000000472e-01,-1.141588199999999942e+00
-1.727448099999999986e-01,-1.692763100000000076e+00
5.604541299999999948e-01,-8.104815499999999950e-01
-8.344616000000000255e-01,9.375672000000000172e-02
5.890189000000000119e-01,-1.162271999999999972e+00
2.915900999999999910e-02,-9.851459000000000188e-01
4.309226999999999919e-01,-1.196288100000000076e+00
1.145561340000000039e-01,-1.011191100000000009e+00
-1.181431399999999909e+00,-2.342221700000000073e-01
-9.158733999999999487e-01,1.629147400000000023e-01
-1.065675499999999998e+00,3.624076400000000170e-02
-2.346229600000000054e-02,-9.104796600000000240e-01
-8.301291499999999823e-01,2.452209600000000104e-03
-5.500489499999999810e-02,-8.617773699999999870e-01
5.193698399999999715e-01,-7.081011999999999862e-01
-7.948912399999999989e-01,8.729594999999999716e-02
9.379708999999999963e-02,-1.134067900000000018e+00
-6.032496700000000017e-02,-9.467414600000000346e-01
4.921617500000000089e-01,-1.009509599999999896e+00
-1.985039100000000056e-01,-9.295873599999999737e-01
4.987430600000000019e-02,-1.158461699999999928e+00
1.711249399999999947e-04,-9.436623499999999831e-01
-1.001380699999999901e+00,1.843344600000000055e-01
-1.122424199999999983e+00,2.545324999999999949e-01
6.057992599999999506e-01,-1.135073299999999952e+00
-1.181963699999999950e-01,-7.921890999999999794e-01
4.922080000000000205e-02,-1.089205100000000037e+00
-1.749670500000000128e-02,-1.085115000000000052e+00
-8.169298999999999311e-02,-1.424083200000000105e+00
-3.631526200000000093e-02,-1.071422799999999897e+00
5.686263999999999763e-01,-1.068683599999999956e+00
-9.284261000000000319e-01,1.700378399999999957e-01
4.799407700000000304e-02,-1.180867300000000064e+00
-1.287886400000000098e+00,2.884405299999999728e-01
-2.212240699999999949e-01,-1.055620599999999909e+00
1.035607459999999952e-01,-1.459920399999999896e+00
-1.204708899999999971e+00,-3.903131499999999976e-01
-1.349779599999999968e+00,-2.836622999999999784e-01
-1.355430200000000029e+00,-3.363421600000000011e-01
-4.745364799999999827e-01,-1.096635500000000096e+00
-1.668240399999999957e+00,-1.580747399999999914e-01
-5.636727799999999983e-02,-8.751424599999999554e-01
-1.560458200000000017e+00,-2.077608599999999917e-01
-1.235067499999999985e+00,1.828508399999999867e-01
4.466497999999999857e-01,-1.041544699999999990e+00
-1.387737400000000065e-01,-1.079808700000000066e+00
-2.882575999999999888e-02,-1.076785300000000056e+00
-1.687671500000000047e-01,-8.345297999999999883e-01
6.370317999999999814e-02,-1.147040400000000071e+00
-1.298895799999999934e+00,2.564808000000000088e-01
1.407941000000000054e-01,-1.394308799999999904e+00
-4.731618200000000107e-01,-1.466967899999999991e+00
-9.712039000000000089e-01,-1.908449799999999974e-01
-2.068556199999999901e-01,-1.531260999999999983e+00
-1.137957600000000014e+00,1.214926999999999951e-01
-9.614466999999999874e-01,9.283478600000000247e-02
-3.709241400000000133e-01,-1.933692699999999931e+00
-9.486879999999999757e-01,1.615912800000000038e-01
1.464180399999999993e-01,-1.417418000000000067e+00
-2.018800699999999892e+00,-1.111035299999999948e+00
5.549272299999999936e-01,-1.142032099999999994e+00
-6.514622599999999597e-01,-1.113168600000000064e+00
-1.517000600000000032e+00,-2.322008299999999970e-01
-1.777917999999999998e-01,-1.441973900000000031e+00
-2.305734799999999973e-01,-1.531666999999999890e+00
5.843758599999999970e-02,-1.072080099999999980e+00
-5.325691700000000361e-01,-1.561918300000000093e+00
-9.203184000000000364e-02,-8.984723700000000202e-01
-2.063888299999999953e-01,-7.872830600000000345e-01
-1.017658699999999916e+00,-2.071349099999999943e+00
-3.124892700000000013e-03,-1.148039199999999926e+00
-9.856345699999999876e-01,2.270694699999999955e-01
-1.720896700000000001e-01,-1.495404699999999920e+00
9.777993000000000101e-02,-1.098580200000000007e+00
-1.007972959999999946e-01,-8.837800000000000100e-01
5.489359000000000322e-01,-1.116607499999999975e+00
-3.460334800000000044e-01,-8.733352399999999571e-01
5.431548000000000487e-01,-1.173691199999999935e+00
5.085823999999999900e-01,-8.318960699999999875e-01
9.514987500000000528e-03,-1.229304699999999917e+00
-3.279316399999999965e-02,-1.181962299999999910e+00
-7.346236000000000432e-01,-1.578593499999999983e+00
-9.824266999999999861e-01,-1.795825800000000028e+00
2.650537000000000032e-01,-1.283012199999999936e+00
-1.018125900000000028e+00,2.401649200000000040e-02
3.851426199999999911e-01,-1.496430399999999938e+00
-7.552963499999999775e-02,-1.037607699999999911e+00
3.256852599999999764e-01,-1.411903700000000095e+00
-1.676144599999999929e-01,-1.498506799999999917e+00
3.327267799999999998e-01,-9.865249999999999853e-01
-3.293103000000000002e-02,-1.201797999999999922e+00
-7.956886000000000514e-02,-1.117390600000000012e+00
2.034509199999999865e-02,-1.065575600000000067e+00
-3.908477000000000201e-01,-1.484178400000000009e+00
-5.381761999999999935e-01,-1.522051100000000101e+00
-7.896579500000000529e-01,8.755235000000000101e-02
-1.934993500000000033e+00,-1.210149499999999989e+00
-7.398850300000000546e-01,1.217158100000000076e-02
-7.230562000000000378e-01,4.115614299999999920e-02
-4.930506299999999897e-01,4.841688300000000084e-02
-7.603193000000000312e-01,-4.890827999999999842e-02
-5.116500000000000492e-01,-1.562727299999999930e+00
-4.562514699999999923e-01,-1.570044900000000077e+00
-6.991803599999999765e-03,-1.141465100000000010e+00
-2.316566100000000128e-01,-1.116460599999999914e+00
-1.444113900000000006e-01,-1.536585499999999938e+00
-1.900298599999999949e-01,-1.629915599999999909e+00
-2.140037399999999979e-01,-1.537609599999999910e+00
1.843545400000000112e-01,-9.864406000000000008e-01
-7.822583300000000017e-01,9.364052000000000486e-02
-1.562792400000000137e-01,-1.075181699999999907e+00
-3.224813599999999947e-01,-1.593804800000000021e+00
-8.593452000000000313e-01,-2.073033900000000040e-02
-1.497487999999999930e+00,-1.228086100000000069e+00
-2.068333599999999939e-01,-1.524069099999999954e+00
3.897806400000000115e-01,-1.467694999999999972e+00
-4.977647000000000044e-01,-1.512315899999999935e+00
-2.657822400000000029e-01,-1.234249099999999988e+00
-8.960532999999999693e-02,-1.111487899999999973e+00
-2.945904999999999774e-01,-1.398836399999999980e+00
-7.349077000000000526e-01,-1.570802000000000032e-01
-3.795959999999999890e-01,-1.489222800000000069e+00
1.438032999999999950e-01,-1.315917000000000003e+00
2.382661699999999994e-01,-1.510840699999999925e+00
-4.492132699999999979e-01,-1.643647199999999975e+00
-4.402560300000000204e-01,-1.505859300000000012e+00
3.718694000000000166e-01,-1.515208399999999900e+00
-3.493564699999999745e-01,-1.371478299999999928e+00
3.530912399999999729e-01,-1.112160700000000002e+00
6.040993999999999531e-01,-1.067537699999999923e+00
-1.035063999999999984e+00,-2.322413200000000177e+00
-3.150404399999999772e-01,-8.482418699999999534e-01
-1.856592299999999973e+00,-1.138847100000000001e+00
-7.107811999999999464e-02,-1.201081499999999913e+00
-1.632357599999999964e+00,-6.533865300000000209e-01
-1.089376600000000028e+00,-4.398227000000000109e-01
2.623827000000000242e-01,-1.213178599999999996e+00
-1.324154400000000065e+00,-4.177312300000000089e-01
-1.249955499999999997e+00,-4.295267999999999864e-01
6.248839999999999950e-01,-1.107583999999999902e+00
-1.097381399999999951e+00,-4.646491700000000002e-01
3.265142999999999796e-01,-1.162123599999999923e+00
-1.618052100000000049e-01,-1.389202599999999954e+00
-9.091717000000000548e-02,-8.108992600000000106e-01
5.509751999999999983e-01,-1.096592900000000093e+00
-9.465535000000000476e-01,-5.383224000000000342e-02
-3.936110999999999915e-01,-1.155753000000000030e+00
-3.328976599999999841e-01,-1.442817199999999911e+00
-2.380274500000000015e-01,-8.947104000000000168e-01
2.838583000000000078e-01,-1.445998799999999918e+00
-9.050181999999999949e-01,-2.124140699999999882e+00
3.533899800000000341e-02,-1.371232299999999960e+00
-8.955552599999999641e-01,-3.090523200000000036e-03
-9.438490000000000490e-01,-8.071726999999999375e-02
-3.526636400000000005e-01,-1.558058699999999908e+00
-7.640550999999999870e-01,-6.794838999999999740e-02
-4.995806799999999992e-01,-1.459509500000000015e+00
-2.034501800000000138e+00,-1.118136400000000030e+00
4.204827500000000162e-01,-1.497876999999999903e+00
-2.091417299999999813e+00,-1.200046500000000016e+00
-3.743638400000000033e-01,-1.727027799999999891e+00
2.877055399999999818e-01,-1.520480499999999902e+00
-1.280418000000000112e-01,-1.108561499999999977e+00
-4.523891500000000176e-01,-1.611697900000000017e+00
-3.954441799999999785e-01,-1.499827599999999928e+00
-3.893766699999999803e-01,-1.527268999999999988e+00
-3.060010699999999861e-01,-1.270124599999999937e-01
-3.907594999999999819e-01,-1.550926599999999933e+00
-3.535209999999999742e-01,-1.461272200000000021e+00
-1.504239199999999999e+00,-1.197917899999999980e+00
-1.349382800000000104e+00,-3.805379300000000242e-01
-5.570296999999999610e-01,-2.102327299999999788e+00
1.351413099999999867e-01,-1.411543400000000004e+00
-9.728415999999999730e-01,-2.299847399999999986e+00
-3.453802200000000155e-01,-1.586830900000000044e+00
-7.997795300000000163e-01,-1.896628100000000039e+00
-3.837907299999999966e-02,-1.313320499999999891e+00
2.566798299999999977e-01,-5.726222399999999491e-01
-7.565161999999999720e-01,-1.059518460000000023e-01
-1.075123999999999969e+00,-3.400710199999999739e-02
-9.334778000000000242e-01,-3.519334800000000207e-01
3.018665300000000218e-01,-1.559071799999999897e+00
-5.163207699999999845e-01,-1.558144600000000102e+00
-3.562962700000000260e-01,-1.572678299999999973e+00
-1.650520100000000046e+00,-1.271458600000000105e+00
-6.426804999999999324e-02,-1.181153700000000084e+00
-6.925868999999999776e-02,-1.526358099999999940e+00
-9.875280000000000169e-02,-1.034472099999999894e+00
-5.950486999999999860e-01,-1.244245400000000057e+00
-4.952295999999999920e-01,-1.545390599999999948e+00
-1.806237699999999891e-01,-1.142957299999999954e+00
-4.681690299999999860e-01,-1.498040199999999933e+00
-1.181905500000000053e+00,-2.268537999999999943e+00
4.056081200000000164e-01,-7.800743599999999667e-01
-3.826030500000000001e-01,-1.626556899999999972e+00
-3.732859199999999933e-01,-1.493977499999999958e+00
-9.540046500000000096e-01,-2.901718000000000006e-02
-3.249077499999999952e-01,-1.408068000000000097e+00
-1.574807199999999907e-01,-1.211052400000000029e+00
-5.125434399999999613e-01,-1.228751699999999891e+00
-4.417570200000000002e-01,-2.466073599999999977e-01
-1.043777500000000025e+00,-6.325184000000000362e-02
-4.575116000000000183e-01,-1.771025199999999966e+00
-2.759010800000000208e-01,-1.732404800000000078e+00
-2.981167000000000122e-01,-1.363199499999999897e+00
2.919263799999999853e-01,-1.434541999999999984e+00
4.311645000000000061e-02,-7.768011999999999695e-01
-2.515899500000000066e-01,-1.086663699999999899e+00
-4.894727499999999842e-02,-1.229952099999999993e+00
1.877854999999999941e-01,-1.437548999999999966e+00
-2.312492100000000106e-01,-1.528329300000000002e+00
-2.151274699999999873e-01,-1.432599799999999979e+00
-2.260052600000000134e-01,-1.575180599999999931e+00
3.945425200000000077e-01,-1.585103600000000057e+00
-2.773889600000000177e-01,-1.577456100000000028e+00
3.244281399999999760e-01,-1.379463899999999965e+00
-2.528687700000000205e-01,-1.460324299999999909e+00
-8.456713000000000147e-01,-2.127292600000000089e+00
-5.208867799999999937e-02,-9.460484999999999589e-01
-2.213531400000000038e-01,-1.406919199999999925e+00
3.329658500000000076e-01,-1.537846800000000069e+00
4.765974000000000044e-01,-1.449632400000000043e+00
5.072820200000000002e-02,-1.438013999999999903e+00
4.447356000000000087e-01,-1.554143199999999947e+00
-2.088516699999999893e-01,-1.602520200000000061e+00
2.995515999999999734e-01,-1.396775700000000064e+00
-3.169762199999999752e-01,-1.797177000000000024e+00
1.238198600000000038e+00,-2.943209700000000151e-01
-1.402211199999999977e-02,-1.175656000000000034e+00
4.338443300000000002e-02,-1.120665299999999975e+00
6.092486000000000290e-01,-1.135745299999999958e+00
-1.660263499999999892e-01,-9.854325000000000445e-01
1.316547399999999993e-02,-1.131282799999999922e+00
-2.571120299999999914e-01,-1.548484100000000030e+00
-3.954807200000000078e-01,-1.512529500000000082e+00
2.315052200000000115e-01,-1.205031299999999916e+00
-1.115626700000000027e-01,-1.430720200000000109e+00
-2.666038600000000258e-01,-1.582844700000000104e+00
-1.851043699999999903e-01,-1.013025400000000076e+00
-3.138470400000000216e-01,-1.545672200000000052e+00
2.347332199999999924e-01,-1.004649399999999915e+00
-2.965051799999999793e-01,-1.656352300000000000e+00
1.396250699999999900e-01,-1.468976300000000013e+00
5.030704999999999760e-01,-1.015407299999999902e+00
2.719426200000000238e-01,-1.537330400000000097e+00
2.196841800000000067e-01,-1.396676400000000040e+00
-1.212109799999999904e+00,-4.648124000000000144e-01
-1.111931599999999909e+00,-2.243712200000000045e+00
-1.250836999999999977e+00,-4.782015700000000202e-01
-2.565277499999999988e-01,-1.536302599999999963e+00
-2.783486199999999910e-01,-1.590711100000000044e+00
-2.483894500000000116e-01,-1.435127299999999995e+00
-1.354074000000000000e+00,-2.796708600000000211e-01
-3.734733000000000080e-01,-1.542671399999999915e+00
4.331273000000000067e-02,-1.514584099999999989e+00
-9.091240000000000432e-02,-1.174558500000000061e+00
3.482367399999999891e-01,-1.503422899999999895e+00
-6.966292999999999791e-02,-1.153255600000000047e+00
-7.020073999999999759e-02,-1.108077399999999990e+00
-9.536505000000000676e-02,-1.194403899999999963e+00
-3.355251000000000206e-01,-1.284130299999999947e+00
-4.079317000000000082e-01,-1.498085499999999959e+00
1.975918399999999908e-01,-1.455937599999999943e+00
3.659114800000000112e-01,-6.332708599999999910e-01
-4.626810000000000089e-01,-1.476698199999999961e+00
-3.613984299999999927e-01,-1.584746400000000000e+00
-4.440490300000000112e-01,-1.444851399999999897e+00
-3.725469699999999773e-01,-1.428325899999999926e+00
-1.037428599999999923e+00,-4.313124999999999876e-01
-2.668539600000000012e-01,-1.483095199999999947e+00
3.113936800000000060e-01,-1.368562499999999904e+00
-3.043421800000000177e-01,-1.545599500000000015e+00
-1.995296799999999871e-01,-1.545686399999999905e+00
-4.434530999999999890e-01,-1.422218299999999935e+00
-9.035613500000000409e-01,-1.797041799999999911e+00
3.943604199999999893e-01,-9.848648300000000244e-01
-7.758057999999999899e-01,-1.582140600000000008e+00
4.148738399999999937e-01,-9.623545399999999805e-01
4.949089999999999878e-01,-1.179567500000000102e+00
-8.002787999999999569e-02,-1.011844799999999989e+00
-8.032352999999999854e-01,-1.023070199999999985e-01
-3.891745500000000080e-01,-1.062883899999999965e-01
5.467760599999999666e-02,-1.061312699999999998e+00
1.326242099999999924e-01,-1.144056399999999973e+00
-4.021480700000000241e-01,-1.350297000000000081e+00
-4.517174999999999940e-01,-1.469539900000000010e+00
-3.279675200000000124e-01,-1.451791899999999913e+00
-4.837080799999999847e-01,-1.414554199999999984e+00
-2.980847999999999831e-01,-1.774156899999999926e+00
-7.571643599999999807e-02,-1.228459200000000084e+00
2.312443899999999941e-01,-1.434229699999999941e+00
-1.433595400000000075e-01,-1.504411699999999907e+00
-2.350766400000000034e-01,-1.588774700000000095e+00
2.345417700000000105e-01,-1.435002600000000017e+00
4.049813199999999780e-01,-1.462579499999999921e+00
-1.306380499999999945e+00,-3.172037600000000013e-01
1.430909599999999893e-01,-1.583939299999999939e+00
-3.605219000000000062e-01,-1.562400000000000011e+00
-4.267997399999999830e-01,-1.270875800000000000e+00
4.093054999999999888e-01,-1.549367900000000020e+00
-2.629710000000000103e-01,-1.547359799999999952e+00
-2.926844699999999744e-01,-1.642415399999999970e+00
-3.494965400000000222e-01,-1.540260200000000079e+00
3.509563200000000160e-02,-1.069515599999999900e+00
-5.973003999999999536e-01,-1.985514800000000024e+00
-3.541752400000000023e-01,-1.587951200000000007e+00
-3.808097999999999761e-01,-1.695881200000000089e+00
-2.947636499999999882e-01,-1.683232999999999979e+00
-1.716923700000000108e-01,-1.511642799999999953e+00
-2.704821000000000031e-01,-1.610594999999999999e+00
-1.194687800000000077e+00,-3.991847600000000273e-01
-3.234484499999999985e-01,-1.581100699999999915e+00
3.415231699999999870e-01,-1.411965600000000043e+00
-2.953685500000000075e-01,-1.701168299999999967e+00
-3.056257000000000001e-01,-1.617131000000000096e+00
4.078954000000000191e-01,-6.447897000000000212e-01
-2.867239400000000105e-01,-1.591280800000000051e+00
-4.315479999999999872e-01,-1.544003500000000084e+00
-1.312772000000000050e+00,-1.690020700000000042e-01
2.205657400000000101e-01,-1.401774599999999982e+00
-2.970463300000000251e-01,-1.637573699999999910e+00
-2.031060199999999982e-01,-1.609326199999999929e+00
-1.427198000000000078e-01,-1.621385300000000029e+00
4.024348999999999843e-01,-1.668159799999999970e+00
1.882125099999999995e-01,-1.464057799999999965e+00
-3.860409599999999886e-01,-1.322415099999999955e+00
-3.792458499999999955e-01,-1.458472500000000061e+00
-3.823280000000000012e-01,-1.615089199999999892e+00
5.293208999999999831e-01,-1.554321800000000087e+00
3.332704300000000064e-01,-1.645761400000000041e+00
-3.381993999999999834e-01,-1.602125199999999916e+00
2.715882700000000205e-01,-1.510123300000000057e+00
-3.233332999999999902e-01,-1.492920199999999920e+00
-2.322374899999999909e-01,-1.560950199999999954e+00
-4.034845499999999974e-01,-1.607850100000000060e+00
-2.039013199999999970e-01,-1.559145699999999968e+00
-1.534727799999999975e+00,-1.522703300000000093e-01
3.739243700000000059e-01,-1.471303500000000097e+00
3.328088000000000157e-01,-1.538806700000000083e+00
-1.141164999999999985e+00,-1.221383659999999982e-01
-1.555124800000000085e-01,-1.512970399999999938e+00
-4.446337499999999943e-01,3.907713300000000001e-02
-3.517853300000000072e-01,-1.385781399999999941e+00
-2.483279999999999932e-01,-1.546125399999999983e+00
-2.440808700000000053e-01,-1.627902500000000030e+00
-4.998680999999999819e-01,-1.454175500000000065e+00
-3.857819699999999741e-01,-1.526391300000000006e+00
-2.995329800000000042e-01,-1.525786199999999981e+00
-2.826217999999999786e-01,-1.482568499999999956e+00
2.796192200000000017e-01,-1.557074800000000092e+00
-1.844695500000000099e-01,-1.673253799999999902e+00
5.836353300000000077e-01,-1.007456099999999966e+00
3.066439599999999932e-01,-1.659779499999999963e+00
4.131732000000000182e-01,-1.507726600000000028e+00
-2.671014700000000075e-01,-1.575161599999999940e+00
-1.042329800000000084e+00,-1.372715099999999994e-02
1.678824999999999901e-01,-1.507885499999999990e+00
6.293163000000000507e-01,-1.087178299999999931e+00
-2.746884199999999887e-01,-1.537239699999999987e+00
-6.824552999999999696e-03,-1.088551999999999964e+00
-3.809204700000000110e-01,-1.739649000000000001e+00
-3.535165800000000247e-01,-2.042045599999999794e+00
-3.393917000000000184e-01,-1.511622999999999939e+00
-3.663300600000000129e-01,-1.479199900000000012e+00
-2.066272200000000003e-01,-1.516000400000000026e+00
-3.100732299999999775e-01,-1.443398500000000029e+00
3.479642299999999855e-01,-1.470658500000000091e+00
-3.696666000000000118e-01,-1.513040900000000022e+00
3.430224000000000051e-01,-1.480988100000000030e+00
-3.249862199999999923e-01,-1.620868200000000092e+00
-5.641767399999999544e-01,-1.503338199999999958e+00
-2.876163700000000101e-01,-1.519506999999999941e+00
-3.100809800000000060e-01,-1.510230299999999914e+00
-4.306311600000000128e-01,-1.732677299999999976e+00
-4.546359500000000109e-01,-1.370004500000000069e+00
-3.863616000000000272e-01,-1.430824000000000096e+00
-3.483746600000000027e-01,-1.652662199999999970e+00
-3.150559399999999788e-01,-1.591537999999999897e+00
3.180583699999999792e-01,-1.620124200000000014e+00
2.425723100000000132e-01,-1.446063000000000098e+00
-1.152546400000000054e-01,-1.088923199999999980e+00
4.025956399999999769e-01,-1.638175200000000054e+00
-3.753402200000000022e-01,-1.467595999999999901e+00
-6.806166000000000160e-01,-1.208314899999999970e+00
-2.830647499999999761e-01,-1.683953899999999893e+00
-1.904266500000000029e-01,-9.220715999999999912e-01
1.230313799999999957e-01,-1.465148799999999918e+00
-3.388144399999999945e-01,-1.705892600000000092e+00
-3.656169200000000119e-01,-1.462031099999999917e+00
