-4.639338001133308195e-04,-4.960063538509547516e-03
-3.858557955946748824e-04,-5.204760837768735576e-03
-1.079798154318082921e-03,1.498667507078552184e-04
-6.745119932106312865e-04,-6.074878284457774745e-03
-2.761462168252581148e-04,-5.426161687940004967e-03
-7.192273016290137754e-04,-5.998282798560012133e-03
4.449719339599078171e-05,-2.247289980056155559e-03
4.783791740440386867e-03,-2.725391754391318913e-04
8.058086925936836648e-04,-4.590485930114832211e-04
1.205297402446926618e-02,2.804494352201764105e-03
1.167231209745387365e-04,-1.860610608748505769e-03
-4.372027909924870379e-04,-3.351366202177380460e-03
-8.492401947105222490e-04,-2.932990585310288854e-03
7.814167353274666800e-03,-1.311007424740319785e-04
-2.661507038381809797e-04,-5.917187505265034640e-03
1.898400045590376353e-02,8.404864024813791384e-03
-1.297734987719922602e-03,-2.437698682828634208e-03
-2.752349061817614792e-04,-7.053318912975400402e-03
-1.948811570301573707e-04,-2.943641151424271438e-03
-4.778955126368079941e-04,-1.514584224877806289e-03
7.717408367409626848e-04,-5.147036030084788626e-03
4.791036477398103073e-03,-3.877907245927850774e-04
1.887624848312233249e-04,-1.102528578591418644e-04
1.307551180928356177e-02,4.836393624096602985e-03
8.059025896798607640e-04,-4.393028680177523890e-03
-1.564898324094640778e-03,-1.189562613680434722e-03
-9.584680629761572470e-04,-6.348967314118780965e-03
1.299196534040825309e-02,2.664269140814289408e-03
-3.608329207048439121e-04,-3.315545201462424471e-03
4.854965823146616881e-04,1.295926424705474110e-03
2.724362384071246949e-04,-2.972124681393880589e-03
1.946501305598226524e-04,-6.391859181274092694e-03
-5.734014495115071939e-04,-3.742009585283795521e-03
-7.646048971159135656e-04,-4.041554406325944399e-03
-1.353045243553050705e-04,-4.651764001783399889e-03
-1.349245283289782476e-04,-9.275912832351263415e-05
1.983820242712422822e-04,-2.330073219730114959e-03
4.123710809544938540e-05,-3.642987374438964518e-03
1.774315894358722764e-02,8.072635317129393806e-03
-1.261404134700335345e-03,-1.889559034264887008e-03
2.370434179691840440e-04,-3.585589021998484768e-03
1.562113993117659853e-02,2.483478532072069898e-03
-5.439992551534598639e-04,-4.879142186109161443e-03
2.228275534850901029e-04,-1.213114729581420397e-03
1.887624848312235688e-04,-1.102528578591412139e-04
-1.455146182922972603e-04,-3.040168856717157496e-03
6.135535801260801753e-04,-3.181302744102549544e-03
1.887624848312243820e-04,-1.102528578591412139e-04
-7.276622805924117324e-04,-4.245627058452316609e-05
1.674109175632741003e-02,5.113650111005087900e-03
3.670373284293263405e-04,-3.617250207211676009e-03
-1.444727064631204881e-04,-3.611784644696479189e-03
-5.464205258206995255e-04,-6.313324689070321134e-03
-1.905498403023238958e-03,-5.718825749647499755e-04
1.205269794253290179e-02,6.193836151326906174e-03
-9.910036583090330031e-04,-4.311169594738427889e-03
-3.495184071671307915e-04,-2.834239282347653620e-03
2.549479273080568903e-03,-1.816702008184088940e-03
2.075628472438727397e-03,-1.188658713182565727e-03
3.792317855762584105e-05,-3.225512074583260398e-03
-3.867410563239472585e-04,-4.022813126171235869e-03
-4.250682096006798741e-04,-4.501908219404824815e-03
-3.094201343546533001e-04,-2.233671758748369696e-03
-4.066922466827016655e-04,-5.292629858009077065e-03
3.824942557933767558e-04,-2.068184647566973389e-03
-1.308232945393922428e-04,-6.281074984383872364e-03
-3.253899182817775876e-04,-4.226567356271255203e-03
-1.526002416491563287e-03,-1.142493542323892459e-03
5.269862727063912271e-04,-3.018557345068547358e-03
-9.633594378857565210e-04,-1.726238143669458439e-03
-6.206467644614390095e-04,-4.936621305505697541e-03
9.250522115508601553e-03,2.019008197973712164e-03
7.276605024156781619e-04,-3.038337249056636755e-03
4.824500112085162019e-04,-2.729304161471513782e-03
1.887624848312247886e-04,-1.102528578591418644e-04
3.785754209720379091e-04,3.688900563904673521e-06
-3.204777766665005368e-04,-2.010729584783671302e-03
-5.576011724674127638e-04,-4.999089152186339882e-03
3.670373284293209737e-04,-3.617250207211668636e-03
5.015031201147876223e-04,-3.814833249525789900e-03
4.812771211509948421e-04,-4.091712548108806559e-03
-2.298109726266369963e-04,-3.422006545489951392e-03
-3.598982191873055015e-04,-3.507630513207688448e-03
-1.259574107373947040e-03,-2.801930641614234184e-03
-1.303987937800731977e-03,-2.702368974458667535e-03
3.557406814266164739e-05,-5.858951957000916276e-03
2.577985380245815823e-03,-7.487982126335330233e-05
-4.734790467068368145e-04,-5.624360399505076713e-03
1.062634647706640900e-02,6.819708835787209903e-04
-4.478713720320173569e-04,-6.075059469070846242e-03
-4.774057505175736808e-04,-3.597552276487245380e-03
1.887624848312232436e-04,-1.102528578591444530e-04
9.894556221224188534e-05,-5.700737957884809658e-03
1.804650315582999873e-04,-3.658668885641100290e-03
-1.054350508257414387e-04,-4.599057726970762379e-03
1.887624848312241380e-04,-1.102528578591425150e-04
-1.864931227839033566e-04,-1.458281108564109382e-03
-7.738687089412561075e-04,-5.511780742779929555e-03
-4.403911093594705273e-04,-5.549802596790447302e-03
9.401455105455306348e-04,-3.512180381714728999e-03
2.271540110716801890e-03,-4.169073584467569205e-04
-6.408056054063774156e-04,-4.177352383505218529e-03
-5.323390869187861335e-04,-4.785369640916760890e-03
-7.926958229385258625e-04,-3.273717180693446523e-03
-1.045034598621196039e-03,-2.551596248191362586e-03
1.887624848312245717e-04,-1.102528578591399129e-04
1.887624848312213462e-04,-1.102528578591431655e-04
-3.355116746596267558e-04,-5.868806155000245127e-03
6.999305800209880066e-03,1.353280695456633145e-03
-2.555735739464188075e-04,-3.707769381357067101e-03
3.738036166333121458e-04,-4.705864488496697660e-03
-3.169761947881241703e-04,-5.341731697970471086e-03
-2.786620608475204319e-04,-4.065681907518567048e-03
-5.710080760587206471e-04,-2.356708701361580251e-03
-3.399906366389257974e-04,-3.005722971170972369e-03
-6.553592622033626983e-05,-5.271933108276655351e-03
6.507993431583757125e-04,-5.421119189002906492e-03
-6.086060833888910955e-04,-4.675685938321073355e-03
-6.832315387727354826e-04,-1.886257740896900162e-03
-4.479665580799892851e-04,-5.770200378671648360e-03
-1.064234336370390149e-03,-2.721486632448162375e-03
-5.648301077719069564e-04,-4.905924692848022753e-03
-8.706699127113284127e-04,-3.926686330615073058e-03
1.898400045590373231e-02,8.404864024813742812e-03
-1.128491819405525983e-03,-3.028004864632530225e-04
-4.317995993855778636e-04,-5.240790983312169048e-03
-5.439545583282767629e-04,-4.400523144928662755e-03
1.394937706457514786e-04,-5.055743098138168294e-03
-1.353401096362544850e-03,-2.736017312130828872e-03
5.641584905018385155e-04,-2.568762047008020782e-03
-3.903326538609482033e-04,-4.454320152177910358e-03
1.887624848312236502e-04,-1.102528578591431655e-04
1.328843498988330164e-03,-1.832350010709083961e-03
-1.540079428383148369e-03,-2.058262199670160986e-03
-3.719015929849527557e-04,-3.910284562672338392e-03
-8.419442255240464469e-04,-1.246817213842717079e-03
2.030726674781019314e-03,5.040017085000098691e-04
-8.770101882168004426e-04,-4.707416899299813294e-03
-5.323390869187994692e-04,-4.785369640916731400e-03
-1.679749410227050863e-04,-5.032149074873937429e-03
-4.472362513120688643e-04,-6.075013876666181256e-03
-1.437013161625533709e-03,-2.068110611205350828e-03
1.474765897446013961e-02,2.635609526424572031e-03
-7.439579197443213455e-04,-2.018561303956724253e-03
-3.847192120607709079e-04,-5.528197895903631982e-03
-6.978020004812662564e-04,-3.943170597272907529e-03
-3.611335443451079699e-04,-4.035516577584717310e-03
-4.518927954883352133e-04,-5.816098013917185561e-03
-3.591829958790727743e-04,-2.714580797154701481e-03
-1.773312713592955483e-04,-3.803298309451755115e-03
-6.733032259621156510e-05,-2.196421598618544975e-03
5.043220955159531931e-04,-2.691200569545873066e-03
-5.614818137208883730e-04,-4.029802741706276989e-03
4.101069233120238763e-04,-2.379426834238825179e-03
-3.712399232575435380e-03,5.714762084530759095e-03
1.887624848312230809e-04,-1.102528578591425150e-04
-2.534394340620177172e-04,-1.788107274158355024e-03
-1.973722683543450865e-04,-1.938927892778321768e-03
-2.087823719104286470e-03,-2.403512269992675037e-04
-5.242122787184436443e-04,-4.436779518723946679e-03
-3.185611818493064209e-04,-4.611036289504962318e-03
-5.070828626378505368e-04,-5.465329885726404220e-03
-8.607851794271918332e-04,-2.651385192739484122e-03
1.572919473469131316e-02,2.604006465392240226e-03
-1.204616969872491714e-03,-2.470048100412752085e-04
1.305552148516187470e-02,2.320482268892409220e-03
-3.023106205287532430e-04,-3.112258123092022811e-03
-3.338002460066248839e-04,-5.502307057192767567e-03
-1.188956608115013767e-03,-2.273332842179248518e-03
7.457348762216090086e-04,-2.267164832298999150e-03
-2.462106552978515338e-04,-6.676655475142523506e-03
1.887624848312220239e-04,-1.102528578591392759e-04
-6.896514963747687630e-04,-3.333135606166115657e-03
-3.740594133894960737e-04,-5.560490774525306268e-03
-1.280246616533252044e-03,-1.044232851995722860e-03
-2.317538544925560739e-04,-5.972584230007336493e-03
-2.468343820183281330e-04,-2.347119295131740169e-03
1.200985414459406798e-02,6.855205517830296504e-03
-3.266196464816142789e-04,-5.901924014351940875e-03
1.887624848312205602e-04,-1.102528578591431655e-04
2.044465437808017788e-03,-2.349114180080412190e-03
-1.923091687546576458e-04,-5.434582521979523274e-03
-2.818085737697401984e-04,-5.978209366939364264e-03
-4.311046119776658337e-04,-4.906413831067810150e-03
7.246020212606255019e-04,-1.614059823196672223e-03
-3.463115052725663254e-04,-4.905854325341057337e-03
1.807038988138729872e-03,-2.092450905934266012e-03
-1.055703166742885191e-03,-2.365506572772398813e-03
1.234174796004735804e-04,-3.379627414793251895e-03
-2.559550812284762411e-04,-2.575217876513163136e-03
-1.909042111388604187e-03,-4.888612561716395048e-04
-4.078333536283125288e-04,-5.132483744389764423e-03
1.130552842084594709e-02,4.258497896878776952e-03
3.638189574242496551e-04,-6.180039309611672256e-03
2.492161296275308656e-03,9.956619123742916841e-04
-3.359312063719238151e-04,-7.484669102376270006e-03
7.714761243355297983e-05,-6.421239306979507379e-03
3.019247868216542695e-05,-3.223703061218493888e-03
1.898400045590381210e-02,8.404864024813754955e-03
-1.013443189672661848e-03,-2.715069416058158488e-03
5.677333190985402959e-04,-2.536402537845854326e-03
1.417467428098400511e-02,6.202335660860595207e-03
-1.781574952686211131e-04,-2.848349669088315588e-03
-5.702296335289078330e-04,-4.118719309628041808e-03
-1.700142662385316274e-03,-5.397703857067808223e-04
-9.563724138820065045e-04,-6.488230112199014181e-03
-5.462268817088151420e-04,-4.162263854208036150e-03
1.887624848312232436e-04,-1.102528578591431655e-04
-8.106727194833637492e-04,-3.569568731731870802e-03
-4.111325384915233243e-04,-6.386432175326916226e-03
1.887624848312257643e-04,-1.102528578591412139e-04
-4.093632399890400242e-05,-3.673751159480016272e-03
-3.274334655659584732e-04,-5.294295808358070662e-03
-6.881984055476716164e-04,-4.099021936985433254e-03
-1.853016994987528323e-04,-4.639110637777505396e-03
-1.095432794628005023e-03,-2.107851528113946667e-03
8.529814575319108472e-04,-1.234958044949663813e-04
-8.552289969721814378e-04,-3.608440895088004668e-03
5.872484133504239428e-04,-2.363164789943189049e-03
1.853386310950372057e-03,-2.219088405940795004e-03
-6.520675388256089037e-04,-5.191460023514446638e-03
-6.911394452183669589e-04,-2.689364416562228799e-03
-1.340764997732679393e-03,-1.650389400385039729e-03
-5.057017485189521178e-04,-4.218027777182171111e-03
8.862597561396926612e-04,-3.905067947286781048e-03
-7.875196651428961444e-04,-2.849239065277290022e-03
-6.005895982888184768e-05,-5.244665096453331133e-04
-5.308734694092151225e-04,5.904310712418122395e-04
1.724126359395610148e-03,-2.821609222028411594e-04
1.201901396388831665e-02,1.903421631935059812e-03
1.568281361000720998e-03,-3.052883913628325931e-03
1.285428526846844020e-02,4.779598433474262047e-03
-1.546317347190979052e-03,-2.075724812538064755e-03
-8.773942034544764471e-04,-3.102778192153330186e-03
-1.251021234820539263e-03,-4.815693157213895128e-04
1.478320473191969790e-02,2.099746387926371572e-03
-4.234280967597657259e-04,-3.752692986468957048e-03
3.958383863488596811e-03,1.569196938594956880e-03
1.898400045590376006e-02,8.404864024813761894e-03
9.285337838638391215e-04,-3.061034643976546805e-03
-6.383292145598266996e-04,-4.415795534430638769e-03
-7.446487206049611082e-04,-3.257079313425094436e-03
-3.995726161896293797e-04,-4.117702590158743917e-03
1.887624848312227557e-04,-1.102528578591405634e-04
-3.377538715408333618e-04,-6.042379823412806321e-03
-1.580013763255920338e-04,-4.165718375652221681e-03
6.234713882813833446e-05,-4.713765827910356560e-03
-4.075647826021560022e-04,-5.349173627710262710e-03
-8.881650566832413303e-04,-2.505420405780520252e-03
-6.729072391820124392e-06,-3.353697535703259198e-03
1.387457028744644178e-03,-2.247545696837332293e-03
-4.112604339131769714e-04,-2.276889990798134766e-03
3.756811759291045602e-04,-3.426440492162286834e-03
-8.885063990496465782e-04,-3.694379008050353158e-03
-3.904759798115988172e-04,-1.538098103470637119e-03
1.898400045590377741e-02,8.404864024813767098e-03
1.887624848312199097e-04,-1.102528578591451035e-04
-4.054439658844509941e-04,-4.158786970714564539e-03
4.065877117831416792e-04,-4.170290204027887575e-03
-4.851244418360294323e-05,-2.106976012802037196e-03
3.070890840049525332e-03,6.631139395828176963e-04
1.171738788718547798e-03,-7.743786014413686506e-04
6.069849534939161751e-04,-3.111836761444080300e-03
2.601662057533345954e-03,8.560290574412829714e-04
-9.014816997494325352e-04,-1.935594242376932660e-03
1.303113989386122523e-02,6.176977506509897554e-03
1.207596996143455554e-04,-4.376092051484315772e-03
-4.056900724044330895e-04,-7.647076093253078050e-03
-1.810177808660667778e-03,-1.407829365311989408e-03
-1.388579860437740617e-03,-2.252247069490440935e-03
-6.152391798266095045e-04,-9.093340064230094003e-04
-3.355116746596168353e-04,-5.868806155000252933e-03
2.429666265004698338e-04,-2.373686680769366945e-03
-4.926457354967946501e-04,-1.827535800032614190e-04
2.609729992652576108e-04,-5.273957752793542904e-03
1.061722659973283431e-04,-7.105393518956465253e-03
-8.257886534489106926e-04,-3.077214321317345985e-03
1.034839340280394732e-02,1.191623505991197237e-03
4.390787333513589412e-04,-4.698605851086719992e-03
1.910485047361859567e-04,-2.985605308713672364e-03
5.518056856193625056e-05,-3.266562351274289802e-03
-2.340532413318056036e-04,-5.696816414764698661e-03
-5.084568802332332113e-04,-4.011094871172170631e-03
1.887624848312205331e-04,-1.102528578591418644e-04
-5.404656749377498509e-04,-3.967995445395807244e-03
1.524682073770111299e-04,-7.395631312766494728e-03
-4.395978187732545043e-04,-3.908493402625959345e-03
-8.121068387214557243e-04,-3.348512402428805660e-03
1.981514773872406886e-03,-2.168309928274583711e-03
-1.521651979000240200e-03,-2.263578728468562846e-03
-1.787019475844104938e-03,-2.017150987045440279e-03
-6.824193549744781697e-04,-4.687316391599598633e-03
-8.246565022449790045e-04,-3.197484794773586790e-03
3.946611386034410427e-05,-5.940121971669617626e-03
-2.395687874057054784e-04,-2.334912290602327543e-03
-3.411909725745713930e-04,-5.662540786994690531e-03
-7.096546408725054470e-04,-4.914422293642295263e-03
-2.302134713195644041e-04,-6.144016198697204931e-03
1.794972918112343677e-02,5.299925473346520435e-03
1.887624848312222678e-04,-1.102528578591431655e-04
1.066539637846099925e-02,4.536335779394664106e-03
-6.043541324949122662e-04,-7.813070788253356769e-03
-5.061940112972315546e-04,-8.129653123466567405e-03
7.414175835296525695e-05,-5.371101354214920069e-03
1.887624848312246530e-04,-1.102528578591425150e-04
-1.270137899815275201e-03,-2.265637740086591870e-03
-9.182947204271943008e-04,-2.125362731088915099e-03
-4.726763095657456493e-04,-3.194608764892776110e-03
7.083407850085102903e-03,1.259626715531589076e-03
-1.203651293872571052e-03,-2.868795265423247989e-03
1.420897726796866052e-02,2.987718359158966341e-03
-3.800340581023632668e-04,-4.877757169073912782e-03
-4.403911093594674916e-04,-5.549802596790433425e-03
-6.476804548028099748e-04,-2.919569214904823001e-03
-6.746081690462133774e-04,-2.482961426391155565e-03
4.757445149615406772e-03,-1.371307014914827614e-03
-5.224780628290227403e-04,-3.231847673784929258e-03
-1.078623044123094409e-03,-1.547622103025693462e-03
1.887624848312197470e-04,-1.102528578591451035e-04
-8.379478679428310154e-04,-4.535705309102848470e-03
9.449161211037455932e-03,2.342715343030711463e-03
-8.142050801976162631e-04,-2.546592695977568412e-04
-7.308001332248625481e-04,-4.604171291413077481e-03
1.569272535356317031e-03,-2.435880286627572014e-03
1.051546793324872935e-04,-4.064463310543652355e-03
-7.877816210663500258e-04,-3.379978774410208765e-03
-5.639254491157422687e-04,-1.811045292949939323e-03
7.071757813324159128e-05,-5.728290477820225692e-03
-1.342162638270299937e-03,-6.358504270625269222e-04
2.900273313840528482e-05,-6.490443791452481063e-03
1.887624848312231623e-04,-1.102528578591412139e-04
-2.326297504253883452e-04,-4.160030820725122737e-03
-1.280762603076687832e-04,-3.816162531909860021e-03
-5.768650663995835586e-05,1.296773375398601866e-05
4.689471054048495458e-03,-4.494739303027455216e-04
1.642849852800773349e-04,-6.199133170906047027e-03
-7.544631923386437402e-04,-4.000575042046291066e-03
-1.193681256983388601e-03,-3.313200638285427853e-04
1.644687154617248404e-03,-1.187459005583808022e-03
-7.758346138807850579e-04,-3.598404181063213827e-03
2.404809410224553471e-05,-3.393134610258030648e-03
-9.069641168339251424e-04,-4.333320569876288942e-04
-1.156974340550652198e-03,-2.804444471942963129e-03
7.708203693133191257e-05,-6.928965912938818764e-03
-1.697887629685693265e-04,-6.675188442295798379e-03
-1.167303520093000528e-03,-1.892110674227080215e-03
-3.070551511096973802e-04,-6.078408174185133753e-03
-7.274519127964792966e-04,-2.999409732256325643e-03
-1.357433210430281393e-03,-2.551684796091226171e-03
5.440290964879314871e-03,8.432101309643242910e-04
-2.656426291279219204e-04,-5.139050288448744098e-03
-7.153667721998754078e-05,-1.782345476443932333e-03
-1.083166428817032464e-04,-4.310029799190204410e-03
-1.117534168934875309e-04,-6.419704747290254018e-03
1.388858452490394847e-04,-2.755109070143046263e-03
3.972915499655528364e-04,-4.114073586408152280e-03
-9.189437609760505929e-04,-4.216482168648958209e-03
-1.222922307090552191e-03,-3.396159764164011739e-03
8.542388786412316928e-03,1.536059936344882481e-03
-3.659571107955326128e-04,-6.448549262025208423e-03
3.340216925625530886e-05,-5.564792620899298818e-03
-7.518484906679234487e-04,-3.522887514667528801e-03
-3.251465223081226492e-04,-6.108201803374371970e-03
8.638293159586866304e-03,3.525176917862613262e-03
1.550797338215076197e-02,7.316050510074393470e-03
-8.368029558425936487e-04,-3.301671411134619351e-03
8.367143758168608253e-03,1.471845704701645616e-03
4.492289210561365006e-04,9.393291383386861060e-05
5.110224578477081791e-04,-4.258564072716067815e-03
5.823263894229616967e-03,2.510944275122934072e-04
-1.000932263109646217e-03,-3.401237350845023703e-03
-5.709611993962043384e-04,-6.289332115046332612e-03
-5.801083901588597247e-04,-3.045292505613828374e-03
-1.419981442983625540e-03,-3.449028720310545401e-03
1.591298327401499679e-02,3.147257916638457505e-03
3.314900125818076408e-03,-1.098895727959089616e-04
-9.646937552046065071e-04,-2.109274091810111555e-03
-6.797961314618240465e-04,-3.821422913889393948e-03
-3.812203718984512562e-04,-7.084398143909357952e-03
-7.348365945173116788e-04,-3.423727323337081609e-03
-2.505152991289297248e-04,-5.822961820074283416e-03
6.309923207195711377e-03,2.385974991690123590e-03
-5.674194984560886838e-04,-4.695261522825608380e-03
-1.602774926113559870e-04,-7.128199827782666191e-03
5.114050017348013627e-04,-3.667733148733794656e-03
-8.767977169611315376e-04,-4.232726922211126064e-03
-5.582579360187199351e-04,-4.651242952515235833e-03
6.632962956447698993e-06,-7.502436122989185156e-03
-9.989049244824113084e-04,-3.106007342595070407e-03
-5.341504657456968381e-04,-1.133635869377582319e-03
-8.842105566458393056e-04,-3.628998343804304503e-03
-3.948387091949832873e-04,-4.470024666571858867e-03
-5.030269448110116044e-04,-4.695655374011582957e-03
-5.040576552442563437e-04,-3.676622684364815735e-03
1.887624848312246259e-04,-1.102528578591412139e-04
-3.445006133864506525e-04,-5.859571565209953543e-03
-3.885605047919057919e-04,-5.216693904238484981e-03
2.018756759281963714e-03,-2.808086361176068439e-04
-2.031062051727596581e-04,-6.169263458457252547e-03
-4.457073228592127196e-04,-7.479092573212793756e-03
-7.782394926418327238e-04,-1.889247783825378016e-03
5.181461254621481938e-03,1.545844365835564527e-03
1.453945378770475812e-02,3.175631036070995089e-03
-2.845951911160076310e-04,-5.458293322164867178e-03
5.191332175979299817e-04,-2.514887402852028150e-03
-8.075878786557460533e-04,-2.512728985345768183e-03
9.465836084873191850e-03,4.964277076467276534e-03
-1.371634615591467822e-03,-2.795764821503459504e-03
-2.396819138272453177e-04,-3.364807799810731574e-03
1.887624848312199910e-04,-1.102528578591425150e-04
-1.216510124024438363e-03,-1.125827322373595734e-03
-3.995750654664622162e-04,-7.072466455201933781e-03
-7.373609475874667732e-04,-3.492282924509712474e-03
-1.631664072995853186e-03,-2.565207402325375610e-03
-3.694444108846577004e-04,-6.585241516989441199e-03
7.819774854819059109e-03,2.532380809570882862e-03
-3.203723774960010994e-03,3.799956601062836822e-03
-1.200994319022260148e-03,-2.717021244173275802e-03
7.717408367409491323e-04,-5.147036030084799034e-03
-2.796099110136775374e-03,4.427238098048661211e-03
-4.704697885424635392e-03,7.658340680201183165e-03
-3.000966619348542381e-03,3.339627694280197095e-03
-1.339328671857608049e-03,2.454771919764897614e-03
-3.778363266968789384e-03,5.364390564993290131e-03
-4.149816371361870473e-04,-2.646255340958479901e-03
1.887624848312257643e-04,-1.102528578591405634e-04
-3.801591098917707356e-03,5.045643813413813565e-03
-1.509282020523664393e-03,2.718565142636417045e-03
-1.992265434109117585e-03,9.053955939910511433e-04
-1.561750970649629670e-03,2.667790866891994132e-03
-2.889962931208154683e-03,5.517923484940935597e-03
-9.071555858770549707e-04,3.176733140229736404e-03
-3.839597279992698880e-03,8.153273261765601326e-03
-1.812911319806953005e-03,4.995793812750373188e-03
-2.363409437721154371e-03,2.528944631837482058e-03
1.887624848312235688e-04,-1.102528578591431655e-04
-2.161026429852424408e-03,1.617808379239136065e-03
-2.208195396010812286e-03,1.884726698583498970e-03
-1.076683463630872997e-03,-9.890160145818536336e-04
-9.190222467999789157e-04,-3.805685478592633897e-03
-4.092902173865973635e-04,2.114677656327184144e-03
-1.373635055956571845e-03,3.086096095646008019e-03
1.898400045590377741e-02,8.404864024813741077e-03
-3.512198357381108010e-03,4.759071164785228999e-03
-2.900339195748265729e-03,2.697905087790652360e-03
-6.045280090948313432e-04,-4.830635799782286195e-03
-7.758346138807919968e-04,-3.598404181063199515e-03
8.756900755498465624e-03,1.119822497611371081e-03
2.010869351886494100e-02,6.023472625752406689e-03
2.615744346783482714e-03,4.599066487243032774e-04
5.988397030111746767e-03,-1.386696181352150073e-03
-5.036167038356225128e-04,3.032700232046158049e-03
5.484586363242250143e-05,4.576202118996063571e-03
3.069472882122776906e-03,5.518028096119231840e-03
-2.392194611239848497e-03,3.104309516795685647e-03
-5.076300221361935462e-03,7.512661980437748688e-03
-3.468845172752474566e-03,4.333594414921511720e-03
-4.730015315730860467e-03,7.533054597018742568e-03
-2.300313224865825623e-03,4.636189280447439338e-03
-1.610255436101547775e-03,-2.715737038567379510e-03
6.778682874881171265e-03,1.133528657522240180e-03
-1.747029718068744209e-03,-5.210928788962804247e-04
-3.035360759695896436e-03,5.648210854622671105e-03
-5.663009153307902062e-03,8.811526532364801628e-03
-2.475753975103710692e-03,2.804867020377417152e-03
-1.791446772447693190e-03,-1.088358595165278813e-03
-3.564467670230885097e-03,4.264945734220844734e-03
-2.507312521280912355e-03,2.881411166353754945e-03
-6.983883523471160924e-04,-2.609835176528795507e-03
-1.976860125527644691e-03,3.930151853372695209e-03
1.184006566672219686e-02,4.433913170625382143e-03
-3.373134465890076806e-03,4.250042001388554085e-03
-2.123279369362377107e-03,3.961213072195280023e-03
1.887624848312238128e-04,-1.102528578591438024e-04
-3.778777292965788438e-03,3.331851584862937418e-03
1.887624848312140821e-04,-1.102528578591451035e-04
2.446109278595113689e-04,-9.908107212227112819e-04
-3.116855708424552066e-03,3.928540279649545171e-03
-5.198566354554807339e-03,8.568790192632244965e-03
-2.304263077481022003e-03,1.657547200044275299e-03
-3.293721080606021746e-03,4.220066546032916546e-03
-2.094029950031938390e-03,7.085660812256660505e-04
-3.658993567224941637e-03,5.395229675606892129e-03
-2.907584444581106688e-03,3.088538355261805264e-03
-1.005965542120373273e-03,-3.597208784495725068e-03
-2.389422529564227959e-03,2.760132292458703732e-03
7.449100615687109534e-04,-3.730460811622471600e-03
-2.828741922504547646e-03,2.870535349905596265e-03
1.990156466433562216e-03,-2.807061455428403341e-03
-3.075892358935383361e-03,4.238543964674819191e-03
-1.995234756302809252e-03,8.610749220130162586e-04
-2.385193381512063990e-03,2.587143057587170791e-03
-1.223391056345081700e-03,-2.819233467399449855e-03
-2.068170402682683890e-03,2.266125942403073024e-03
5.128864962554459655e-04,1.958259164696997314e-03
-2.693271706739454405e-03,2.877822167425797984e-03
1.411799526701926558e-02,5.664405786288394598e-03
-2.553963847408547219e-03,3.723599084042080332e-03
-5.154026672207134493e-03,8.154367198007795095e-03
-3.022413659850350844e-03,4.123288298951905025e-03
-1.266271785131007320e-03,4.767844253659006375e-03
-3.928214027517338419e-03,6.077375102702435410e-03
-2.303737997333106437e-03,2.068538752873795399e-03
-3.572068955799579098e-03,4.202403001602715744e-03
-3.502556128388195026e-03,4.540791165603933963e-03
-3.253266015367149711e-03,4.416937236501798300e-03
-2.698928509829765388e-03,3.957970277650400825e-03
1.617518709808312555e-02,3.467985110642730472e-03
-3.104621329210493184e-03,2.745601194986933141e-03
-4.850512111829391633e-03,7.370582859978679069e-03
-2.672596320804289556e-03,3.427115444223647559e-03
-2.780720861185363886e-03,4.720631027726533181e-03
-1.424687235098659943e-03,1.972362869267984056e-03
2.040334244014418356e-04,9.285996926766157226e-04
-2.272553846446882710e-03,3.109223449548008129e-03
3.564405226642339101e-03,3.008309766606821669e-03
5.043220955159586141e-04,-2.691200569545895184e-03
-3.664142817360778025e-03,7.619653213824242703e-03
-2.405556845742867766e-03,1.635326950155818488e-03
-3.274865204117670750e-03,4.069007195436792970e-03
-5.081206166498150774e-03,8.162968614565172670e-03
-3.169666653074087233e-03,3.275004387597260473e-03
-3.374992476903461436e-03,4.679057919767420567e-03
-2.010830432574791000e-03,3.252484912960099377e-03
-3.375898640431529863e-03,5.390691112401060220e-03
6.370611953339102955e-03,2.655412433149697323e-03
-2.771187749789406386e-03,4.279768448690155977e-03
-1.940739452056765421e-03,3.960952297518286272e-03
-4.950813716099453261e-03,7.255165614539351750e-03
-2.649167748461331989e-03,1.648965588553590695e-03
-3.116825403266233491e-03,3.245318169370381943e-03
7.727910792326063427e-03,3.229447443894732477e-03
-4.545417073632934115e-04,-2.825751394581688873e-04
-3.441829279340689017e-03,4.163139805968456633e-03
-6.395513775271095391e-04,3.250737048189175811e-03
-1.931149814397208802e-03,4.888165890443604139e-03
-2.213977521302826646e-03,1.949762414052025154e-03
-4.347553411528054350e-04,1.892656722777916951e-05
-2.761146035697889761e-04,-2.747008017398537907e-03
-4.988069144483251241e-03,7.777293543949154175e-03
1.595170050380139489e-04,-7.986506973098855388e-04
-3.079310327803504426e-03,3.893846006383140830e-03
-9.060772278959001004e-04,3.604953149016792329e-04
8.473588229829246343e-04,-3.229297620174587796e-03
-9.806286596524326025e-04,-2.887855534347465083e-03
3.539664782003896192e-03,1.045981180860506990e-03
-2.175991268486253145e-03,1.116887093207703709e-03
1.774315894358725193e-02,8.072635317129412888e-03
-7.321046873166143446e-04,-3.428135146382496092e-03
5.287927816909741667e-03,7.889510373062228648e-04
-5.129750309884011442e-03,8.631543508364317857e-03
-1.134039186267556164e-03,1.138523655372189903e-03
-6.050832661841548709e-04,-2.184706978602090222e-03
-2.974241209238084188e-03,2.783020660679152644e-03
-3.721349180522770007e-03,5.368296438196966391e-03
2.786449148974497214e-04,1.580344310851873612e-04
6.043638068271681325e-03,4.183233535056057363e-03
-1.600929257447776272e-03,2.517358197373548850e-03
-1.378690553383849502e-03,2.402213602299311818e-03
-3.754560914284186656e-03,3.777803986149336820e-03
1.887624848312245446e-04,-1.102528578591431655e-04
9.753060512027664219e-04,2.560347959479492529e-03
-1.094591078239403898e-03,3.044636244647414610e-04
-3.063835485430780204e-03,3.367230420441971305e-03
-1.510665114550287940e-04,-4.321755154425864498e-03
-3.254614049703006325e-03,4.919429468564491363e-03
-2.279320742628594514e-03,2.290370948231330167e-03
9.691230030483021819e-04,-2.045762450638232473e-03
-3.286807152649626543e-03,4.277963215508065464e-03
-1.162138560554394845e-03,-1.536527713363140899e-03
-3.166426420873727759e-03,4.596793672434688720e-03
-1.167380744463237347e-03,-6.029835656423889086e-04
1.887624848312211023e-04,-1.102528578591438024e-04
-2.943315380831305894e-03,3.129590264802980561e-03
-1.540546901570731975e-03,3.134253300821840567e-03
-1.340392589198977514e-04,3.007745272860888434e-03
-2.926022429613948602e-04,2.940663244340513578e-03
9.753741790456564587e-03,7.667877495254965753e-04
1.152757884508393178e-02,3.386222163197215654e-03
-2.422354127989584036e-03,5.561993766395695489e-03
9.034217122539935866e-04,1.433218666743895763e-03
-2.175991268486272227e-03,1.116887093207720840e-03
-3.542900877014448779e-03,4.756067662757006501e-03
-1.609053667644597856e-03,-2.094768780854550615e-03
-2.733806710499389007e-03,4.132044570326905142e-03
-7.121814098120536943e-05,4.800731049537970870e-03
-2.031062051727620433e-04,-6.169263458457255149e-03
-2.638672342435568075e-03,1.926289845984940170e-03
-7.451266158468949994e-04,-1.428289966336132978e-03
-2.419518999258289671e-03,3.069503495677542750e-03
1.112773513017755779e-04,-2.829861845579078466e-03
-2.299567042605630586e-03,2.541943565246698473e-03
-5.175610760313677661e-04,-3.721415847563120435e-04
-3.563204005807443439e-03,3.789168899450121031e-03
-3.141806736666878565e-03,4.345097603326746223e-03
-1.482898316137086199e-03,5.764929929401578501e-03
1.887624848312231623e-04,-1.102528578591431655e-04
-2.764820081898525911e-04,-5.992720340455685336e-04
-1.663252347341243704e-03,3.663016094368891449e-03
1.887624848312217799e-04,-1.102528578591425150e-04
-1.912001548470139726e-03,3.460824717177453207e-03
-2.403604188030170150e-03,1.673468672310878631e-03
-1.172640203812317468e-03,-2.380130013395018434e-03
-5.323390869187763757e-04,-4.785369640916766094e-03
-3.797948082697174838e-03,5.178513891293336918e-03
-5.317257706121015538e-03,8.272896454961257973e-03
-2.549888048502577977e-03,4.214950001919319164e-03
-8.803821498957703582e-04,-3.367427175695897161e-03
-3.585232620340352266e-03,4.821541594448602690e-03
-2.718629232083226519e-03,3.424329443776180128e-03
-1.484925944205805126e-03,2.771265573682674468e-03
-5.838321659328687616e-03,9.486101799121340536e-03
1.887624848312211294e-04,-1.102528578591444530e-04
-1.603228579604073015e-03,3.570842075723567460e-03
-2.814742635519519674e-03,3.433961120254600246e-03
6.675666628981520318e-04,-1.700008633343533465e-03
-2.805003082420951498e-03,4.415961297148448574e-03
-5.175350788827659879e-03,8.503723684880006364e-03
1.887624848312254391e-04,-1.102528578591431655e-04
1.698478543219191297e-02,3.461743203807708322e-03
2.492161296275272660e-03,9.956619123742912504e-04
-2.959380492478334759e-03,4.971007344164054403e-03
-3.448695282938262548e-03,4.211091664151084095e-03
-2.783505138346185990e-03,4.196515705353036016e-03
-4.984807665931328263e-03,8.110049849990403834e-03
-2.093676318931765590e-03,2.820347732393594514e-03
1.167062542175737946e-02,5.032427263419138840e-03
-2.330937566131077287e-03,4.405203659964167413e-03
1.249760803497849092e-02,6.661013404496373379e-03
-3.520647750328854617e-03,4.401113017135748449e-03
-2.183423396579731168e-03,1.175542503905590772e-03
-1.790579942235476316e-03,2.805687681992844861e-03
-5.308273813216342861e-03,8.323580146159574589e-03
-3.050554332465352150e-03,3.534460807062601330e-03
-4.330272579194677246e-05,-3.162019594948470552e-03
1.887624848312239212e-04,-1.102528578591431655e-04
-1.993093285312597801e-03,2.160532933530415027e-03
-2.115796040263668784e-03,5.825376097357822490e-03
1.887624848312241380e-04,-1.102528578591412139e-04
-4.549218386467308514e-03,7.986340475965941765e-03
1.612695154597372591e-03,5.398393196623895579e-03
-1.798596439516114221e-03,1.767020958342852563e-03
-2.700051087866773072e-03,2.931518911088739753e-03
-5.419678120801042602e-03,8.428117270126130392e-03
-5.293278428866381863e-03,8.291265700885985454e-03
-3.248612366495949155e-03,4.040008426087724445e-03
-2.917180272693706278e-03,3.230242858531174027e-03
1.040831279906012652e-02,2.418702592898033625e-03
-3.172925285834773870e-03,3.557549279720013339e-03
-2.081080458861376756e-03,2.827015214877958739e-03
1.651542270873788618e-02,3.606998110619728370e-03
-3.394346383478456797e-03,3.366377083317288223e-03
-5.025364795485810950e-03,8.785188742038001555e-03
-3.512203441555088266e-03,5.190245779419963047e-03
-1.000457456389272680e-03,-3.577963562940777520e-04
-1.712691103323283649e-03,1.278393288087958284e-03
-1.920813116455481490e-03,3.649835533291127983e-03
1.887624848312230267e-04,-1.102528578591399129e-04
-3.464476925964641955e-03,5.195427152686260194e-03
-5.278492359013961001e-03,8.598726619994846374e-03
-3.827532169244483688e-03,5.662081154971203636e-03
-5.144303387780325022e-04,-3.740911237775225700e-03
4.349661245351033761e-04,3.325825046346584692e-03
-2.060116059951266898e-03,3.019344076922357133e-03
-4.695538036360532609e-03,6.718052052142311700e-03
-1.039751413822295658e-03,1.417175110772277537e-03
-1.289443157171238840e-03,1.699405517977801245e-03
-1.230003523765045136e-03,3.513799672194315576e-03
-3.837880275156679236e-03,5.767662431729597174e-03
-1.069896183975148568e-03,4.396037749114609962e-03
-5.393928788822033825e-03,8.519121143838317284e-03
1.431479717414720250e-02,6.678587873987193967e-03
-2.776336606280167037e-03,3.373747865536577597e-03
-2.759374945363284818e-03,2.307266373068606480e-03
-1.528740931625770239e-03,3.091830908031559504e-03
-3.906023221638831640e-03,3.665174177184510329e-03
-1.774725674688876816e-03,1.849023614553847250e-03
-5.290393084270812556e-03,8.095256144803629483e-03
-3.739586218301494541e-03,5.221960687069848381e-03
-3.681136591240729769e-03,4.501436524226369931e-03
-4.441319352223821286e-03,7.429234109869909015e-03
-5.706242333684893994e-04,3.127175375807193791e-03
1.618792219438044272e-02,4.237086524837323925e-03
-2.980163693779136220e-03,4.455826075442142521e-03
1.921739969992327171e-02,8.458180046490482509e-03
-1.204199407059410032e-03,-1.614725581027827536e-04
-2.337146801606012486e-03,2.516007134522075563e-03
3.102769490997473026e-05,2.590548955417276353e-03
-2.882708544893437114e-03,3.461124923077387849e-03
-3.072809352387327348e-03,3.263728882937891231e-03
1.478665697870729968e-02,6.880399182621816691e-03
1.209816312913476917e-02,1.863451144150737480e-03
-1.445215264433175571e-03,2.449419568305162900e-03
-3.788730609948995961e-03,5.119142351139897677e-03
-5.336220322093620898e-03,8.585721722006049716e-03
-1.227189443441352923e-03,4.201361516433712445e-03
-7.354034813565402725e-04,-2.186064073439770040e-03
-2.650771718042716548e-03,2.421382636095397410e-03
-2.005584331312236686e-03,2.682747743526064585e-03
1.222022117641049154e-03,-6.338007991981361197e-05
-1.571428315138753348e-03,2.803281701043218183e-03
-9.602133002662117597e-04,-4.792609337258283558e-03
-2.919466236770770860e-03,6.089716966560928743e-03
-3.387742097268663186e-03,4.959471836112896818e-03
-4.349549639645276279e-03,8.110027585399233116e-03
2.492161296275299982e-03,9.956619123743166207e-04
-2.434838423849550876e-03,4.034751097979221574e-03
-1.982702611561494837e-03,-2.598426170068813206e-05
-5.123609677058106951e-03,8.595654616508069737e-03
-2.287025341462075451e-03,3.074847916101346602e-03
-3.370431671098445166e-03,3.798273360207403849e-03
-4.241553809521684398e-03,6.618282242528820448e-03
-3.084404293001515203e-03,3.273388841484376876e-03
-4.012554632682942268e-03,6.259641313247335873e-03
-3.051049859679725099e-03,2.175894270781768367e-03
-3.808842898584145677e-03,5.719948072010900587e-03
-1.424787268118069472e-03,-1.533692797496932552e-03
1.364397667831663934e-02,2.627443969238432275e-03
-2.933657431427474146e-03,3.509063274085214360e-03
-5.539266105313570519e-03,8.740936601377990306e-03
-5.170140247480466827e-03,8.054789812767948129e-03
-2.512775723351062720e-03,3.583449062574629342e-03
-3.365783791258797428e-03,3.694296911423005335e-03
-6.539971794675597571e-04,3.228609630927776943e-03
1.919999132550516494e-04,-3.093741060566264790e-03
-1.273684296575318094e-03,1.093763250051749472e-03
1.921739969992333416e-02,8.458180046490485979e-03
-2.612677753187105014e-03,3.809313763644593676e-03
-2.988113915816318321e-03,3.763367170563656182e-03
-2.283334363188022336e-03,2.196227744256578490e-03
-9.494539793230057784e-04,-8.652986046017928064e-04
-4.156166989241132786e-03,6.740137361231295088e-03
-1.587857861496558146e-03,3.646620712378059910e-03
1.008719588430317948e-02,2.244670510146316075e-03
1.887624848312221865e-04,-1.102528578591418644e-04
-2.635455174148002531e-03,3.197616371731626297e-03
-3.305422325551569777e-03,4.255520711140951297e-03
-2.807289283878691526e-03,4.339074904784467890e-03
-8.007537532838287283e-04,4.349032334330139057e-04
3.908328707581871001e-04,-1.113855917838818587e-03
-2.916427030347211371e-03,3.171513044999089027e-03
-1.802424854500214030e-03,3.362249794977894592e-03
2.228043874053186842e-04,-3.128174076319029280e-03
-3.554499941892440805e-03,5.606000457021226291e-03
2.492161296275291309e-03,9.956619123742647959e-04
-2.157731423318220239e-04,-1.339889235160570628e-03
-2.975491935347343662e-03,3.467325227699194837e-03
-3.275067108464561547e-03,4.008763481506900581e-03
6.861584104002672359e-03,2.394109328063354428e-03
1.199472137787277633e-02,4.565489055251390968e-03
-3.755237140578443229e-03,4.295225140667346432e-03
-2.952064845417819855e-03,3.275914729094242441e-03
-1.044657849633831657e-03,-2.059429350285224211e-03
-1.263838895119790773e-03,3.479963414300811519e-03
-3.408546824132675443e-03,8.042124001310810288e-03
1.286944938284039462e-02,1.602985788452026021e-03
-2.738388760222840428e-03,2.938424814520981289e-03
-2.906930535902612928e-03,3.053172726477165581e-03
-2.479266007043966474e-03,2.352955137802514515e-03
-2.986518053952506597e-03,5.745940335152703062e-03
-1.568107680966993522e-03,4.462418743171215653e-03
-4.999096204392952832e-03,7.868714100316680921e-03
-3.490367063101616242e-03,5.163910200811733416e-03
-3.350393353832178522e-03,3.338158391642515651e-03
-2.230717361398755223e-03,1.528286406151541880e-03
-1.964721167922114150e-03,1.908604872949272923e-03
-1.866038316211877197e-03,1.660951530201676104e-03
1.582110544824379475e-02,3.486861136087835832e-03
-5.170676932479472028e-03,7.641569757574294929e-03
-1.593534707665805912e-03,-2.801674694192940202e-03
-1.219697757871392434e-03,2.363590688969291823e-03
-3.082912336941351274e-03,3.664099476075757464e-03
-1.784730347125254753e-03,3.143371963274307380e-03
-2.566789575469147905e-03,1.449415224769541426e-03
1.210736026552018630e-03,3.328761912218256187e-03
-3.133983914506153004e-03,3.503288423709942801e-03
-3.510714931260326948e-03,4.303665979349883229e-03
-1.810237188705352907e-03,2.652176820870798431e-03
-3.071850891892099773e-03,5.870958454459260928e-03
-3.616685265946867518e-03,4.273712354855034069e-03
-2.607949682463659401e-03,3.034478116693002225e-03
-2.031062051727599291e-04,-6.169263458457252547e-03
-2.234470266928553599e-03,2.007328953813224213e-03
1.698478543219195114e-02,3.461743203807724368e-03
-3.075174651680321648e-03,3.136230068586163926e-03
-2.641080144314906456e-03,4.244592187653572525e-03
-3.317689639878445337e-03,4.498683635078118415e-03
-1.293682696291583410e-03,1.228020791756261922e-03
-3.313529256581909319e-03,4.178872009438142250e-03
-5.160826688222696149e-03,8.515442802565794875e-03
-5.281089565474936069e-03,8.166752431437896906e-03
-2.931723675280410810e-03,3.856255866851476290e-03
-3.079310327803500523e-03,3.893846006383112207e-03
-1.585177417842322271e-03,-1.819725246974353630e-03
-1.164288308056813433e-03,-2.955713922520699592e-03
-2.312258870752086082e-03,1.383253862334620030e-03
-3.947177582780642818e-03,7.819484254908888946e-03
-9.199056628944689946e-05,2.959776318922007843e-04
-1.890595889136512369e-03,2.450761222635677774e-03
-3.568669107234064084e-03,4.337187794688786291e-03
1.074624497527462523e-03,-3.721686111486708845e-03
-5.001701127864567782e-03,8.140486030845824755e-03
-1.196150683225929572e-04,7.487667994724951431e-04
-3.675119712416033413e-03,4.813137524902643370e-03
-3.445951691397674838e-03,4.732576735323942851e-03
-1.311355562422075434e-03,3.687606558756149379e-03
-6.160396424258070790e-04,-2.761167596309181856e-03
-1.001097185805813363e-04,-3.499447351559934957e-03
-5.145188085713145974e-03,7.956072455843617858e-03
1.887624848312217799e-04,-1.102528578591418644e-04
-5.234856206636094057e-03,7.963703654957226402e-03
-3.578661063223430739e-03,4.165332464369668475e-03
-2.308236169488024712e-03,3.359915679143574922e-03
-1.538596406953547180e-03,-7.507547187032601694e-04
-9.494539793230088141e-04,-8.652986046017928064e-04
-3.116146876318746494e-03,3.081827542704822578e-03
-3.772828933517957477e-04,2.615199502121673576e-03
7.807823208624580479e-03,6.026311698534072940e-03
-5.274111226925607375e-03,8.926470951897844119e-03
-2.509383333476353749e-03,2.381323468144013866e-03
5.505363918914377196e-04,2.857788357425586519e-03
-2.710320120695603255e-03,3.067903187355790467e-03
-3.331315145384660531e-03,4.245178378169742542e-03
-5.042078541451018754e-03,9.248963704327298543e-03
1.887624848312251138e-04,-1.102528578591418644e-04
1.887624848312202349e-04,-1.102528578591444530e-04
-2.855635648679991697e-03,2.783268555575744898e-03
-1.596180843012096756e-03,4.075350243803958078e-03
-5.274651496067954935e-03,8.388331405802012392e-03
-1.909042111388630425e-03,-4.888612561716771266e-04
-5.317080725322630586e-04,3.613330847274746883e-04
-7.894691075957516440e-05,-2.050660474613207832e-03
-7.338999632573259962e-04,1.810754278028045604e-03
-2.426897854531153158e-04,-1.286066267729109487e-03
2.762568919497515423e-03,-1.131589968772501575e-03
