-5.596974702403383350e-01,1.873841433104461274e+00
6.952319246126233976e-01,5.186074761384956711e-01
-1.229635100666746084e+00,-9.176871954338219339e-01
2.686085204949585636e-02,4.406349619523820538e-01
2.681172350843971097e-01,1.948652019951902625e+00
3.005491183240156516e-01,3.446589960214311854e-01
1.393990943465186927e+00,-5.456688658873684039e-01
-1.095435540254514839e+00,-1.563407867772559579e+00
-1.189472406051639064e+00,4.512398782329285485e-02
8.384380271271958396e-01,-8.679661314049973431e-01
4.436409782724617945e-01,-1.273000265875043002e+00
-1.220015129902475737e+00,-1.057574699657701789e+00
-4.706677649085265203e-01,1.822596414471961079e+00
-8.442135369605698880e-01,-7.365275428474648001e-01
4.729678046754346443e-01,1.233100120217028167e-01
-2.627863361560235922e-01,-1.438330378898792672e+00
-4.123936105497919002e-01,1.052212380888143617e+00
3.012945381739433603e-01,1.812077949253240727e-01
-7.800873717633474147e-01,-1.106901371846632509e+00
1.446055807854108366e+00,-8.916286153830224048e-01
-1.304939826870431752e+00,2.985833142128542783e-01
-1.456231988107091091e+00,-2.055915843644601226e-01
-7.257400323793193435e-03,5.022549169578561547e-03
-9.501807262320690617e-01,-1.011804894425295531e+00
1.528002604218596863e-02,-7.419986213828209110e-01
5.446024358705043866e-01,-7.029831798871688520e-01
1.978003104897043118e-01,4.189949834325426559e-01
9.987074735029828343e-01,2.294449030788560384e-01
-1.604583038259679739e+00,-1.100294639887893666e+00
-7.920929153635983822e-01,-1.505420003121060446e-01
5.721221263963495174e-01,-3.024129591664977967e-01
3.747672652586379605e-01,-3.610602541797333642e-01
-1.491798521737671690e+00,5.123298934164760565e-01
-1.069743119428805622e+00,8.831345206212247723e-01
-1.223476595693905988e+00,1.231295748345700325e+00
6.453863547934102218e-01,-1.293688867630570449e+00
-1.552970680028541217e+00,1.008909065876661959e+00
1.077800950689248527e+00,1.195282920650466485e+00
-2.288585789160922646e-01,-1.316893754901965252e+00
-1.580831889047080649e-02,-9.221270132957336552e-01
8.606092548956824073e-01,8.013625587129318273e-01
8.823326961299092774e-01,-2.665087836712656255e-01
-1.257799427190566366e+00,-1.804965147406125459e+00
1.675869323159520752e+00,2.442773728209291784e-01
-7.257400323793197772e-03,5.022549169578570220e-03
-2.196642403601450078e-01,5.648822541331026681e-01
7.816262883230639114e-01,5.541502888609255439e-01
-7.257400323793197772e-03,5.022549169578570220e-03
-3.321988868618704349e-01,-1.736176465204102848e-01
6.788797178158513523e-02,-1.077498267379107144e+00
-9.996045271229475615e-01,1.437265767115748771e-01
-1.451680561864678864e+00,-1.410478730404776948e-01
-1.455151441234622811e-02,-3.420352362527105949e-01
-1.157977123776963713e-01,9.141787627145252504e-01
-7.650212120825193585e-02,-1.281156616416590621e+00
-4.522950273087840700e-01,-6.702608751601264458e-01
1.041307877532044346e+00,1.279330102460267460e+00
8.487444636171426193e-01,1.457147223106324052e+00
3.483761887521080181e-01,-1.585420542828592572e+00
1.366494443659941993e+00,-3.323142454311688865e-01
1.020878808082942513e+00,1.485539060054833049e+00
-8.880184061066133117e-01,-1.176290306805997776e+00
-1.400276425718012696e+00,-3.350728905480608311e-01
1.577459303235858590e+00,1.651391709858758494e+00
-1.592024653934631218e+00,-3.767886365999053022e-01
1.275327817660329432e-01,-4.599704112603213435e-01
-1.940422505986469481e+00,-5.127728324878397803e-01
1.571811423754518211e+00,-1.014004112234203198e-01
5.449332798281545376e-01,1.163978423465140910e+00
-7.695534513670299059e-01,1.684467370536990805e+00
8.230704414364697907e-01,-4.728656904652842607e-01
-1.248011931393578772e-01,-1.169698057818457260e+00
9.579493743882229462e-02,-1.187550676946168560e+00
1.841810354380669201e+00,-4.432240708087724357e-02
-7.257400323793193435e-03,5.022549169578561547e-03
1.124900693031570142e+00,-2.914987721032746837e-01
-1.240834801902829909e+00,-8.535415561451729916e-02
1.798443869872331791e-01,-3.254475285607993928e-01
9.894649734636405958e-01,1.914005129803854344e-01
-5.433599548990014627e-01,5.615756113815610906e-01
-6.770118483549422139e-01,1.163560712963275456e+00
1.546091134679208556e+00,-1.792238312462298977e-01
-1.370336036646486511e+00,6.234584853552437300e-01
-9.982182201180277437e-01,-1.065194616439972153e+00
-9.579835876187539068e-01,7.859307220587505305e-02
3.824887953906195293e-01,-8.475459598699902619e-02
-7.111172735747383067e-01,-1.257813279139663010e+00
3.005520127054704393e-01,3.446577426823284052e-01
6.491293882803707005e-01,-2.576409377870977901e-01
4.032442575595524548e-01,-1.807115058701203314e-01
-9.275230787514489317e-02,-1.751227194684199295e+00
-7.257400323793202108e-03,5.022549169578565884e-03
-4.053421863785901524e-01,2.097955398723611586e-01
1.514438096985317950e+00,-3.921872424341649177e-01
2.529298078347551604e-01,-1.319638064245958198e+00
-7.257400323793202108e-03,5.022549169578578894e-03
1.099458121141785982e+00,5.873657255656307141e-01
-4.943181455873629226e-01,-9.430281066077721153e-02
7.788833717801008083e-01,1.972000667571877308e+00
7.692141567508958833e-01,4.119472009786489530e-01
1.985440504656702521e-01,-7.473571264738202435e-01
-6.393771442567294239e-01,6.984460033030119863e-01
2.005178113347187985e+00,-1.533093266052699244e+00
-1.412290018267080116e+00,5.627552590029250013e-02
-1.682792770479964339e+00,-4.921084867323259893e-01
-7.257400323793197772e-03,5.022549169578570220e-03
-7.257400323793197772e-03,5.022549169578570220e-03
6.153182099374266967e-01,-2.546400869166088654e+00
-1.155515814496772320e+00,-5.852055236006319106e-02
1.222257899696235217e-01,2.167031319496542707e+00
7.144615956468578499e-01,-9.295359145476674023e-02
-9.063153340645826450e-01,-6.644997351410873998e-01
-9.251810571544346606e-01,-1.567819133919455599e+00
1.363814678517131673e+00,-7.459789585700306314e-02
8.425071358450310077e-01,3.055227514716518100e-01
1.267259100253223414e+00,4.120300294815090747e-01
3.042915367024520701e-01,-2.546550443517789919e-01
-8.839622025642941416e-01,3.611096225375350910e-01
-7.553022612625738264e-01,-5.558896329048563373e-02
-4.943181455873626451e-01,-9.430281066077712826e-02
2.686081398441052537e-01,1.237896498782115717e+00
1.425309429007169948e+00,-7.635745967298581682e-01
-1.197167919088583943e-01,1.343249505224644924e+00
-2.627866354541911753e-01,-1.438330323469596550e+00
3.137255796259932894e-01,-6.002319895824299867e-02
-1.683713690439970545e+00,-1.644876623168667784e+00
1.777696467862373231e+00,-1.182515318949859839e+00
-2.820441564301445214e-01,9.960575417806769027e-02
4.324269609889261901e-01,7.351389275868813744e-01
4.766915068202882272e-02,-1.622487236647701891e+00
6.523538951584141321e-01,1.134076971591134964e+00
-7.257400323793183027e-03,5.022549169578545067e-03
1.082252511590338084e+00,7.154786216066432170e-01
6.580409298330789358e-01,5.307853369970887414e-01
-4.666813985998391479e-01,-2.073764993486661545e+00
1.013515591530038229e+00,7.832576104002040296e-01
5.362127158263721993e-01,5.963877098154608536e-01
9.748630213685526291e-01,-3.746521462162091254e-01
2.391884495408377109e+00,-8.071038060746890119e-01
8.051495613896013648e-01,1.277889479866968880e+00
4.460784644601103466e-01,-2.139825906400883160e-01
-8.093791957675448012e-01,-4.207628263506122401e-01
1.151928407275511823e+00,-4.455019536968069516e-01
-6.164060207713218942e-01,1.084714485166867526e+00
-2.201953250438839937e+00,8.082411296140866730e-01
-1.175684432912556643e+00,-4.447716309097501930e-01
2.121422951026876724e+00,-7.066016100634507913e-01
-3.389607909265127672e-01,1.830367926871404871e-01
7.092826824844780109e-01,-8.111061285232809004e-01
6.301855011086642255e-01,-1.648567138378837837e+00
-1.583737362110557934e+00,-5.534816350065424606e-02
5.677294725249650842e-01,1.362320042171790035e+00
5.821602275333574994e-01,1.493663336535373753e+00
3.706059342080362251e-01,-1.281503195448699950e+00
1.412391993067111828e+00,-1.472239022762971805e+00
-7.257400323793190833e-03,5.022549169578545067e-03
-9.371571588126978991e-01,1.075887672802144479e+00
1.596088445212996199e+00,7.515268725072783429e-01
-8.157320446156187677e-01,-6.665790270716648314e-01
-1.434549353185673670e+00,-1.281157526229123711e+00
-1.068782273626414231e-01,1.604109778320481849e+00
1.074594833785877057e+00,-6.351163842079482480e-01
1.323999357617556383e+00,8.442927721168370647e-01
1.035353166068691211e+00,-3.016005748995079921e-02
-3.898172602777515428e-01,-4.239015204180460877e-02
-1.802825098003576695e-02,1.874526885045384894e+00
-1.417331432262264324e+00,-1.402020575734610253e+00
-1.369509499522404417e+00,-9.123245776333703816e-01
6.648141259298707695e-01,6.465036253070592931e-01
1.735578151438340044e-01,-1.295324510603477863e+00
-3.753258097652828473e-01,-2.521338097558296076e-01
-7.257400323793184761e-03,5.022549169578527720e-03
-6.665178178878194970e-01,1.274860434221354533e+00
1.307108979641574686e-01,-3.372170515121154510e-01
-7.353071909385155980e-01,1.004359733440643998e+00
1.530880860792696307e-01,4.705758316052227053e-01
4.958284889919803984e-01,-1.239552760507797613e+00
-5.201955652415597431e-01,-7.807530786450738169e-01
-1.299274383275691225e+00,4.101871104568810544e-01
-7.257400323793189098e-03,5.022549169578532056e-03
-7.171554126472985402e-01,1.381135207791115205e+00
4.729678046754335341e-01,1.233100120217045514e-01
2.099966940766136325e+00,-1.265227116261597340e+00
1.341118190776009245e+00,1.142004276243127725e+00
-8.928353618504141220e-01,-1.007171904174087196e+00
-4.943181455873638108e-01,-9.430281066077729479e-02
-1.523218537047119181e+00,1.603835145277696661e-01
-1.397491340919421621e+00,6.558059082595158774e-03
7.604873775364607846e-01,-1.417933276757380678e+00
1.242562149876337951e+00,-6.654542110521827203e-01
-1.038155454211123763e+00,-1.679293947493468719e-01
4.415138686481854258e-01,1.377567656061907675e+00
4.588474094870954173e-02,-9.817475843456644480e-01
-1.473844870568624676e-01,-3.112228355498398158e-01
3.889328376619319849e-01,7.801455437823088257e-01
3.824887594556933834e-01,-8.475403908707260237e-02
-2.106435282846877977e-01,3.346509436401177706e-01
2.529468690697573297e-01,1.225942830831078689e+00
-2.627863361560234812e-01,-1.438330378898792894e+00
1.041036248723398616e+00,8.955674977489431754e-01
-2.879004529199113982e-01,6.950074138579799277e-01
-5.305091884865552609e-01,-8.708605502428009570e-01
5.495410977830129662e-01,1.082282164359954058e+00
2.858128243684777137e-01,-1.821937499850734055e+00
3.700890281621022626e-01,-6.178034724242733589e-01
-4.554377066789467438e-02,4.974020565946092320e-01
1.874508434393080014e+00,4.910047013653604520e-01
-7.257400323793176088e-03,5.022549169578540730e-03
-1.058770100071948939e+00,-5.923282778277845217e-01
-2.983815302958043314e-01,3.464241337546458133e-01
-7.257400323793176088e-03,5.022549169578536393e-03
-1.112053198434328261e+00,-2.811607620197845714e-01
-4.943181455873633667e-01,-9.430281066077721153e-02
-4.906512773184527887e-02,1.495972842243023404e+00
-3.816217873515463932e-01,-1.638676461565087061e+00
-9.199822374949183645e-01,9.454367101050205058e-01
5.847335050484651076e-01,-1.041250195795786926e+00
-8.131396928074651198e-01,1.042494676422250216e-01
-7.877568535906434022e-01,3.026227452468046031e-01
5.324910507453713970e-01,-1.229624584801940035e+00
-5.801872607043401242e-01,7.344868295630015975e-01
-2.973513833756850633e-01,-6.105445307099407470e-01
6.941983243935118120e-01,8.290504185653235769e-01
1.728612998917649302e+00,1.026033365291448174e+00
-2.812201969144132591e-02,-8.296893365805382281e-01
1.549285982354441815e+00,4.775106027502700190e-01
-4.707192346832608093e-02,6.313004314944832274e-01
-1.017796807939753245e+00,4.628050558373139056e-01
-1.028564967622113802e+00,-2.002518352039852900e-01
-5.765738637224343544e-01,-1.548260008853006742e+00
-1.002913349001247623e+00,1.885037869123342980e-01
5.645651259685990908e-01,-8.098544451851830139e-01
1.240370545594947860e+00,1.714285109542174612e-01
-2.531441907014531090e-01,1.692762910089215200e+00
-2.092029458266678466e-01,8.921332840448812362e-01
1.072347784361099565e+00,-1.056523091124670216e-01
-1.174105451747251339e+00,5.190929805396947705e-01
-4.954467015052361201e-01,9.269636014035194105e-01
-2.627863361625946692e-01,-1.438330378897575201e+00
1.463936287170862549e+00,-7.327443895692937748e-01
6.060444636085838832e-01,1.736540126595451650e+00
1.215135059870225270e-01,1.456399210535998412e+00
-6.828950325605956939e-01,1.675967270623414995e+00
-7.257400323793174353e-03,5.022549169578523383e-03
4.032712439905760116e-01,2.428990735734577189e-01
-8.040921484070427949e-01,1.628097871373742400e+00
-7.822192579434534832e-01,-9.208699122133289228e-01
-1.839334498238380800e-01,-2.361721458564988829e+00
-6.251205754712795271e-01,-1.275843046375180423e+00
2.889522991143246844e-01,7.436364582728194339e-01
5.900277936492507314e-01,9.243317095766130365e-01
-1.360596996652753576e+00,1.376444954178250857e+00
6.800435580756418741e-01,-1.120172791843397242e+00
1.427680081217072905e+00,1.027309118942382860e+00
1.652004390569322911e+00,6.852793611567824517e-01
-2.627863361560239808e-01,-1.438330378898790674e+00
-7.257400323793171751e-03,5.022549169578527720e-03
-8.334042835600617982e-01,-4.860351600772667702e-01
-4.063858650785616144e-01,1.471002163539401275e+00
1.149895223856336912e+00,-7.810504290736780542e-01
-1.409161284523374920e-02,-1.395182653057475797e+00
1.469485861709544317e+00,1.373209637604618782e+00
1.503220152571616230e+00,-5.805163530400528904e-01
-8.473565648237051384e-01,-6.245567040885379173e-01
-1.221624406397828988e+00,1.840458616371238643e+00
-7.143801692536011494e-02,1.264561407334356735e+00
6.454952905435760169e-01,4.360067482810128237e-01
2.995456214261119632e-01,4.032658330089944898e-01
7.079736304749352227e-01,-3.989999703587713831e-01
2.596274318416004201e-01,-8.487453408024625556e-01
9.740763019184545124e-02,2.910678843952189121e-01
-2.116037837229288066e+00,1.560393024548082153e+00
2.955560937751618988e-01,-6.595222670622362671e-01
3.563267677798311051e-02,2.985156497315036850e-01
3.825269879350693958e-01,-2.723341965316161684e-01
-7.831516871167152477e-03,3.532834589858170893e-01
1.347799804007397406e-01,7.298655772724835789e-01
1.306557315721207146e+00,-2.700849332139041437e-01
-1.992577237955439895e-01,-8.007924703891581286e-01
7.955067095685591783e-01,-3.380568840458910707e-01
1.087909566463284960e+00,-3.357469986831176922e-01
7.283847759232563515e-03,-2.991390773421325200e-01
-1.575478969246236094e+00,9.341181232262348866e-01
-7.257400323793167414e-03,5.022549169578523383e-03
1.816249776587840481e+00,-6.017492621762456917e-01
1.977264091849323044e-02,5.032693202936143750e-01
-7.185074147683621071e-01,1.891465502435833557e+00
6.262882707739958477e-01,1.290176298883787265e+00
-3.855143467100601851e-01,1.146106930718204353e+00
1.444906925443264212e-01,-8.434584617188969347e-01
-7.394394105836797904e-01,7.850571862736189788e-01
1.900149267845180789e+00,-1.613045119580891695e+00
7.500036738460574837e-01,-1.619376854689800860e+00
-3.776309077248011792e-01,-3.188205339236085956e-01
-4.397205378172034385e-01,-1.558544234180027299e+00
-1.770228003002295880e+00,7.001357923687138163e-01
-1.179000215517105099e+00,-6.178957864230490982e-01
2.341878000423028183e+00,-1.046382446866566562e+00
5.589389848280299500e-01,-9.550321525959979407e-01
-7.257400323793163077e-03,5.022549169578519046e-03
-1.332299883200492030e-01,-7.552313445816273285e-01
-2.473257148849423437e-01,-3.719849200759821062e-01
-2.983892183419564748e-01,3.463572672205656455e-01
-2.494647235802802676e-01,-2.378509211972048842e-01
-7.257400323793163077e-03,5.022549169578519046e-03
-9.303009360103192682e-01,3.966520686668838502e-01
2.733347189321853055e-01,-1.521200613095032184e+00
1.031866957025770581e+00,1.353595864069921051e+00
-6.740312769257849057e-01,-9.308287879340416682e-01
3.976253499830931237e-01,6.531569409638426915e-01
1.029755534093711011e+00,-7.397594657913045824e-01
-2.079339496171513701e+00,-3.617567145886229629e-01
8.981549082491140368e-01,-1.899520558791424341e+00
1.160488176035414237e-01,1.641993119053597905e+00
-1.631939849885302385e+00,-7.627902033613552790e-01
5.143463884354889659e-01,1.964379609961535822e+00
1.568745632854196881e+00,8.170098743177974798e-01
-5.144965182809233539e-01,4.460583144721234627e-01
-7.257400323793159608e-03,5.022549169578523383e-03
-1.401829712475727296e+00,-4.901920140101831969e-01
-1.741591669258724773e+00,-5.800540279007485589e-01
1.930192777210485711e-01,-3.855010902049163524e-01
-4.573935593197798188e-01,6.935704885812441489e-01
-2.089362465660544177e-01,7.213110113645223587e-01
1.000456293604181202e+00,4.998372175362215120e-01
-1.688093064705534330e+00,9.833373921055313382e-02
8.210273830256452632e-01,1.549727129356693656e+00
4.954188622952363508e-01,-8.378546857979907170e-02
-6.428458194421431404e-01,-5.659275627091264749e-01
1.572270085864874434e-01,3.666898130213645524e-01
-7.257400323793167414e-03,5.022549169578523383e-03
3.121252602382616481e-01,-1.677438095555664921e+00
-6.095198038814647612e-01,-3.707942195663103679e-01
-1.051167877799878303e+00,-7.313291275787610068e-01
-1.301203282864181299e+00,-7.812881709497007110e-01
-2.454972905161355301e-01,4.123838887976731815e-01
-1.512005335475519185e+00,1.337535304523571889e-01
3.407106429386083657e-01,1.774641998389216505e-02
-1.250240454220717945e+00,-5.653422013543245583e-01
2.325840206158722445e+00,4.582541598653571691e-01
1.158528272482205246e+00,-1.445938248126092063e+00
-1.288131809876398859e-01,-4.643257196916766860e-01
9.071200253315130357e-01,7.290929073089713608e-01
-2.063524373095509123e-01,-3.891662750046941954e-01
2.686861574164681535e-02,4.406325148982320750e-01
-1.493679929072649903e+00,-6.758664021645905962e-01
3.855393538543815390e-01,-3.077100438447036290e-01
-1.759838797896811968e+00,9.147448277384685467e-01
-7.701020490243906114e-01,5.081490674768595062e-01
-7.017370783214862406e-01,-1.177886713137504593e+00
4.729678046754334786e-01,1.233100120217033302e-01
-6.890437157183648686e-01,-1.168031879801180617e+00
-6.911271065859622142e-01,5.721392128241782338e-01
-1.055845272651320388e-01,4.800136346849622204e-01
-7.114605713911051899e-01,3.730312449912214223e-01
9.716494923011460561e-01,5.833544620435784367e-01
-4.233100085411953262e-01,-1.236663190395616896e+00
-3.665040818860133554e-01,7.467543646969359017e-01
1.381114770042139117e+00,5.474413961897570680e-01
-4.717924229826906957e-01,2.155066701337552681e-01
4.499530245786036442e-01,-1.421994319578092358e-01
-9.475789948132385954e-01,3.265581958137239171e-01
3.005491184252503389e-01,3.446589959812408344e-01
-1.655166022722932340e+00,-1.042839772706906365e-01
-2.349766817975885991e-01,-1.222040441433022373e+00
-1.159445109684006381e+00,1.028390835137762194e+00
1.655388045556294152e+00,-6.835288423357707699e-02
-9.381043568300964086e-01,6.571472617429486851e-01
-7.468522216854164841e-02,7.192450636390497198e-01
7.151626035312508289e-02,-1.950196841355053889e+00
-1.211502469982294883e-01,-9.977969356407122570e-01
4.080643020618315853e-01,-3.685048283429946669e-02
-2.795093031034723285e-01,1.322070146767597487e+00
-6.134219754100556088e-01,8.737387585387396127e-01
1.280889657948702132e+00,9.948551120072474108e-02
-1.694730045818456432e+00,4.352053476059620785e-01
1.087350178882458662e+00,-1.023279767871122514e+00
-1.330358058647636454e+00,7.448895136547961648e-01
4.432484462744186726e-01,2.386771919925281538e-01
1.135682532716644655e+00,1.103787558236362987e+00
-1.833009964218606846e+00,-9.247723638493490217e-01
-4.945714839740653068e-01,-4.500545605153450923e-01
-1.326026840699981113e+00,3.504443134857355702e-01
3.738837343163374238e-01,3.161697053402932056e-01
-4.522758805375728386e-01,1.430066819293983160e+00
-8.153273517846774121e-01,9.838297485819872401e-01
-8.731923748240325578e-01,-2.865557549028295570e-02
1.612003616130672778e-01,-4.651768143557026836e-01
-4.196740938171911739e-01,-1.366223821461927113e-01
1.369074808712698710e+00,6.855244499372900036e-01
2.340535565539548557e+00,3.106102425556060975e-01
-1.290336465210361716e+00,-7.437477660845315253e-01
-8.204967486180484437e-01,1.349253310060029909e+00
8.535285803850680697e-01,-1.523077950631350541e+00
-7.257400323793167414e-03,5.022549169578527720e-03
-2.462622688600016652e+00,3.531534427200573867e-01
-3.657999971703255332e-02,9.045958060454730720e-01
-1.415715508989186411e+00,-3.724986879471441359e-01
1.280071439903814667e+00,-8.306562653491024184e-01
2.623063607103946482e-01,4.301846499935386703e-01
7.030235501275240440e-01,-2.059865397450780233e-01
2.912893274709256464e-02,1.220303897015662109e+00
7.124455717337091487e-01,1.384680769439834869e+00
7.973339401295874707e-01,1.074695650159679161e+00
4.172493974437734843e-01,-7.609889467010629849e-01
1.316327777429092238e+00,9.649761927891137292e-01
-1.319712608352936689e+00,-2.566011490080156165e-01
1.156555029570822457e+00,5.565730710029439532e-01
7.894491495859646824e-01,-1.150590151159141872e+00
-7.257400323793171751e-03,5.022549169578527720e-03
1.791584567185920407e-01,-1.442435774544379434e+00
5.157615456582829994e-02,-4.704835003442269792e-01
7.810938678820401881e-02,1.742593142963613451e+00
-4.035927666150959103e-01,-8.182650445641104220e-01
4.785529548419099055e-01,-2.175313778802670170e-02
-3.222388386566729657e-01,-6.429014689636125546e-01
-1.191846056382658725e+00,-3.899452627586940667e-01
9.044830215934520634e-01,-8.452156568886446397e-01
1.292755930136632481e+00,-3.942029985580061680e-01
1.891223353935402030e-01,8.789864348371619895e-01
-2.671196518651372878e-02,-4.833436587741952728e-01
-6.781641664297642924e-01,6.291106704839936059e-01
-5.664374080762787367e-01,4.175011596143014536e-01
-1.134690264948306382e+00,1.268473744568535233e+00
-2.952281068112463935e-01,8.093894294958169366e-01
-7.257400323793171751e-03,5.022549169578527720e-03
-3.459763539088893114e-01,1.311622602803587778e+00
-5.060189112034504388e-01,-1.192260147389374358e+00
-1.343913115207931108e+00,2.631516598585239564e-01
-2.819734107063818773e-01,-4.632524535654167774e-01
1.156146217474034232e+00,-1.079660007592103260e-01
2.087490659064237808e-01,-6.541762325778969211e-01
-2.730585399958856407e-01,2.281829988421415212e-01
-6.334183378731386149e-01,-9.859129879101516947e-01
6.656247330867086642e-01,1.481399349640236007e+00
-7.257400323793171751e-03,5.022549169578527720e-03
1.518512339378305320e+00,-4.441786331738306615e-01
-1.339618462872006699e+00,1.393172620282947805e-01
5.696374056443282985e-01,6.735503852180799722e-01
-1.519400177600315205e+00,4.273017533087129505e-01
-7.985148465329753309e-01,1.620949328930225419e-01
-1.475167305619827340e+00,-7.740075145198009876e-01
-2.627863361560240918e-01,-1.438330378898791562e+00
5.087155604248734253e-01,-1.456990305938465902e+00
-1.379978140817122334e+00,-3.917675894730842101e-01
7.025265935241151727e-01,1.900303423206635145e+00
2.340957057679516229e+00,-3.017679616872569470e-01
1.211020661308846780e+00,-1.096418558825822842e+00
1.057722782250364091e+00,6.540645528184992896e-01
-7.958672418532877213e-01,-1.410032280602826260e+00
-1.738577931506815333e-01,-9.701687371447796915e-01
-1.005773590570756548e+00,-8.134058017224300718e-02
-1.500851154170301793e-01,1.304954189387364627e+00
3.055150503756001168e-01,-1.085543930849773409e+00
-9.640901978408283890e-01,-3.332040491570314455e-01
3.143322436781277318e-01,-3.435721338147421644e-01
1.023905179809658783e+00,-7.914160236734059106e-01
-2.613019663356763722e-01,-2.821822056469324158e-01
-8.872511550734503150e-01,1.567080886477349333e+00
6.009760341762951930e-01,-4.893147198361875172e-01
-4.570730103678981304e-02,-1.032941660257953975e+00
6.498839345307153570e-01,6.647805368363211009e-01
9.627158521731060681e-02,-8.599778735644634242e-01
-4.360865109468334277e-01,2.609294054664670903e-01
7.058361800459621582e-01,-1.549563386345216509e+00
-7.570838859379032115e-01,6.243046670703369383e-01
9.064987835749271916e-01,-1.670890251084700684e-01
-1.225763086231653309e+00,-3.232416802319260651e-01
-7.977624557535605287e-01,7.539876962614505684e-01
-9.990781235111647618e-01,6.118331537681440668e-01
-2.179265492064718646e-01,1.074768613204239776e+00
7.428064873872325391e-01,1.106010371023338879e+00
-6.347992481447755075e-01,-1.820081751412740090e+00
-7.257400323793180424e-03,5.022549169578523383e-03
2.771517210145187926e-01,-1.452542500593761166e-01
-7.257400323793180424e-03,5.022549169578523383e-03
-8.195780068548372821e-01,3.794732650398359719e-01
-8.490074505408278238e-01,-2.240278063889610927e+00
2.169654616550150683e-01,-4.242643315691707051e-01
-1.479740510270370457e+00,1.294672105913835969e+00
-1.223216996543695423e+00,6.170276904833530418e-01
-7.390835017738294210e-01,-2.718866991116287157e-01
-1.195367996777518371e+00,-8.116036028689441739e-01
1.063195766991994695e+00,-1.653680853648970883e+00
7.750950499573191488e-01,-5.343150156593546862e-01
4.439454930968446122e-01,1.768470168634532991e+00
4.825019579620314358e-01,-1.176903425847175333e+00
-6.463724351104543908e-01,-3.343739626863005410e-01
1.064963614648809093e-01,-7.223613398580310818e-01
-3.171244397155121852e-01,1.963492330533520569e+00
-5.156178319842692481e-01,1.413216145128512791e+00
-1.190832036727486942e+00,-9.956963231552552474e-01
1.043121135067535121e+00,4.434204227479522364e-01
-4.506771036755626847e-01,-1.702846149608673587e-01
-1.056433690166227235e+00,8.399848825114935025e-01
1.515374168488271778e+00,9.466361316233967704e-01
-4.548761510425415877e-01,-8.890043317322975369e-01
-1.381315919129759255e-02,-1.783054751250178871e+00
2.574583592003477639e-01,-4.338975196562671055e-01
1.845843364367453443e+00,2.394762188267394454e-01
-1.704979523052119195e+00,-2.553294001891969756e-01
1.934228758801077142e+00,1.475415695876388877e+00
3.749305979870976024e-01,1.161272158640045626e+00
5.507501123971535462e-01,9.000153749439596673e-01
-2.302922382672376145e+00,-1.092430299274034233e+00
-9.783086796173660060e-01,1.519392032811113236e+00
1.025970705320577547e+00,-1.473862990357929670e+00
1.338181513403848166e+00,-1.422582652561972805e-01
-1.057311937111317324e+00,4.391865599607482074e-02
2.450105211984178188e-01,-1.807711981449835748e-01
9.252220139644321550e-01,-1.078715307113585098e+00
1.184254222948379454e+00,1.358516059921817343e+00
1.425849080817183978e+00,2.900249520531049119e-01
1.230875836653961164e+00,4.751692614048784180e-01
-5.137307434160854891e-01,1.144849842469249035e+00
-1.577780087564822908e+00,-2.238542280397879392e-01
-1.076089631982726225e+00,-1.048069887766836183e+00
-4.670887113579015870e-01,1.146615243120120350e-02
-2.287181020435238576e-01,1.044456803886278706e+00
-8.316104127487031761e-01,-2.815340241220460893e-01
1.050940688849882065e-01,4.747636734161259642e-01
-4.943181455873647545e-01,-9.430281066077747520e-02
4.827440921071384228e-01,5.906656400540094554e-01
-6.145298455112004898e-01,-1.621346364735521295e+00
1.256785458388222976e+00,-1.092064283869456975e+00
1.172128079662861255e+00,-2.387113666438142601e-01
1.554070291461019604e+00,1.264448724037925631e+00
8.761077466935704994e-01,-2.038325860757602415e-01
2.555804090143529717e-01,2.800029318297387326e-01
2.316089223586600965e-01,1.577854091998204922e+00
8.392847688968890774e-01,1.240974049812584745e+00
-1.301684111885770823e-01,-1.602077848224099821e+00
-1.568729503228570299e-01,3.833187585297097577e-01
-9.938377964355232796e-01,-7.965533928647009487e-01
-1.012056545898988080e+00,-8.394390587654527724e-01
-7.989021966630089899e-01,-3.771823003942811336e-01
-1.109056625904386140e+00,-8.998394046478500607e-01
8.791054391028051140e-02,-2.826447663874610550e-01
-1.036040583153184480e+00,1.466773626984633649e+00
1.844275456762892174e-01,2.674304582787496165e-01
1.037620560052830765e+00,1.100174652538452452e-01
-1.337424955164689677e-01,1.753716066510933258e+00
9.886112244705029806e-01,-2.207155726934294585e-02
1.946071899967128649e-01,-1.109627904353147176e+00
1.236492918233880411e+00,-5.487947437007644202e-01
1.609376372078615614e+00,-1.189881625257889312e-02
1.562065485856541702e+00,4.132291229424294721e-01
-2.288588815595805903e-01,-1.316893695767716643e+00
-9.255227898481315219e-01,-4.141202833033614805e-01
2.158557763730520607e-01,-1.127101156547745342e+00
-2.741033205414800111e-01,4.329198849180627695e-01
7.474011585994356777e-01,6.844766801322053895e-02
5.567965067662956624e-01,-8.368976719185633462e-01
-1.415287771221564461e-01,1.084790561372341644e+00
4.866013335534662976e-01,-2.405186161248725085e+00
9.402390098771735705e-01,-6.921138895920113665e-01
-7.682367117492447939e-01,-9.921574464438095431e-01
1.273443740997313389e+00,1.004883130775391598e+00
-7.382623980479962045e-01,1.121237381038109993e+00
5.157615456582851504e-02,-4.704835003442292551e-01
-7.257400323793178690e-03,5.022549169578514709e-03
4.020797387526049427e-01,8.546937562609596695e-01
1.866721881575645448e+00,8.537027745837533210e-01
-1.326273635327045008e+00,2.041337860525751224e-01
-9.453905604303495247e-01,-1.166941413674042805e+00
1.742397243896453674e+00,1.163399462983711052e-01
-1.761166638197058168e-02,-4.376042308186230412e-01
-5.440400463414842847e-01,-1.353423770561435813e+00
1.867524377867504359e+00,4.233752350829114719e-01
-4.251322938693176678e-01,5.665001433412657494e-01
8.301190243881958475e-01,1.527265808970831584e-01
1.715721228927415298e+00,5.986763702490448535e-01
-7.257400323793170016e-03,5.022549169578523383e-03
4.729678046754332010e-01,1.233100120217043294e-01
6.116601543722087753e-01,-6.173895831088661579e-01
1.156994093294527320e-01,7.145661605429409757e-01
2.231482310829085158e-01,1.128858415802346471e+00
1.284894221986153884e+00,3.987181722986595789e-01
4.291894675343850274e-01,1.218514945918606429e+00
7.634513343345492586e-01,-1.069153320340930247e+00
1.743509959554569513e-02,-1.357014678390113138e+00
-3.446967471567408681e-01,1.597860630088447031e+00
-7.048590538480740131e-01,5.037329413440183590e-01
9.728235023227832512e-01,1.829658735539441972e-01
-1.929074124037329696e+00,1.550237018599064653e-01
-2.348537626044082949e-01,1.215410460751625399e+00
1.280071402683718773e+00,-8.306563252347236581e-01
2.371784436328780998e+00,-4.918529532016233108e-01
4.724671010508831315e-01,-8.840377708305807714e-01
2.209564252145158392e+00,5.094430498957099734e-02
6.101576605891081417e-01,2.935125560885857438e-02
4.608349851492340998e-01,1.511437145988020925e+00
-9.072775558406173113e-01,1.566789438931268930e-01
-4.943181455873633112e-01,-9.430281066077739194e-02
-1.073465122945401307e+00,1.161439178454610310e+00
-1.502159392372953706e+00,-1.117728737536270462e-03
-7.257400323793170016e-03,5.022549169578527720e-03
-1.390009763923526487e+00,9.265708524587515926e-01
1.179383568548135974e+00,7.408301584462542166e-01
-7.257400323793170016e-03,5.022549169578519046e-03
4.784921975508568681e-01,-1.578943588760718386e+00
-1.531943138940081717e+00,-2.508630846694613892e-01
2.167164877587113569e-01,1.348777046038944105e+00
2.006834001046202243e+00,-1.530924724803379933e+00
-5.932340268540117201e-01,1.305802621484881687e+00
-4.263088836838999085e-01,-3.015537263210157914e-01
-1.362516220818357660e+00,1.054561533639678084e+00
1.197566042788023255e+00,-3.592925887724340156e-02
-1.461206451429874376e+00,5.769895311479326105e-01
8.501677244124172805e-01,-1.261870348593742586e+00
3.570888561462489119e-01,-8.806745285394168565e-01
-1.950433449822422671e-01,4.629066806479568141e-01
-7.257400323793183027e-03,5.022549169578519046e-03
2.467000970805608151e-01,-1.555305830854770255e+00
4.954188623476099007e-01,-8.378546833743021061e-02
7.097241128126353660e-01,-1.640977326444673645e-01
-9.020063707094946315e-01,-8.703785522710285605e-01
2.978412152512682765e-01,-3.934097101777799810e-01
-7.257400323793183027e-03,5.022549169578519046e-03
1.260276610916596152e+00,-3.364791006767715587e-01
3.889328399584310314e-01,7.801455426227295042e-01
2.471399323494238853e-01,7.693553026859862864e-01
8.244283610912616078e-01,3.731797192348868530e-01
-8.209837429166465528e-01,-1.664511910427314723e+00
3.386332461259142779e-01,1.394155061263362971e-01
1.247041996537608943e+00,2.071804461732503488e-01
-2.091560791824356724e-01,-8.919737750400122955e-01
1.389964662063500000e+00,-1.841940696842109537e-01
-4.953132693352675364e-01,-1.009825437692076555e+00
-1.193191065593599332e+00,4.994956877700694742e-01
-4.676515702449685064e-01,8.536012147512612724e-01
-1.242278473244819770e+00,-1.720668639492022867e-01
-3.243532739217512284e-01,-3.938927706453899114e-01
-1.518422164101276062e+00,-4.581095112871916286e-01
3.260057460633934423e-01,-8.353968796302390087e-01
-7.257400323793170016e-03,5.022549169578523383e-03
7.766101866845785962e-01,-1.281319800678764720e+00
1.269920586715207467e-01,-1.116220316302137361e+00
-7.257400323793170016e-03,5.022549169578527720e-03
-4.230280845695050806e-01,6.157817730437844389e-02
3.006376633686935404e-02,8.066899658199974121e-01
4.837785338634012500e-01,-6.734743193172590958e-01
-2.215896052778180803e+00,-2.681424493318772528e-01
-4.973302415168305290e-01,1.982469235416532416e-01
-3.330210262997730930e-01,-3.290489364142471507e-01
1.490776902037838914e-01,-1.842170255869093110e+00
1.384506029848151520e-01,1.064886544427695148e+00
9.657191331805440315e-01,-1.164817029160046813e+00
-4.495811290174238639e-01,-1.024491175197643544e+00
9.600528471073769277e-01,1.516313078484703203e+00
1.244121614904900586e+00,1.491955039083728805e-02
-4.943181455873627561e-01,-9.430281066077728092e-02
1.873344788490009794e-01,4.598049948551133914e-01
8.256093785549690756e-01,8.713834082228746336e-01
-3.909928697878886639e-02,-4.151621097917540526e-01
-1.042345068646568951e+00,6.937808307128026097e-01
-3.204556959894986345e-01,1.134616305261983094e+00
-7.257400323793174353e-03,5.022549169578519046e-03
3.406247264238996264e-01,1.495194683846832406e+00
-2.104169355508321571e-01,-2.523108764947494809e-01
-1.157938172464789250e+00,-6.819650695931036566e-01
5.908066421720763461e-01,-5.953247506163612535e-01
7.469782928339097072e-01,-7.639744056238448877e-01
-1.177357233500906819e+00,6.980328398928044020e-01
-4.091069008574202970e-01,3.384554669578337394e-01
5.291877014517419875e-01,3.740903139273945577e-01
-3.485152044137726501e-01,8.650346093649670109e-01
8.428347678390587516e-01,-5.441499701821841395e-01
-1.667974229895546001e+00,1.241487753477816591e+00
-9.756449063404273314e-01,-1.440461806294039082e+00
-3.333917314973988688e-01,7.160359584207530437e-02
8.870548882924400580e-01,-1.027080457870193309e+00
7.643800253324286587e-01,2.264698139051113113e-01
-1.133085288770918853e+00,-5.008458972958136357e-01
1.173124358637458897e+00,-9.465558373778796275e-01
3.855421434866805885e-01,-3.077093601358257269e-01
-1.622294159239813793e-01,8.683231248203536756e-01
-8.447208142838655287e-02,3.560230329015897643e-01
1.845384043223624593e+00,-2.337380063541999453e-01
-9.179554390144590847e-01,2.604574503164882593e-01
3.321607290904367571e-01,7.726935781439671358e-02
7.705470623385871076e-02,8.210616812673272591e-01
6.408480585763038917e-01,-1.142897084208649217e+00
9.566035843564801855e-01,9.869715151802401776e-01
-2.627863361624933614e-01,-1.438330378897590967e+00
1.004312453614669032e+00,-5.845664419756008146e-01
1.053947366084382997e+00,2.479844434459258229e-01
-5.626845483946298909e-01,1.376933733475023347e+00
-7.078939427301552678e-01,4.275583487906565311e-02
4.729678046754341447e-01,1.233100120217043016e-01
-5.571533508813860669e-01,-1.181647410526857289e+00
9.914462410167558248e-01,-8.654589805160335381e-01
3.784401640638890285e-01,-1.786371361192186313e+00
5.213774838460963901e-01,-8.418738177504122566e-01
4.886445594770217338e-01,1.848114549068619397e-02
-3.376791637277868907e-01,-7.431202685645856842e-01
-1.173264818991001546e+00,2.037030068129566385e-01
-1.429292217856347469e-01,1.546889418965794905e+00
-7.435213054672124011e-02,-7.087061514223712555e-01
-7.694800564042371394e-02,1.168327934503650578e+00
-9.111014793044104332e-01,-3.452383575632731599e-02
-4.787646197614702226e-01,4.802907509760745985e-01
1.067822943434205252e+00,-1.850201908564734210e-01
1.224487591475150960e+00,1.234016497862774786e+00
-1.292888927866949478e-01,4.145036575840759796e-01
-6.116220550543136625e-01,-6.074739259630557164e-01
-1.050789402149068907e+00,-1.149204714306405251e+00
3.227864673282942465e-01,1.347667081769514441e+00
-5.128806144977559045e-01,1.522732715280737392e-01
3.091107942727611690e-01,1.511252970617126046e+00
-3.837185607768830442e-01,-5.632978311007232897e-01
8.766746349842843844e-02,-3.811112396844574812e-01
8.886534647632847728e-01,1.151165157453264865e+00
-5.752745161257440953e-01,2.311222983993484359e+00
5.310669142310596724e-01,9.900964197903435737e-01
-2.134823979317791665e+00,-1.393732307493832367e+00
8.476331356781167947e-02,1.294333649546298259e+00
1.043619404416370466e+00,-5.358934567031562457e-01
-8.384714240229991233e-01,1.271462948943141491e+00
-3.462845636612716382e-01,3.203890889061653535e-01
2.547715507332718454e-01,-3.163389982884871610e-01
1.366599487657577550e+00,-1.122992017162741663e+00
8.234710751607108303e-01,6.957331068373684424e-02
3.030216204518328960e-01,9.533641154274143936e-01
8.638568506463212282e-01,6.733547124690194563e-01
2.960644106255596042e-01,1.709782886727726492e+00
-2.627863361560244249e-01,-1.438330378898790674e+00
-1.181012565401006631e+00,8.321755628668272564e-01
2.284216004265437194e-01,6.573779282030843829e-01
-1.654781479504486397e+00,2.318039635955985167e-01
-1.000091177189901037e+00,8.700990444499070442e-01
-1.186092045700291475e+00,6.647230918840818514e-01
2.340847728586200882e-01,-8.911037570416683318e-01
1.405786546432597595e+00,9.418997969106603085e-02
-7.257400323793184761e-03,5.022549169578525118e-03
7.854186256560524715e-01,9.247049634906846505e-01
2.880425059335580129e-01,-2.033983083941957037e-01
-1.136237276148389208e+00,1.451091562227112108e+00
-1.675286961520729978e-01,2.949481073777888152e-01
8.673434701361026899e-01,4.530792359333843944e-01
1.060167433668176118e+00,-2.047558779314674116e+00
-5.496419258744775771e-01,-1.421612197434376279e+00
-1.190143492241485967e+00,-1.336823723274764841e+00
-1.054955083176607911e+00,1.317079667501746876e+00
-6.116240289481351677e-01,-6.074717963635166695e-01
-1.421102349729637115e+00,-6.166026042302719112e-01
-2.648657633403473932e-01,-1.142254374813664874e+00
1.009645674500788015e+00,1.886428513522053318e+00
-3.665277530494935876e-01,-1.055854155148534090e+00
-1.430044653805593535e+00,7.920135418631236712e-01
5.157615456582837626e-02,-4.704835003442277563e-01
-1.792811520584876028e+00,3.595114865923563219e-01
3.443691520852787402e-01,-1.019430225520575384e+00
1.471917721868758910e+00,5.627068190117435753e-01
-2.730565873046292280e-01,2.281842269525041489e-01
1.376506916049720974e+00,1.848410220047592978e-01
-5.882384823761840215e-02,4.475094037307144612e-01
-1.069725059075572471e+00,-1.999011396623031178e+00
-1.184999015873484246e-01,2.001362597853639347e+00
-2.858650035316247506e-01,1.577163842990052300e+00
-5.633130246536651731e-01,1.106250906571041970e+00
-9.700877986202761927e-02,-4.722557866493458656e-01
3.556282127335473331e-01,-1.322798798179316115e+00
-5.351459009719125026e-01,-6.610714056116362425e-01
1.400770480074642332e+00,3.392555233557248417e-01
-1.275498332723153272e+00,4.319309175485403496e-01
8.735635505581489380e-01,-7.430902410423312343e-01
1.192373604769631834e+00,-4.033346134852596188e-01
-3.915511735829336204e-01,3.097320921076636147e-01
-3.084948041118657502e-01,-6.352858636356685518e-02
7.139584354525448928e-01,-9.651745773481840152e-01
-3.300312239122716457e-02,-2.367677573370085664e+00
7.005449978247096920e-01,-5.076167262725840290e-01
1.159473938219430345e+00,7.070653599765662767e-01
-7.834200465615329678e-01,-2.369017901171373286e-01
3.735935949521761446e-01,2.025382520739366921e-01
1.004034062694086016e+00,9.307339063166472082e-01
-7.211864035030716158e-01,-5.675317993847840414e-01
8.545084789682957371e-01,-9.855549947652751941e-01
3.356549300607360453e-01,9.297753721837842544e-01
-1.947143833864517781e-01,-6.714432941072834282e-01
1.280071431137778992e+00,-8.306562794532960092e-01
1.754781862499961154e+00,-3.644627970941282658e-01
1.260170238013305521e+00,-3.368655639814760461e-01
1.111546655923661975e+00,-4.974909809106999869e-01
5.473319354816876814e-01,-5.513656385782353953e-01
1.228904162563870583e+00,1.766553855181797639e+00
-4.571105082305171874e-01,-2.040536963684760063e-01
-1.809060367263451763e+00,5.472489319675137853e-01
4.203880696704740405e-01,2.909131721919775981e-01
-3.868454825848165468e-01,1.460571460325280624e-01
1.397026819402322539e+00,3.649693694033239594e-02
1.148962296208265732e+00,-1.307200338909458415e+00
1.118303192955324654e+00,1.767674333585095015e-01
-8.188528185328969658e-03,1.366011389928535325e+00
-6.179922434232119205e-02,1.023725987769528167e+00
-4.670887113684738523e-01,1.146615243409554626e-02
8.997268652453498383e-01,-1.019165538183407771e-01
-4.768107317607059303e-01,-1.203448303133990427e+00
-5.601611340591372556e-01,8.978998042486002751e-01
-3.052127992881811247e-01,-2.359597550897086782e-01
-5.209240794999475677e-01,9.700233715436204496e-02
-2.385765894919808228e-01,6.324593878725336404e-01
-8.664267257146063272e-01,5.245824233791913649e-01
-2.373021893101141089e+00,2.684672594421945099e-02
4.224749631006676776e-01,4.482521801464570688e-01
-8.144848090376097804e-01,-1.261895228737957009e+00
-8.865941492112673350e-01,1.149877470219447417e+00
1.999119721442092490e-01,2.278251795683835512e-01
-7.257400323793170016e-03,5.022549169578517311e-03
-2.999878666211249767e-01,-3.785134277180017270e-01
-3.783174539563211643e-03,8.381477097313527747e-01
-1.694146540339243723e+00,3.495216716136906876e-01
-1.178472639471195516e+00,3.811673574531188602e-01
-1.073220754837073798e+00,7.821343688881411405e-01
2.686861569919794454e-02,4.406325149130408958e-01
1.837150928026645980e-01,9.409873003427086102e-01
-3.830685616418527117e-01,-1.007233406086943894e+00
-1.678081920880914735e-01,-4.545753845781647096e-01
5.228885478340675741e-01,8.321230412301046098e-01
8.692463555440418932e-02,1.055531469854234405e+00
1.146877069216301059e-01,1.879295591806597887e+00
-1.466077438636684382e+00,6.742451783670346810e-01
-4.640328042888330340e-01,1.081219242757250482e-01
-7.257400323793180424e-03,5.022549169578521648e-03
-7.257400323793180424e-03,5.022549169578521648e-03
-1.382040267270496559e+00,-8.642066163372875698e-01
-1.305977585848592915e+00,1.096976242170903948e+00
-1.331065653164228979e-01,-3.682648428749816238e-01
-1.016363840013207120e+00,-2.512727621841175374e-01
7.690989426262720974e-01,3.153812579723384024e-01
1.187678295197758471e+00,3.422779810935077105e-01
6.748849121878477408e-01,2.672625716711072297e-01
-5.205787905248697722e-01,7.755143738726870684e-01
-8.506327571546995481e-01,9.592847127324981571e-01
