-2.054441154250926105e-01,-8.723292834075131452e-01
2.736706030790058142e-01,4.035762989354649832e-01
1.160043150161395697e+00,1.920780464211785110e-01
-2.222877744878402617e-01,-8.552629180809530052e-01
2.790382234698788322e-01,3.932793401105695863e-01
-6.782365265020012801e-01,8.955492594563708719e-01
2.411690140975878693e-01,4.170257968686019723e-01
-4.800164025957752156e-01,-8.849893310064966823e-01
1.161628480712013189e+00,1.944682730736352061e-01
1.166668231101567699e+00,1.977424349315171914e-01
-1.367239222966152079e+00,-6.870066481101293476e-01
2.627023594366388881e-01,3.895205963344638977e-01
-6.818374759786983708e-01,8.906094446035579537e-01
-1.922580737172406851e-01,-8.702913945294610265e-01
-7.320249266855222148e-01,9.359667241859193076e-01
-2.043106778772302290e-01,-8.613525404408066688e-01
-1.271906607366095177e+00,-3.232993115107939408e-01
1.175334672286951321e+00,1.971563179585360259e-01
1.167437126408118031e+00,1.953579408891689961e-01
6.799842447667365786e-01,-1.060273730622652621e+00
6.864510786731323755e-01,-1.071231872789514927e+00
2.417102957593414703e-01,4.102939225244454646e-01
1.139469862399796085e+00,2.112255136513247755e-01
-6.788382640134275059e-01,8.939839474578520351e-01
-7.180023631797692873e-01,9.082223043384569650e-01
-7.079129528786000103e-01,8.860199225175725557e-01
-4.849335280152565208e-01,-1.164485213374675698e+00
-1.217553723797176080e+00,-3.392680193839689995e-01
-7.886584583022802075e-01,9.639415262517747607e-01
2.144042145920782294e-01,4.221066136572368399e-01
2.606385176142018700e-01,4.135560261360674561e-01
-1.157757129894751547e+00,-3.743537275420655286e-01
1.151521180348892059e+00,1.926747348649436031e-01
2.863243929944045973e-01,3.932241139157776066e-01
2.913632264240554326e-01,3.957086284732370673e-01
-7.353600072153813061e-01,9.082117840056265212e-01
-1.148740358477459367e+00,-3.668236194642278125e-01
-1.371409099715903634e+00,-6.837068850564447242e-01
1.142818178192801293e+00,2.103421881441630281e-01
-1.372420337333511542e+00,-6.839348722491702670e-01
-6.714878157526277258e-01,8.948937212923911977e-01
2.583872186646456459e-01,3.875554480269847724e-01
1.170031912410083974e+00,1.940529043215258598e-01
-6.779678018725344701e-01,8.924486924303057789e-01
-7.079789456859678642e-01,9.079002962570729141e-01
1.171079429077008793e+00,1.947575856157793550e-01
-7.412180683632260125e-01,9.465949687255040823e-01
-2.204583589992574755e-01,-8.818700782095121316e-01
-1.909686817439202877e-01,-8.696316225355105178e-01
1.799212507405861527e-01,4.329486842385547041e-01
6.481177555022491488e-01,-1.080115362503754728e+00
-7.134157856183690471e-01,9.094077133798490475e-01
-6.744865049985583338e-01,8.947279025907264316e-01
2.682719175339146611e-01,4.025658846958274917e-01
2.003194362505946458e-01,6.979867207319137012e-01
-1.328032680381131092e+00,-5.579048683711764767e-01
-2.777474442973117963e-01,-8.255323918842960573e-01
-6.958787822551492086e-01,9.017149024718005279e-01
2.585637903674097293e-01,4.014900673418867472e-01
2.249654241558547152e-01,4.120417954054266807e-01
1.844639859589730368e-01,7.069477550842581115e-01
-6.887626940722292312e-01,8.908656691462096822e-01
-7.676817657667003303e-01,9.502463347045290165e-01
1.163757090163488161e+00,1.946965186732679542e-01
2.811399047638946103e-01,3.935931825690347496e-01
-2.361991475079290026e-01,-8.466314994705013142e-01
2.237626567479963080e-01,4.015588284788734197e-01
1.145361042347488922e+00,2.004446718119395066e-01
-1.420099320115367769e+00,-6.842941872695744721e-01
-2.501896728616734844e-01,-8.481047972037567551e-01
-1.407957090609513129e+00,-6.985539500913144906e-01
-2.619581761634650618e-01,-5.663843097081515676e-01
1.124659911508409937e+00,1.758978588261796150e-01
-2.697372955609378398e-01,-8.406758321332643558e-01
2.486318650932985153e-01,4.167958268861489124e-01
2.101870413665002657e-01,4.352053813153335948e-01
-7.667236662011741588e-01,9.447858483395404905e-01
6.634739368810611548e-01,-1.067503852797098585e+00
-1.421443951036218900e+00,-7.031941736718680946e-01
1.915577282048251118e-01,4.309970785209539246e-01
-1.263994069039477974e+00,-3.082995873686386612e-01
1.176058269115085153e+00,1.973026281842194807e-01
-1.293628925818464392e-02,4.610420564228173701e-02
2.426106317168672810e-01,4.091192031747072355e-01
1.165174554981961652e+00,1.919236785769282416e-01
1.835859557178450563e-01,7.224125752144940904e-01
-7.030621302678964346e-01,8.892034552454053387e-01
-6.947880220051966260e-01,9.018621683406997658e-01
6.767520339187212963e-01,-1.056153357885321054e+00
-6.892496645377020892e-01,8.886138199137623150e-01
-1.950232741617453636e-01,-8.705389944248618228e-01
1.161843167421056311e+00,1.900342395821852659e-01
-7.000856439660566588e-01,9.033838542600989285e-01
-2.200661010252213390e-01,-8.548194718326147523e-01
-7.149281193257429612e-01,8.964831412855693848e-01
-7.271696215686863640e-01,8.908093113141929420e-01
2.738077011170542141e-01,3.898027831611173832e-01
-1.381563653928185031e+00,-6.856289083197630863e-01
-7.704288233785849815e-01,9.380859358302874318e-01
-1.406229280476274157e+00,-6.856123386998878022e-01
-2.157517780095429827e-01,-8.448101544647279582e-01
-1.171558058672971026e+00,-3.674106945626445242e-01
-2.083226311765213612e-01,-5.808904818561373418e-01
2.763836034855662316e-01,3.909024844745320193e-01
-6.919525705487920009e-01,8.886287560127935636e-01
1.640076106712576587e-01,6.916037573041480258e-01
1.168296061004105102e+00,1.932248834555995998e-01
6.818202212586396138e-01,-1.073213261683860331e+00
1.900735607522771875e-01,7.033155537800336310e-01
-7.431788976560992355e-01,9.363671312390640100e-01
9.189876047309314400e-01,-4.432399955924440915e-01
-4.133794292301618545e-01,-1.190233159668458773e+00
-1.236397524524885494e+00,-3.195337674426660390e-01
1.155398414676443331e+00,2.069885798818254241e-01
1.170144742808506999e+00,1.945330092752035334e-01
-1.183083786603057241e+00,-3.632166027400589026e-01
-7.877124982136316511e-01,9.446094445985813159e-01
2.015417334697565399e-01,7.015303385373679035e-01
-1.452298311093684680e+00,-6.925826287110450341e-01
2.430099208309426662e-01,4.173890967699617760e-01
2.296197366006992036e-01,4.052101868410676877e-01
2.439211834361064979e-01,3.864171673865749446e-01
-1.150950512830654304e+00,-3.716427606973068398e-01
-6.986528472938705603e-01,9.020203225959811943e-01
1.165580478592517233e+00,1.917823831441794191e-01
2.754244824821087123e-01,3.934317180622654564e-01
2.556157769065428020e-01,3.832499162293424577e-01
2.578910549333565116e-01,4.101630671960423968e-01
6.786377129011252896e-01,-1.077602449401459772e+00
-1.847656578318924159e-01,-8.690511001053271567e-01
-2.952558243981784347e-01,-5.618987044113661344e-01
1.167315298172387550e+00,1.926024751899454157e-01
1.149846903993098746e+00,1.960611009886767120e-01
2.476958437712808714e-01,4.218447755431640189e-01
6.464132780882640983e-01,-1.089502154699256486e+00
-1.163019605204168805e+00,-3.712077165697888481e-01
-2.785996716053571465e-01,-5.682363470474849354e-01
1.162934622130632034e+00,1.917532011110640033e-01
2.557334205588472908e-01,3.940546055872091724e-01
1.144268469057324822e+00,2.125793387899546361e-01
2.336429515804206158e-01,4.049034184617149035e-01
-1.151883574455583759e+00,-3.698642049618802163e-01
2.441815302129690946e-01,3.992747705406806125e-01
-1.385582019170758405e+00,-6.846557664842467528e-01
-2.172100963255904627e-01,-8.637607664688324860e-01
-7.554579257177457263e-01,9.181226893717338022e-01
6.747066512945473216e-01,-1.079610409435217466e+00
-1.869807888509455451e-01,-8.706090922055171877e-01
2.212288018075749541e-01,4.236787640738441940e-01
2.689262364233460101e-01,3.937501480409896781e-01
2.780936879901537706e-01,3.944261694450423295e-01
1.163522590592781514e+00,1.906768430911559842e-01
6.912021629047740978e-01,-1.069885095598175795e+00
-1.162013272163080480e+00,-3.647417722529099904e-01
-2.608294942941048467e-01,-8.347619348061208200e-01
6.823257229028651949e-01,-1.071394952075183316e+00
-1.166548127051771022e+00,-3.717011088301737098e-01
-2.411761908192404380e-01,-8.500882689883813015e-01
1.162125751212685687e+00,1.943521471629222896e-01
6.806897035970019827e-01,-1.077806166024459333e+00
-6.792307826239153412e-01,8.944824065477349206e-01
-7.292536751156236674e-01,8.963170702568111770e-01
1.151445701632127783e+00,1.903766104594173114e-01
-8.041666457941993862e-01,9.685473941746817195e-01
-1.153840843297543550e+00,-3.723086956096908762e-01
6.998796468640313684e-01,-1.066942435696292435e+00
1.166260549938701097e+00,1.945090960623563625e-01
-7.702891660701716159e-01,9.104514907524541290e-01
-7.331316352170468287e-01,9.181970358494001561e-01
2.594334195695261469e-01,3.845007983855422973e-01
-7.353780732216596006e-01,9.401519657369201699e-01
-1.436624993346382828e+00,-6.550799738323858090e-01
-1.151476328396657145e+00,-3.704066201128797253e-01
1.924789016700635125e-01,7.070997855667269238e-01
-4.062451001397875960e-01,-1.188764944489662412e+00
1.162346852682095477e+00,1.927678938171434042e-01
1.157967246436341746e+00,2.032540281648856639e-01
-2.086950093020138453e-01,-8.724379236257990833e-01
-7.568901917128193491e-01,9.544728261903298039e-01
-7.006895395840549989e-01,9.025685764032900238e-01
-2.376234016163285279e-01,-8.447881868133870764e-01
2.518885998881902344e-01,4.079141399663068768e-01
-7.874423537756469749e-01,9.394295113451199830e-01
-7.150340014904453811e-01,9.214599984240792185e-01
-2.118470742862206824e-01,-8.641176068235598695e-01
1.151041669493924280e+00,2.058122262588656104e-01
-1.158837378726067513e+00,-3.723644605356787318e-01
-2.671608011421076068e-01,-8.157878880150339906e-01
-6.878465134070493869e-01,8.910285780362336983e-01
-6.969814924187970329e-01,9.057237792265592224e-01
-7.112262871264648512e-01,9.113668499660300126e-01
-6.827999158073708719e-01,8.941524521527427494e-01
2.103041226823683940e-01,4.260261795571361754e-01
1.164472784849964526e+00,1.911346427453080865e-01
2.623582375543488387e-01,4.005079098579006347e-01
1.955079661070253383e-01,6.934581517685467489e-01
1.147861331058844581e+00,2.048836159143257174e-01
-1.150521404460189245e+00,-3.685691739750099893e-01
-7.288769531060595996e-01,9.297156076572320460e-01
7.020877706982614486e-01,-1.066538702872650735e+00
1.164450720615325618e+00,1.948976913160629099e-01
1.157788633882642415e+00,2.073481809884690497e-01
2.355970173178108251e-01,4.277848913397973574e-01
2.281541471922895192e-01,4.160930095750590141e-01
1.164623062330302883e+00,1.911335208580281220e-01
-1.167971779294104451e+00,-3.626669386580408383e-01
1.165676469958405459e+00,1.953033868911629722e-01
1.155136438842996327e+00,2.034604715460898994e-01
-7.214109720113325297e-01,9.127561374900986513e-01
-2.150382053716402564e-01,-8.526447625123834140e-01
-6.999964135360626782e-01,8.957372299790846704e-01
-9.423809255140552787e-02,-4.301299755019422077e-01
1.977421020783089733e-01,4.269327025403013565e-01
2.834761941681650521e-01,3.950814541301185256e-01
1.174821085033132873e+00,1.966184024826055643e-01
-6.936298539287030218e-01,8.894558252470170512e-01
-7.311279322593043917e-01,9.170022293240139843e-01
-1.962182198411936973e-01,-8.701265656964787265e-01
1.168836329912863903e+00,1.934200714693604939e-01
-1.210835725187084044e+00,-3.429396782856434789e-01
1.147505048035657893e+00,1.977025141064626956e-01
1.171681976551476101e+00,1.962893233983897534e-01
1.161857923245547708e+00,1.918518090534972742e-01
2.298291725763103310e-01,4.116703632452118899e-01
-1.864680945909842902e-01,-8.684484665953724480e-01
2.805318624100338054e-01,3.908911981479935571e-01
1.160810874331736464e+00,2.068191068616724582e-01
2.839256866716137750e-01,3.948265633960268417e-01
6.670669319634955352e-01,-1.075877724192289442e+00
-2.196606184656715866e-01,-8.637291486367415505e-01
-1.192740233304122821e+00,-3.552672696388192719e-01
-2.363952165244782300e-01,-8.593510754512823091e-01
-1.831694181450298498e-01,-8.682078061952900327e-01
1.166789439694387642e+00,1.952549117855470751e-01
-4.289968188377699110e-01,-1.182990690028765002e+00
1.161046732800131709e+00,1.949901058732513015e-01
1.843380904274529997e-01,4.428437988650422708e-01
-7.422100674103860873e-01,9.125932105790466320e-01
-1.354103038360972011e-01,-4.319004818974103710e-01
-6.739338347201083712e-01,8.951026962393656694e-01
-7.238540614609886292e-01,9.143626373587647738e-01
-6.970560284034857945e-01,8.994476225148804183e-01
-1.152710471873738651e+00,-3.687190548460284045e-01
-2.020719632983710157e-01,-8.723811338084139777e-01
-7.083435458050489908e-01,8.876047928157422273e-01
2.762705916367693693e-01,4.022217763140442104e-01
-1.170944031005653141e+00,-3.675925038547325774e-01
1.171145138444956046e+00,1.962589928325386424e-01
-1.198270393375911791e+00,-3.629606113189796091e-01
2.432560603166381841e-01,4.180659121041593873e-01
-7.362977378145444396e-01,9.039960729205575030e-01
2.327526101057195429e-01,3.894215536704609404e-01
6.763069127503380518e-01,-1.074297531764405900e+00
2.677409566810472485e-01,4.007061986657959318e-01
-6.874493077827555920e-01,8.901397962117665319e-01
-4.143245264046194198e-01,-1.191830656519581089e+00
-1.411002729496722230e+00,-6.963362589222754639e-01
1.167919288842058645e+00,1.928604908466402257e-01
1.165560705394154351e+00,1.930852024781644360e-01
2.728810309559347447e-01,4.004358233628805275e-01
1.168354217258398497e+00,1.931095685234428261e-01
2.789425373500339367e-01,3.934068778330519489e-01
1.161600464061122162e+00,1.931258348691797522e-01
-7.458199006772002759e-01,9.246471772032082148e-01
6.592775841490020605e-01,-1.064318622864857566e+00
-1.153602480664539076e+00,-3.692247462138339431e-01
1.167052618163761268e+00,1.945165348026485497e-01
2.784972444944534553e-01,3.911060533659551641e-01
2.566148409146390419e-01,3.961333262990628379e-01
6.661547307410436991e-01,-1.066000638088473451e+00
2.767771714385723891e-01,3.933434456408661517e-01
-6.956894762455191339e-01,8.905346544062808789e-01
2.671281645038851016e-01,3.912925054903737543e-01
-2.409358112271173524e-01,-8.490172076989253025e-01
2.812039762708198332e-01,3.911675393120941369e-01
2.804517581022460959e-01,3.949350486982701747e-01
-7.588381270360636810e-01,9.379728694702408331e-01
1.139564572732861158e+00,1.995645668872386980e-01
2.721442275834164981e-01,3.877207456601040048e-01
1.153086205653869989e+00,2.044905914972982852e-01
2.339241664142695243e-01,4.110021605361323660e-01
-7.017873451121813266e-01,9.010906306470305438e-01
-1.163792404124960100e+00,-3.724379008309358641e-01
2.682080865259147684e-01,3.884712290056814288e-01
-1.197900603993713453e+00,-3.670252455753884591e-01
-2.269275802906615680e-01,-8.588026791859464382e-01
4.497690827080457754e-01,-1.386195294767553321e+00
2.496557467372864381e-01,4.098680209033623845e-01
1.151228757814517945e+00,2.077996183704209077e-01
-2.061740012201078165e-01,-8.655859264303360501e-01
-2.176392781324567038e-01,-8.503574430267311079e-01
-7.500678730500102143e-01,9.248470232235661559e-01
-8.988556401108971361e-02,-4.321880312053225648e-01
-1.236367806858599039e+00,-3.161271687127144014e-01
-6.796507888657509211e-01,8.914064514218225099e-01
-7.051755614964626551e-01,8.865755754669037980e-01
2.653837006902709517e-01,3.910193831447503765e-01
6.665196169702024553e-01,-1.066273168159628693e+00
1.166804218240846236e+00,1.924640403955553969e-01
6.664265260333610552e-01,-1.066761274534778536e+00
6.932879441877479731e-01,-1.071144280847036168e+00
-1.226821482494656834e+00,-3.690807064926243664e-01
4.632899403411154249e-01,-1.396525232313125198e+00
-6.892260898471153086e-01,8.949093292234618913e-01
1.163327454495558744e+00,1.904364757161550459e-01
6.641710825957800601e-01,-1.056343976826928266e+00
1.163360030071376450e+00,1.939595352990599875e-01
-7.570356730957178426e-01,9.348165337770222294e-01
6.853754980320889700e-01,-1.058298610010593777e+00
1.155968407295363765e+00,1.889234568419388138e-01
-2.613043175139385665e-01,-8.413395808031050027e-01
-6.718664105288391086e-01,8.959916292878491451e-01
-2.155076490354219665e-01,-8.609073861571441277e-01
-6.799972798151679987e-01,8.940985669020069526e-01
-6.937641182803314654e-01,8.908113931109177264e-01
-7.181770908880334980e-01,8.948607141029345513e-01
6.608717850747367617e-01,-1.076978610272121273e+00
-6.869797094974497975e-01,8.925130213468617235e-01
6.925129323828762562e-01,-1.071512814116815981e+00
-6.793462667673278998e-01,8.951592923825780757e-01
-1.194729388069998066e+00,-3.770889081129554787e-01
-1.975271673268634287e-01,-8.599786155246198494e-01
-1.158287761696644047e+00,-3.699772615009996324e-01
-1.171631104328532569e+00,-3.616037873689196269e-01
-1.374944343863306218e+00,-6.840694607300841223e-01
-6.887150928197970368e-01,9.041743422077375136e-01
1.152397501425746817e+00,2.047171338112333261e-01
-2.043184695848169197e-01,-8.612071477621752180e-01
2.591826029018065025e-01,3.813131466328387731e-01
-1.172731834036522258e+00,-3.744153693274385741e-01
-1.216919147408064728e+00,-3.746434657098300924e-01
1.171158983948531462e+00,1.954123845808727056e-01
1.169342089110365634e+00,1.967618819187527957e-01
-1.188435481031598684e+00,-3.505351456568131518e-01
-8.195551193958900971e-01,9.711641034368737602e-01
1.163655660544605119e+00,1.941776533307849884e-01
-2.132653615670774827e-01,-8.529592640939536174e-01
-6.875410065693424722e-01,8.930209000052239388e-01
-1.982928492293903333e-01,-8.606645842738493979e-01
-7.977891428045009725e-01,9.744641178213697685e-01
2.655627298980021145e-01,3.983368337162316308e-01
1.907379578350577309e-01,7.097538929619788828e-01
1.154053447182073588e+00,2.064406251942396964e-01
4.477128348467182550e-01,-1.384896069995868118e+00
2.645106163730776005e-01,3.871239509573435877e-01
1.167793192917219391e+00,1.928295585294752257e-01
-1.435039400635028661e+00,-7.019990196248031555e-01
1.155999494542424788e+00,2.024972798851088773e-01
-7.411944701922553724e-01,9.391801526850482862e-01
2.000342690150865577e-01,6.942764473504198230e-01
6.647390910081166782e-01,-1.064706407913594166e+00
-4.496698969884075914e-01,-1.163272060211704817e+00
-7.285297936100617600e-01,9.318995054687296831e-01
-3.022520604182874493e-01,-5.819039933727734315e-01
1.173796156330123797e+00,1.961720288037085147e-01
-1.901616134482452258e-01,-8.714106603496605263e-01
-7.041166409961651107e-01,9.166934806656755752e-01
1.998066195963823788e-01,4.368509550757949667e-01
2.620110754912404749e-01,4.016750385236087517e-01
-1.389554729641591324e+00,-6.830378837127522029e-01
-1.229038539180518530e+00,-3.114158022171475970e-01
-6.877765705728923207e-01,8.893988090548884395e-01
2.087720960627317546e-01,4.360327790814633730e-01
1.161172666100985351e+00,1.923046107202894539e-01
-2.060910713554020279e-01,-5.649715825059855590e-01
7.012999395318501028e-01,-1.066346232805069683e+00
6.712478875029893599e-01,-1.065673023357719185e+00
-4.757014666302699646e-01,-8.833561978104189638e-01
-7.298515575444070036e-01,9.353657599163988090e-01
1.170390585319465604e+00,1.943057971925653826e-01
-2.390740396781555199e-01,-8.444609673961798180e-01
-1.370391700276653468e+00,-6.883449060814217368e-01
-2.440495926745207267e-01,-8.505625351460950334e-01
1.150085145811753806e+00,2.008619385880542063e-01
-6.784213436890519366e-01,8.935266338129352892e-01
6.910749675961092020e-01,-1.069673706162791671e+00
-4.841847979517635570e-01,-1.217249193872697033e+00
6.910821060901184421e-01,-1.072415610446028289e+00
6.951358512727859873e-01,-1.068842580986532287e+00
6.736857551039930891e-01,-1.064425848615042192e+00
2.771938958614403870e-01,3.950023989915719680e-01
-4.919401669100045837e-01,-8.843630219011300309e-01
2.029480384936952764e-01,4.324226866074539766e-01
-1.162308228355110273e+00,-3.712989605081852273e-01
2.849490293250990236e-01,3.939202546555928830e-01
1.154871502337323053e+00,1.886264906929942808e-01
2.796329331121804040e-01,3.883468604713636863e-01
4.739171943171298085e-01,-1.390491338442913616e+00
6.811099938413773813e-01,-1.056118962558053376e+00
2.617723484127862932e-01,4.021768027700626247e-01
2.644673356038680367e-01,3.896502379150141304e-01
-1.229629182138475496e+00,-3.582997554225205161e-01
-7.461489807061029156e-01,9.467685819470640363e-01
6.930506917576697568e-01,-1.068998040134823579e+00
-7.134986957479517722e-01,9.065565131952075806e-01
-1.175431574696858661e+00,-3.747285655175550678e-01
1.165560720121363136e+00,1.916883157007522043e-01
1.160135656475199006e+00,2.056602517806942199e-01
-2.800115750329149611e-01,-8.359218043941254450e-01
1.171350250369880719e+00,1.948631631912481621e-01
2.696764163297985517e-01,4.011275228832668627e-01
1.147420829117343555e+00,2.027919884217878888e-01
-7.005292714959429068e-01,9.060045605337332386e-01
1.157262207304830870e+00,1.872673042075253258e-01
-1.859679213786946117e-01,-8.692198144256042536e-01
-4.034783325314471036e-01,-1.187557829638324014e+00
1.173982632592543762e+00,1.961895568444757820e-01
2.690906604030142146e-01,4.012049940850080376e-01
1.868120267030659865e-01,4.417996630580182105e-01
2.643911403764029888e-01,4.116301570070664551e-01
-7.326137448472250790e-01,9.217813100867549014e-01
-2.387458890799099842e-01,-8.475314993712796952e-01
-6.963410536856181610e-01,9.010442704544777692e-01
1.163741927119201103e+00,1.908212420723025826e-01
-1.890364544833961769e-01,-8.715810244302657495e-01
-1.400695410834439825e+00,-6.745896091456156096e-01
2.071159452128073786e-01,6.956503711642680887e-01
-1.882731731007473708e-01,-8.693746899095919911e-01
2.869867090163754630e-01,3.938964602388838609e-01
-6.929691744963600852e-01,9.020394907565389975e-01
-1.275036628562594920e+00,-3.042789216279798703e-01
-1.211686365577652413e+00,-3.707256175116434571e-01
-2.235754679746523865e-01,-8.765544523202930538e-01
-7.478548539026169673e-01,9.145671891142233001e-01
-1.873745906751688728e-01,-8.704684204492252331e-01
1.154100808202526363e+00,1.877756504632129564e-01
2.038041017309579483e-01,4.340590687371959633e-01
-2.954602058172949297e-01,-8.143138919860226643e-01
2.890316399549808235e-01,3.957789054650968086e-01
2.188850389925578177e-01,4.263787730935718612e-01
-4.188097990698753104e-01,-1.174449051255225474e+00
1.159178281332199134e+00,2.056502015371381720e-01
1.150271603664668962e+00,1.888603487846533258e-01
-7.276341347945324278e-01,9.153149647832097280e-01
6.821004266324951493e-01,-1.077046107592597668e+00
1.162996451744723991e+00,1.996711609690242362e-01
-2.003810388113904106e-01,-8.738439256653300902e-01
2.004931030640481893e-01,6.932434582160990066e-01
-6.898212337059040911e-01,8.934152745311482180e-01
1.163093642336643807e+00,1.938869919603680436e-01
1.154969308607872058e+00,1.892591585296430068e-01
-4.259549633840044591e-01,-1.194639040568351795e+00
-1.821488921623031776e-01,-8.691891694490612164e-01
-4.212633824041002728e-01,-1.191982027106587294e+00
-7.015765546810422970e-01,8.847573512745295909e-01
2.706251503392775870e-01,4.008068771573836120e-01
-1.961087999165313511e-01,-8.732766339737951800e-01
2.515390653540929833e-01,4.091842179374488575e-01
2.224611967065451557e-01,4.213251829254209269e-01
-1.920438193253410364e-01,-8.730057353183739988e-01
2.409885943111188811e-01,4.117216702128270733e-01
1.174587633847056667e+00,1.967079161600742976e-01
6.979683325761802948e-01,-1.067440902556623605e+00
-2.045756590212000625e-01,-8.688467838535534060e-01
-4.866882549342890774e-01,-8.868120824471248387e-01
-1.189581807774650279e+00,-3.781394470157165566e-01
1.154268149092377627e+00,1.926500747397605628e-01
1.957920149362632756e-01,6.912049857774780204e-01
1.160945822412899675e+00,1.934120743088232064e-01
2.705997469677702272e-01,3.887866603238491203e-01
-2.388088061419534058e-01,-8.568902955533228560e-01
-4.849148022744587672e-01,-8.869464120204746393e-01
-1.383281459496292998e+00,-5.474007965549259058e-01
-7.372658394784100677e-01,9.468525541433705506e-01
-1.234955479504741938e+00,-3.782845802546963565e-01
-4.514981184837369432e-01,-1.175048629284982438e+00
-1.175514860118745730e+00,-3.431171500600669333e-01
1.173244788563010843e+00,1.969486224317086032e-01
2.672188010220744037e-01,3.994979346442853463e-01
1.135770142385510884e+00,1.977662761532291424e-01
-1.173140503887604602e+00,-3.781771422537985039e-01
1.159371700786535619e+00,1.968354239473580625e-01
-2.298546580451163446e-01,-8.803011259380828513e-01
1.155688571030270229e+00,1.913999904617734449e-01
-7.459181679517808972e-01,9.382375242124214587e-01
2.848800594375401340e-01,3.928729884447912934e-01
1.171619903977067167e+00,1.952308364238215799e-01
-7.032054503257029188e-01,8.993652746852913715e-01
2.694707426458470279e-01,3.935514264491052905e-01
-1.422100689543727592e+00,-6.712115152210718083e-01
-1.141481366487985039e+00,-7.414451855955767057e-02
6.964493290704553141e-01,-1.067690780034821429e+00
-1.157012110522317450e+00,-3.677950178914590751e-01
-7.439088615537020610e-01,9.076177029521467210e-01
2.459962591366430529e-01,3.994129163723648124e-01
2.492361811596619792e-01,4.141352818605391617e-01
2.081652175444446973e-01,6.959887167115499373e-01
6.980344864877715549e-01,-1.066773187019878666e+00
-6.757934179740211489e-01,8.940108834080591205e-01
-7.635511329299072836e-01,9.424730044142021201e-01
-4.224139935683318137e-01,-1.193885986595597748e+00
1.144624869844939052e+00,2.011881828407949546e-01
-3.031689006001305753e-01,-5.657105864004094986e-01
-2.216266227691289226e-01,-8.499043077768870802e-01
-7.010374156052644468e-01,9.126081103671839223e-01
2.812070544271014771e-01,3.919925404066826879e-01
-1.390061797102213559e+00,-6.761083111679135893e-01
1.153000451962329809e+00,2.036637318541083264e-01
-1.954777078683380132e-01,-8.711696035855247544e-01
1.160281161528645910e+00,1.887116310875487091e-01
-4.789942263724807359e-01,-8.863340920943429957e-01
2.846876585596980203e-01,3.944089354587497764e-01
-2.262295201311747550e-01,-8.878904041501103350e-01
-7.885678939325022618e-01,9.560148285532447110e-01
-1.303760385620617690e+00,-2.688648067385176477e-01
2.310448693023740840e-01,4.162980295034627298e-01
-9.518412079444951157e-01,5.682404823630984314e-01
2.697820367357463001e-01,4.054625874264005669e-01
-7.740734353364335796e-01,9.396416200014243714e-01
-4.559460453258750712e-01,-1.153602213856246506e+00
1.160093762676358331e+00,1.924191490747061140e-01
1.169229883704949735e+00,1.936538595784521866e-01
-4.186532477996267043e-01,-1.188117034213923562e+00
2.683082989848420974e-01,4.013733773972868457e-01
-2.411080175168874573e-01,-8.477087104984641908e-01
1.175979071441335400e+00,1.972584456920207507e-01
-1.148587490996138438e+00,-3.690130346638759162e-01
-2.138329014346547763e-01,-8.626467355217048993e-01
2.633652391733384279e-01,4.130152244298251896e-01
-6.815861376382822412e-01,8.937824240741767401e-01
-4.207057529748359781e-01,-1.193302723058579984e+00
2.558949600555371351e-01,4.110063228907331889e-01
2.609405309873417123e-01,3.872931718034409165e-01
-1.895738166203855268e-01,-8.696113836916774531e-01
-7.462854713738825696e-01,9.170616677149420193e-01
1.162273676475858775e+00,1.908688790840998017e-01
2.547608142247717034e-01,4.032039456140072420e-01
1.163469929411752979e+00,1.955172313792661043e-01
2.723343868257734890e-01,3.912367549971781377e-01
1.164303380600573590e+00,1.939392376379341643e-01
1.167326352493887498e+00,1.927349037693879275e-01
-2.253815043923119710e-01,-8.545094994851321069e-01
-1.967160446904221982e-01,-8.722027611216585097e-01
-2.280871484660415005e-01,-8.454109859904237467e-01
1.135926912123597310e+00,1.830513751831616409e-01
1.155691319350492741e+00,2.036257364854079099e-01
2.767282909826569437e-01,3.941635686615490575e-01
2.126249551319144560e-01,4.214943047550005484e-01
-1.092885838580650582e-01,-4.239262258648341941e-01
2.166814283806150765e-01,4.259125211808418299e-01
-7.884171493497003080e-01,9.807399307011416267e-01
6.922089081810997024e-01,-1.068714397103644131e+00
2.590465969371545940e-01,3.995174932160956982e-01
1.158399196301930445e+00,1.926201174332874133e-01
2.024501504666141039e-01,4.448604546708886387e-01
-2.284147228422280795e-01,-8.570977781786641714e-01
-1.951926586784979434e-01,-8.748273791537988231e-01
-6.897405839157672025e-01,9.033930580665711085e-01
-2.294245403884883627e-01,-8.665393892553023836e-01
-2.231042312611167255e-01,-8.677598835259519028e-01
2.849071598851902198e-01,3.935564448385859282e-01
-7.659904306304640142e-01,9.441074842665676536e-01
2.078173527496030848e-01,4.289695446846274463e-01
2.662461098677673110e-01,4.012318942540761824e-01
2.586223726087613084e-01,3.898490491379265066e-01
-1.169145279716424124e+00,-3.682772236476760663e-01
1.166159334773709144e+00,1.934761874483433564e-01
-1.244865908633647766e+00,-3.397510293802631920e-01
6.857811940188491828e-01,-1.057975341235936728e+00
1.165317306778705042e+00,1.923255152416595004e-01
2.742872780468754712e-01,3.908218832760174122e-01
1.888443518278101474e-01,4.186803773106708704e-01
2.704807701938841680e-01,3.982082236031280753e-01
2.415356620091858864e-01,4.029265376972290813e-01
2.628608728727663824e-01,4.008720428837853067e-01
1.176498358696671298e+00,1.975370585111565214e-01
2.097079780593714970e-01,4.156094022703785140e-01
-1.193055949626502521e+00,-3.720795272248651475e-01
6.963544830917292039e-01,-1.068846519824214969e+00
2.867088387852579912e-01,3.952201538584600993e-01
1.159276007091175398e+00,1.919969278539337132e-01
1.103454631759649640e+00,2.234474690634982441e-01
-6.996306672625810519e-01,9.112068994469899597e-01
1.162543173226058268e+00,1.919933400617196140e-01
1.857160607922850593e-01,6.882488090833609462e-01
-6.728068734528024342e-01,8.958643802055752392e-01
-2.846305120830052715e-01,-5.643596352066434507e-01
-1.966885745765806770e-01,-8.725827582294132245e-01
6.708791492656077660e-01,-1.040802460273305918e+00
-6.866562637792500423e-01,8.919462706819274445e-01
1.167134582322517655e+00,1.939554904822917980e-01
-7.699099562826450249e-01,9.466471339593925949e-01
6.607284841576476220e-01,-1.077762484259080722e+00
1.124268514978280287e+00,1.770989986491568746e-01
6.843683931754966920e-01,-1.060762820829169506e+00
6.619259492366336151e-01,-1.065253851547274255e+00
2.705400343445006905e-01,3.954808671680222210e-01
1.155002888385158855e+00,2.064965569718292537e-01
-2.750039220561606435e-01,-5.667282758644439644e-01
-1.159407821449525144e+00,-3.728025772935668058e-01
2.609257253519546849e-01,4.001395876902122950e-01
-7.011749160504509026e-01,9.011575893364544010e-01
1.885354832671206349e-01,4.264028110938118954e-01
-3.233898205004819282e-01,-5.729342934673500309e-01
1.175930517296549294e+00,1.979964153710009056e-01
-6.955079556534907725e-01,8.929893533673970429e-01
-1.162117783806002169e+00,-3.670761799813480053e-01
1.120515996016065774e+00,1.936006432923652321e-01
-1.258257194692723679e+00,-3.249475808413326838e-01
-7.743676660297633685e-01,9.562995090798687148e-01
2.582431948863740390e-01,3.965245386934889704e-01
1.148609227154776313e+00,1.996002413750217197e-01
2.781049601089008450e-01,3.937506768333002283e-01
2.762900908395676813e-01,3.908719775728091150e-01
-2.563543977979995114e-01,-8.422655183492333553e-01
6.769072070198106639e-01,-1.073518490569674633e+00
-1.201992557898534209e+00,-3.271423890040174309e-01
6.763788906377227184e-01,-1.079147591832934072e+00
-1.213830025222164544e+00,-3.414240147129664615e-01
6.947034981446235102e-01,-1.070553599951177937e+00
-1.866503165876723380e-01,-8.687199776555700748e-01
2.580387527394812919e-01,3.863849665501497554e-01
2.863326034677370346e-01,3.950289080004302233e-01
-2.238906600659945068e-01,-8.770478446011376050e-01
2.684505706043462947e-01,3.874758456873965140e-01
-1.994497910772090044e-01,-8.723006630339518175e-01
6.802492737797374289e-01,-1.072134376239104459e+00
1.136423753885196675e+00,2.091274216855153190e-01
6.673034205539212227e-01,-1.053340526449631831e+00
-1.176517499318731286e+00,-3.690233122582367020e-01
1.147365083862716073e+00,1.991828109869446528e-01
1.405187961283170528e-01,4.479245691325968171e-01
1.151754128088863904e+00,2.013939555334135767e-01
6.871892071167308158e-01,-1.071146926648902209e+00
2.691613858997586872e-01,4.022011448350115703e-01
2.824861815564342349e-01,3.944868020440472356e-01
-6.821110986324606662e-01,8.939544605991717185e-01
1.152408454896035384e+00,2.029215525319712221e-01
-6.972529168565767543e-01,8.914791771866241721e-01
-1.885935049467451496e-01,-8.694710558584999305e-01
1.165832420724364660e+00,1.947570316746179142e-01
-1.427860235272212508e+00,-6.901883105436779076e-01
2.238352991107383783e-01,4.279096077678880561e-01
-1.257809935882111763e+00,-3.209793352494170193e-01
-6.915969575978596628e-01,8.876642975472831543e-01
-1.158900203558123287e+00,-3.701829195686727747e-01
4.364725055069036963e-01,-1.393867748337329182e+00
-6.812031197938647198e-01,8.931051750290023294e-01
-1.895696851250136539e-01,-8.716362904551506752e-01
-7.565845543820538810e-02,3.533335034465506785e-01
2.430890680775096568e-01,4.177080290532362294e-01
1.550721679485403681e-01,7.041503699752545975e-01
2.422107007473886242e-01,4.115525706716338661e-01
-4.253789374590512540e-01,-1.195002210078355498e+00
-1.166872499688187403e+00,-3.753004496909221333e-01
2.368183601447557962e-01,4.078067139662568397e-01
