9.322675704956054688e+00,-7.379652857780456543e-01
9.568762779235839844e+00,-5.390145182609558105e-01
9.628765106201171875e+00,-7.710341215133666992e-01
9.592652320861816406e+00,-8.341965079307556152e-01
9.482921600341796875e+00,-5.584983825683593750e-01
9.540360450744628906e+00,-7.241749167442321777e-01
9.348367691040039062e+00,-7.696110606193542480e-01
9.789019584655761719e+00,-7.353426218032836914e-01
9.451527595520019531e+00,-9.480915069580078125e-01
9.690937042236328125e+00,-9.313516020774841309e-01
9.439296722412109375e+00,-1.070428371429443359e+00
9.407530784606933594e+00,-7.599180340766906738e-01
9.435480117797851562e+00,-9.985040426254272461e-01
9.410177230834960938e+00,-4.945193529129028320e-01
9.428534507751464844e+00,-1.383008122444152832e+00
9.354141235351562500e+00,-1.344064593315124512e+00
9.637070655822753906e+00,-5.568935275077819824e-01
9.329705238342285156e+00,-7.670304775238037109e-01
9.617254257202148438e+00,-5.913794636726379395e-01
9.522861480712890625e+00,-1.084341526031494141e+00
9.165355682373046875e+00,-4.479374587535858154e-01
9.565775871276855469e+00,-5.971490144729614258e-01
9.720170974731445312e+00,-5.622605085372924805e-01
9.400549888610839844e+00,-1.358451843261718750e+00
9.277626037597656250e+00,-1.327482342720031738e+00
9.398715019226074219e+00,-7.529994249343872070e-01
9.515784263610839844e+00,-6.884246468544006348e-01
9.748346328735351562e+00,-6.562124490737915039e-01
9.625112533569335938e+00,-9.538437128067016602e-01
9.350442886352539062e+00,-6.940556764602661133e-01
9.535090446472167969e+00,-8.710643649101257324e-01
9.490474700927734375e+00,-8.317995071411132812e-01
9.624269485473632812e+00,-5.047593116760253906e-01
9.425355911254882812e+00,-7.660626173019409180e-01
9.594686508178710938e+00,-8.866320848464965820e-01
9.710672378540039062e+00,-3.905887007713317871e-01
9.089270591735839844e+00,-1.247292995452880859e+00
9.337250709533691406e+00,-6.979948878288269043e-01
9.564490318298339844e+00,-1.009893298149108887e+00
9.254749298095703125e+00,-8.571255207061767578e-01
9.585593223571777344e+00,-7.256022691726684570e-01
9.633700370788574219e+00,-6.114457249641418457e-01
9.448802947998046875e+00,-3.475296199321746826e-01
9.561130523681640625e+00,-9.373582005500793457e-01
9.336441993713378906e+00,-1.341985940933227539e+00
9.470568656921386719e+00,-7.433863878250122070e-01
9.306999206542968750e+00,-1.398472666740417480e+00
9.463022232055664062e+00,-1.293077230453491211e+00
9.524228096008300781e+00,-7.514393925666809082e-01
9.441955566406250000e+00,-9.941170811653137207e-01
9.191217422485351562e+00,-1.049939632415771484e+00
9.437323570251464844e+00,-1.176261186599731445e+00
9.516569137573242188e+00,-1.056956529617309570e+00
9.370003700256347656e+00,-5.460355877876281738e-01
9.368582725524902344e+00,-1.204536795616149902e+00
9.278860092163085938e+00,-1.036614775657653809e+00
9.588020324707031250e+00,-8.391253948211669922e-01
9.201200485229492188e+00,-1.162978053092956543e+00
9.246242523193359375e+00,-1.066568374633789062e+00
9.571916580200195312e+00,-5.637736320495605469e-01
9.710344314575195312e+00,-6.720896959304809570e-01
9.397125244140625000e+00,-9.527508020401000977e-01
9.860704421997070312e+00,-6.315734386444091797e-01
9.767773628234863281e+00,-7.105603814125061035e-01
9.563874244689941406e+00,-7.914683818817138672e-01
9.494287490844726562e+00,-9.665501713752746582e-01
9.417921066284179688e+00,-7.799436450004577637e-01
9.571084976196289062e+00,-8.246575593948364258e-01
9.622316360473632812e+00,-8.399645090103149414e-01
9.666470527648925781e+00,-7.948223352432250977e-01
9.522830009460449219e+00,-6.851122379302978516e-01
9.619402885437011719e+00,-7.369131445884704590e-01
9.145652770996093750e+00,-1.362938404083251953e+00
9.703920364379882812e+00,-7.935941815376281738e-01
9.187919616699218750e+00,-8.582430481910705566e-01
9.428177833557128906e+00,-8.786295652389526367e-01
9.400020599365234375e+00,-8.139848113059997559e-01
9.483978271484375000e+00,-7.529226541519165039e-01
9.384241104125976562e+00,-8.449639678001403809e-01
9.710724830627441406e+00,-9.596915841102600098e-01
9.387799263000488281e+00,-8.098998665809631348e-01
9.710410118103027344e+00,-7.894483208656311035e-01
9.609972000122070312e+00,-8.028806447982788086e-01
9.494240760803222656e+00,-6.779411435127258301e-01
9.302344322204589844e+00,-1.337153911590576172e+00
9.524386405944824219e+00,-6.413083076477050781e-01
9.617466926574707031e+00,-2.235257774591445923e-01
9.290798187255859375e+00,-6.518343687057495117e-01
9.457891464233398438e+00,-7.247616052627563477e-01
8.438999176025390625e+00,-2.614237070083618164e-01
9.444802284240722656e+00,-6.660421490669250488e-01
9.426830291748046875e+00,-6.928654909133911133e-01
9.465120315551757812e+00,-4.105234742164611816e-01
8.428390502929687500e+00,-8.148073554039001465e-01
8.725263595581054688e+00,-5.764942169189453125e-01
8.525139808654785156e+00,-5.175442695617675781e-01
9.377004623413085938e+00,-1.146099090576171875e+00
9.308141708374023438e+00,-8.704168200492858887e-01
9.210552215576171875e+00,-1.011170506477355957e+00
9.272925376892089844e+00,-1.307450175285339355e+00
9.278077125549316406e+00,-8.291013240814208984e-01
9.068303108215332031e+00,-8.102242946624755859e-01
9.519523620605468750e+00,-6.106662750244140625e-01
9.316064834594726562e+00,-7.926802635192871094e-01
9.421164512634277344e+00,-7.566063404083251953e-01
9.371219635009765625e+00,-6.223949193954467773e-01
9.456707000732421875e+00,-6.811109781265258789e-01
9.277040481567382812e+00,-7.612709403038024902e-01
9.523452758789062500e+00,-5.818219184875488281e-01
9.199369430541992188e+00,-8.967572450637817383e-01
9.671344757080078125e+00,-6.947157382965087891e-01
9.272492408752441406e+00,-7.463129758834838867e-01
9.557492256164550781e+00,-6.081306338310241699e-01
9.512643814086914062e+00,-9.131865501403808594e-01
9.424847602844238281e+00,-9.516988992691040039e-01
9.502282142639160156e+00,-8.986677527427673340e-01
9.523388862609863281e+00,-7.997443079948425293e-01
9.279135704040527344e+00,-6.188160777091979980e-01
9.304669380187988281e+00,-7.604524493217468262e-01
9.761699676513671875e+00,-5.847591161727905273e-01
9.568218231201171875e+00,-6.210697293281555176e-01
9.650861740112304688e+00,-8.538556098937988281e-01
9.259668350219726562e+00,-5.489448904991149902e-01
9.430878639221191406e+00,-7.198215723037719727e-01
9.599910736083984375e+00,-7.027546167373657227e-01
9.587322235107421875e+00,-5.602422356605529785e-01
9.553544998168945312e+00,-7.342655658721923828e-01
9.524524688720703125e+00,-6.195653676986694336e-01
9.528176307678222656e+00,-9.198107123374938965e-01
9.479358673095703125e+00,-6.303504705429077148e-01
9.559701919555664062e+00,-5.903163552284240723e-01
9.503173828125000000e+00,-6.228097677230834961e-01
9.518001556396484375e+00,-8.959940075874328613e-01
8.525290489196777344e+00,-4.978976547718048096e-01
9.399059295654296875e+00,-5.964545011520385742e-01
9.159808158874511719e+00,-6.864671111106872559e-01
9.315795898437500000e+00,-7.323240637779235840e-01
9.260487556457519531e+00,-8.353359699249267578e-01
9.490842819213867188e+00,-7.358570098876953125e-01
9.401112556457519531e+00,-6.992062926292419434e-01
9.540997505187988281e+00,-6.887626647949218750e-01
9.558987617492675781e+00,-4.867473542690277100e-01
9.440724372863769531e+00,-8.228954672813415527e-01
9.360415458679199219e+00,-1.020252943038940430e+00
9.443417549133300781e+00,-1.041943669319152832e+00
9.322966575622558594e+00,-9.708659648895263672e-01
9.301346778869628906e+00,-7.239687442779541016e-01
9.615214347839355469e+00,-6.977968215942382812e-01
9.596581459045410156e+00,-6.640725731849670410e-01
9.538416862487792969e+00,-5.154460668563842773e-01
9.648926734924316406e+00,-4.410479068756103516e-01
9.256946563720703125e+00,-5.808151364326477051e-01
9.404794692993164062e+00,-7.061337828636169434e-01
9.599921226501464844e+00,-6.694982647895812988e-01
9.361962318420410156e+00,-7.029230594635009766e-01
9.541790008544921875e+00,-5.133497118949890137e-01
9.321522712707519531e+00,-4.039947092533111572e-01
9.551910400390625000e+00,-5.708168148994445801e-01
9.650169372558593750e+00,-4.994188845157623291e-01
9.855312347412109375e+00,-5.322236418724060059e-01
9.723482131958007812e+00,-7.512987852096557617e-01
9.709674835205078125e+00,-7.637445926666259766e-01
9.684423446655273438e+00,-7.948976159095764160e-01
9.520741462707519531e+00,-8.442738056182861328e-01
9.589446067810058594e+00,-4.466182589530944824e-01
9.420584678649902344e+00,-8.918616175651550293e-01
9.660347938537597656e+00,-6.928815841674804688e-01
9.705399513244628906e+00,-6.103327274322509766e-01
9.671565055847167969e+00,-7.936912178993225098e-01
9.519397735595703125e+00,-7.802232503890991211e-01
9.738998413085937500e+00,-6.752108931541442871e-01
9.590978622436523438e+00,-8.700347542762756348e-01
9.492305755615234375e+00,-1.079603672027587891e+00
9.337131500244140625e+00,-8.266071081161499023e-01
9.771900177001953125e+00,-8.215447068214416504e-01
9.352768898010253906e+00,-8.425416946411132812e-01
9.548225402832031250e+00,-4.912727177143096924e-01
9.326750755310058594e+00,-6.897068023681640625e-01
9.693415641784667969e+00,-4.354259073734283447e-01
9.650348663330078125e+00,-3.679720461368560791e-01
9.578971862792968750e+00,-7.397679090499877930e-01
9.573127746582031250e+00,-3.965328037738800049e-01
9.762885093688964844e+00,-6.515010595321655273e-01
9.246135711669921875e+00,-9.711184501647949219e-01
9.743237495422363281e+00,-3.439808487892150879e-01
9.381784439086914062e+00,-6.535053253173828125e-01
9.578027725219726562e+00,-1.036071777343750000e+00
9.491091728210449219e+00,-8.805530071258544922e-01
9.361468315124511719e+00,-8.912312984466552734e-01
9.451329231262207031e+00,-6.388793587684631348e-01
9.605486869812011719e+00,-6.093344092369079590e-01
9.499742507934570312e+00,-7.310018539428710938e-01
9.669660568237304688e+00,-8.661431670188903809e-01
9.684609413146972656e+00,-7.124366164207458496e-01
9.641539573669433594e+00,-7.344275116920471191e-01
8.696719169616699219e+00,-9.280300736427307129e-01
9.341001510620117188e+00,-6.582792997360229492e-01
9.526246070861816406e+00,-5.499199628829956055e-01
9.032760620117187500e+00,-7.586389780044555664e-01
9.561060905456542969e+00,-9.013010859489440918e-01
9.384596824645996094e+00,-8.685676455497741699e-01
9.089909553527832031e+00,-8.331137299537658691e-01
9.390666961669921875e+00,-1.099872350692749023e+00
9.441182136535644531e+00,-8.959047198295593262e-01
9.434692382812500000e+00,-7.506446242332458496e-01
9.559831619262695312e+00,-3.699705600738525391e-01
9.493119239807128906e+00,-8.905021548271179199e-01
9.436489105224609375e+00,-8.375992178916931152e-01
9.794631004333496094e+00,-5.392564535140991211e-01
9.578909873962402344e+00,-6.407631039619445801e-01
9.685976028442382812e+00,-7.578471302986145020e-01
9.560360908508300781e+00,-4.888823926448822021e-01
9.386183738708496094e+00,-9.455814361572265625e-01
9.286643028259277344e+00,-7.832000255584716797e-01
9.396653175354003906e+00,-9.077367186546325684e-01
9.539359092712402344e+00,-8.950625061988830566e-01
9.620880126953125000e+00,-7.376111745834350586e-01
9.488945007324218750e+00,-6.460924744606018066e-01
9.389508247375488281e+00,-7.863191962242126465e-01
9.607332229614257812e+00,-5.145020484924316406e-01
9.629315376281738281e+00,-4.590338170528411865e-01
9.767755508422851562e+00,-3.917647898197174072e-01
9.523260116577148438e+00,-9.382135272026062012e-01
9.356113433837890625e+00,-1.018799662590026855e+00
9.526018142700195312e+00,-8.157922029495239258e-01
9.535173416137695312e+00,-6.714585423469543457e-01
9.399274826049804688e+00,-1.010261535644531250e+00
9.576605796813964844e+00,-9.715681076049804688e-01
9.485770225524902344e+00,-7.006300091743469238e-01
9.393211364746093750e+00,-1.031920552253723145e+00
9.194707870483398438e+00,-8.449262380599975586e-01
9.465747833251953125e+00,-7.168369293212890625e-01
9.356793403625488281e+00,-5.777924656867980957e-01
9.434808731079101562e+00,-4.886690676212310791e-01
9.425821304321289062e+00,-9.027830362319946289e-01
9.266834259033203125e+00,-1.108441948890686035e+00
9.516832351684570312e+00,-5.686340928077697754e-01
9.530402183532714844e+00,-5.173970460891723633e-01
9.410073280334472656e+00,-8.675819039344787598e-01
9.528201103210449219e+00,-6.014207601547241211e-01
9.658230781555175781e+00,-5.048439502716064453e-01
9.535072326660156250e+00,-6.114330291748046875e-01
9.543899536132812500e+00,-6.413398385047912598e-01
9.432069778442382812e+00,-6.797687411308288574e-01
9.577433586120605469e+00,-9.519421458244323730e-01
9.324017524719238281e+00,-1.031743884086608887e+00
9.289643287658691406e+00,-1.078980565071105957e+00
9.394541740417480469e+00,-7.965749502182006836e-01
9.041389465332031250e+00,-8.156859874725341797e-01
9.227458953857421875e+00,-1.080011606216430664e+00
9.397262573242187500e+00,-1.107113122940063477e+00
9.196600914001464844e+00,-8.929099440574645996e-01
9.179210662841796875e+00,-1.251128196716308594e+00
9.604194641113281250e+00,-7.121100425720214844e-01
9.513395309448242188e+00,-7.482459545135498047e-01
9.750242233276367188e+00,-5.774697065353393555e-01
9.473038673400878906e+00,-9.290238618850708008e-01
9.344720840454101562e+00,-9.788342714309692383e-01
9.585190773010253906e+00,-7.122924923896789551e-01
9.537811279296875000e+00,-6.932142972946166992e-01
9.310822486877441406e+00,-9.885231256484985352e-01
9.498087882995605469e+00,-1.089637398719787598e+00
9.327380180358886719e+00,-1.235856771469116211e+00
9.553532600402832031e+00,-7.540811300277709961e-01
9.406647682189941406e+00,-1.092738032341003418e+00
9.364430427551269531e+00,-1.332184553146362305e+00
9.355089187622070312e+00,-9.752493500709533691e-01
9.433212280273437500e+00,-9.138537049293518066e-01
9.491591453552246094e+00,-1.012620806694030762e+00
9.378614425659179688e+00,-1.240264296531677246e+00
9.330004692077636719e+00,-1.029021263122558594e+00
9.586014747619628906e+00,-1.077357172966003418e+00
9.143265724182128906e+00,-1.178317070007324219e+00
9.368954658508300781e+00,-1.082600593566894531e+00
9.456357955932617188e+00,-8.096441030502319336e-01
9.676021575927734375e+00,-9.828537106513977051e-01
9.659678459167480469e+00,-4.390554130077362061e-01
9.643523216247558594e+00,-6.413268446922302246e-01
9.526280403137207031e+00,-8.463349938392639160e-01
9.588783264160156250e+00,-9.220607876777648926e-01
9.399162292480468750e+00,-1.003942728042602539e+00
9.300666809082031250e+00,-9.281167387962341309e-01
9.218787193298339844e+00,-1.100666165351867676e+00
9.382241249084472656e+00,-7.377961277961730957e-01
9.238696098327636719e+00,-1.182874321937561035e+00
9.473158836364746094e+00,-9.560970664024353027e-01
9.305967330932617188e+00,-1.086454033851623535e+00
9.532965660095214844e+00,-6.939733028411865234e-01
9.549528121948242188e+00,-7.808846235275268555e-01
9.651817321777343750e+00,-7.101908922195434570e-01
9.435043334960937500e+00,-1.027141809463500977e+00
9.514356613159179688e+00,-1.090091347694396973e+00
9.462013244628906250e+00,-8.416100740432739258e-01
9.348750114440917969e+00,-6.965315937995910645e-01
9.493887901306152344e+00,-9.936200380325317383e-01
9.599708557128906250e+00,-1.098974347114562988e+00
9.509522438049316406e+00,-1.010353088378906250e+00
9.359732627868652344e+00,-7.245050668716430664e-01
9.501861572265625000e+00,-9.565948843955993652e-01
8.634728431701660156e+00,-5.621864795684814453e-01
9.294779777526855469e+00,-8.643290400505065918e-01
9.530007362365722656e+00,-9.372692108154296875e-01
9.356441497802734375e+00,-1.020781278610229492e+00
9.480232238769531250e+00,-1.139127612113952637e+00
9.686355590820312500e+00,-6.923400759696960449e-01
9.304491996765136719e+00,-1.054381251335144043e+00
9.584069252014160156e+00,-7.030878663063049316e-01
9.354569435119628906e+00,-1.141435384750366211e+00
9.397957801818847656e+00,-1.267374396324157715e+00
9.367255210876464844e+00,-1.033015608787536621e+00
9.606931686401367188e+00,-9.157411456108093262e-01
9.419405937194824219e+00,-6.062535643577575684e-01
9.582263946533203125e+00,-8.789916634559631348e-01
9.144474029541015625e+00,-9.407578706741333008e-01
9.425216674804687500e+00,-7.578651309013366699e-01
9.538390159606933594e+00,-9.213619232177734375e-01
9.274065017700195312e+00,-4.561524689197540283e-01
9.503458023071289062e+00,-5.518079400062561035e-01
9.256297111511230469e+00,-7.251234650611877441e-01
9.532703399658203125e+00,-3.948858082294464111e-01
9.464645385742187500e+00,-1.095167040824890137e+00
9.308559417724609375e+00,-1.140042662620544434e+00
9.201036453247070312e+00,-1.095549821853637695e+00
9.437286376953125000e+00,-8.683683872222900391e-01
9.540550231933593750e+00,-1.051850438117980957e+00
9.540728569030761719e+00,-8.561498522758483887e-01
9.314448356628417969e+00,-1.242475390434265137e+00
9.239765167236328125e+00,-1.257052302360534668e+00
9.381256103515625000e+00,-7.529231309890747070e-01
9.258525848388671875e+00,-1.022504687309265137e+00
9.367586135864257812e+00,-9.795286059379577637e-01
9.494425773620605469e+00,-4.261065423488616943e-01
9.662315368652343750e+00,-8.614365458488464355e-01
9.599672317504882812e+00,-5.642881393432617188e-01
9.590430259704589844e+00,-8.088639974594116211e-01
9.238637924194335938e+00,-9.416027665138244629e-01
8.978606224060058594e+00,-7.268781661987304688e-01
9.384699821472167969e+00,-1.043906092643737793e+00
9.351463317871093750e+00,-1.033175349235534668e+00
9.381045341491699219e+00,-1.063492417335510254e+00
9.434021949768066406e+00,-4.780147969722747803e-01
9.234931945800781250e+00,-7.551447749137878418e-01
9.496217727661132812e+00,-5.726647377014160156e-01
9.582607269287109375e+00,-3.705731928348541260e-01
9.313076019287109375e+00,-1.180125474929809570e+00
9.717075347900390625e+00,-5.110833644866943359e-01
9.328944206237792969e+00,-1.145102024078369141e+00
9.587120056152343750e+00,-6.127234101295471191e-01
9.680144309997558594e+00,-6.045079827308654785e-01
9.834346771240234375e+00,-4.669906198978424072e-01
9.777630805969238281e+00,-4.842036068439483643e-01
9.654595375061035156e+00,-6.767492890357971191e-01
9.663019180297851562e+00,-5.552702546119689941e-01
9.469923019409179688e+00,-6.190006136894226074e-01
9.359377861022949219e+00,-9.713169336318969727e-01
9.687165260314941406e+00,-4.387425780296325684e-01
9.692721366882324219e+00,-4.915793538093566895e-01
9.566303253173828125e+00,-4.286479055881500244e-01
9.287268638610839844e+00,-7.463030815124511719e-01
9.476256370544433594e+00,-4.943633079528808594e-01
9.713219642639160156e+00,-4.854860007762908936e-01
9.549419403076171875e+00,-4.806555509567260742e-01
9.163537025451660156e+00,-8.282817006111145020e-01
9.552966117858886719e+00,-8.754457235336303711e-01
9.323836326599121094e+00,-9.011135101318359375e-01
9.551811218261718750e+00,-6.338582038879394531e-01
9.696851730346679688e+00,-3.611043393611907959e-01
9.655766487121582031e+00,-8.402469754219055176e-01
9.630362510681152344e+00,-7.917550802230834961e-01
9.432813644409179688e+00,-6.868228912353515625e-01
9.580832481384277344e+00,-5.491688251495361328e-01
9.541698455810546875e+00,-8.767071962356567383e-01
9.361229896545410156e+00,-1.250968575477600098e+00
9.322926521301269531e+00,-5.439594388008117676e-01
9.324640274047851562e+00,-6.912549138069152832e-01
9.113224029541015625e+00,-1.269112944602966309e+00
9.227626800537109375e+00,-1.059536576271057129e+00
9.784300804138183594e+00,-5.488882660865783691e-01
9.630393028259277344e+00,-8.070213794708251953e-01
9.453120231628417969e+00,-8.844895958900451660e-01
9.518368721008300781e+00,-5.859282612800598145e-01
9.619126319885253906e+00,-9.245812892913818359e-01
9.510525703430175781e+00,-9.544401764869689941e-01
9.312559127807617188e+00,-1.244978189468383789e+00
9.119369506835937500e+00,-1.236589789390563965e+00
9.645546913146972656e+00,-8.389618992805480957e-01
9.285586357116699219e+00,-8.842467665672302246e-01
9.527696609497070312e+00,-9.245411157608032227e-01
8.971252441406250000e+00,-1.290278315544128418e+00
9.322280883789062500e+00,-6.370175480842590332e-01
9.376307487487792969e+00,-7.526818513870239258e-01
9.453555107116699219e+00,-8.619508743286132812e-01
9.463521957397460938e+00,-3.076369166374206543e-01
9.462080001831054688e+00,-7.340173125267028809e-01
9.700159072875976562e+00,-6.023331880569458008e-01
9.648250579833984375e+00,-8.011406660079956055e-01
9.552805900573730469e+00,-5.018293261528015137e-01
9.248487472534179688e+00,-9.666439294815063477e-01
9.313923835754394531e+00,-8.397806882858276367e-01
9.358960151672363281e+00,-9.476674795150756836e-01
9.497010231018066406e+00,-6.065971851348876953e-01
9.329636573791503906e+00,-9.389202594757080078e-01
9.821102142333984375e+00,-4.068944156169891357e-01
9.416183471679687500e+00,-7.580655217170715332e-01
9.284739494323730469e+00,-4.206379055976867676e-01
9.492096900939941406e+00,-6.430521607398986816e-01
9.352753639221191406e+00,-7.570294141769409180e-01
9.334973335266113281e+00,-9.921182990074157715e-01
9.455179214477539062e+00,-8.584909439086914062e-01
9.593460083007812500e+00,-6.068459153175354004e-01
9.317787170410156250e+00,-1.056800484657287598e+00
9.665717124938964844e+00,-6.771121621131896973e-01
9.559542655944824219e+00,-9.242039918899536133e-01
9.478245735168457031e+00,-9.483991861343383789e-01
9.483439445495605469e+00,-9.844475388526916504e-01
9.642855644226074219e+00,-7.435505390167236328e-01
9.445397377014160156e+00,-5.785758495330810547e-01
9.348629951477050781e+00,-8.050224184989929199e-01
9.542289733886718750e+00,-7.517121434211730957e-01
9.525156021118164062e+00,-8.859539031982421875e-01
9.299966812133789062e+00,-9.754758477210998535e-01
9.434308052062988281e+00,-6.239988803863525391e-01
9.442659378051757812e+00,-9.336907863616943359e-01
9.557606697082519531e+00,-7.878454327583312988e-01
9.544962882995605469e+00,-3.518805801868438721e-01
9.711806297302246094e+00,-1.003945589065551758e+00
9.306563377380371094e+00,-1.052738547325134277e+00
9.184351921081542969e+00,-1.188960671424865723e+00
9.368187904357910156e+00,-1.008566856384277344e+00
9.584846496582031250e+00,-7.912377715110778809e-01
9.520613670349121094e+00,-1.074705958366394043e+00
9.452596664428710938e+00,-7.316842675209045410e-01
9.213494300842285156e+00,-1.171313881874084473e+00
9.531959533691406250e+00,-9.307999610900878906e-01
9.543245315551757812e+00,-5.096617937088012695e-01
9.270691871643066406e+00,-1.042968988418579102e+00
9.594357490539550781e+00,-5.079674124717712402e-01
9.516835212707519531e+00,-5.143623352050781250e-01
9.505237579345703125e+00,-9.120284914970397949e-01
9.481734275817871094e+00,-7.866817116737365723e-01
9.797305107116699219e+00,-1.010484933853149414e+00
9.517908096313476562e+00,-1.200607180595397949e+00
9.342453956604003906e+00,-9.584479331970214844e-01
9.534821510314941406e+00,-9.075493216514587402e-01
9.509924888610839844e+00,-8.763453960418701172e-01
9.770127296447753906e+00,-6.664788126945495605e-01
9.552353858947753906e+00,-6.099626421928405762e-01
9.522903442382812500e+00,-6.090477705001831055e-01
9.406581878662109375e+00,-3.615563511848449707e-01
9.316072463989257812e+00,-1.030183076858520508e+00
9.451953887939453125e+00,-8.566792011260986328e-01
9.490787506103515625e+00,-7.280175685882568359e-01
9.510022163391113281e+00,-7.167556285858154297e-01
9.536784172058105469e+00,-4.855829179286956787e-01
9.282032012939453125e+00,-1.088908910751342773e+00
9.634606361389160156e+00,-5.304781198501586914e-01
9.300078392028808594e+00,-1.087189435958862305e+00
9.374322891235351562e+00,-1.163182020187377930e+00
9.731460571289062500e+00,-8.625124692916870117e-01
8.224206924438476562e+00,-4.989348649978637695e-01
9.472735404968261719e+00,-8.468634486198425293e-01
9.547023773193359375e+00,-5.222052931785583496e-01
9.573942184448242188e+00,-6.114264726638793945e-01
9.232310295104980469e+00,-9.715264439582824707e-01
9.478900909423828125e+00,-9.838569164276123047e-01
9.320919990539550781e+00,-1.026605844497680664e+00
9.380979537963867188e+00,-1.079177379608154297e+00
9.469273567199707031e+00,-7.759098410606384277e-01
9.192640304565429688e+00,-1.066895008087158203e+00
9.497479438781738281e+00,-1.111829757690429688e+00
9.373304367065429688e+00,-8.657839298248291016e-01
9.314249992370605469e+00,-7.149559259414672852e-01
9.371590614318847656e+00,-1.017471551895141602e+00
9.534317016601562500e+00,-6.550853848457336426e-01
9.216242790222167969e+00,-8.923200368881225586e-01
9.452877998352050781e+00,-9.636125564575195312e-01
9.264122009277343750e+00,-8.805934190750122070e-01
9.447034835815429688e+00,-8.941183686256408691e-01
9.606219291687011719e+00,-8.433821797370910645e-01
9.425657272338867188e+00,-8.732160329818725586e-01
9.710704803466796875e+00,-8.918760418891906738e-01
9.328665733337402344e+00,-1.067091584205627441e+00
9.303279876708984375e+00,-1.014685511589050293e+00
9.247114181518554688e+00,-1.052506566047668457e+00
9.549823760986328125e+00,-1.149519681930541992e+00
9.533329010009765625e+00,-1.092508196830749512e+00
9.171211242675781250e+00,-1.301186084747314453e+00
9.749079704284667969e+00,-1.022878050804138184e+00
9.669775009155273438e+00,-8.066753745079040527e-01
9.680940628051757812e+00,-7.548943758010864258e-01
9.660596847534179688e+00,-1.182525873184204102e+00
9.417311668395996094e+00,-7.541656494140625000e-01
9.447587013244628906e+00,-8.785672187805175781e-01
9.353299140930175781e+00,-1.242973327636718750e+00
9.239459991455078125e+00,-1.143973231315612793e+00
9.491539955139160156e+00,-5.900268554687500000e-01
9.516030311584472656e+00,-8.868520259857177734e-01
9.275018692016601562e+00,-1.326008796691894531e+00
9.556554794311523438e+00,-9.800530672073364258e-01
9.602398872375488281e+00,-7.708345651626586914e-01
9.279710769653320312e+00,-1.024250149726867676e+00
9.713149070739746094e+00,-6.020334959030151367e-01
9.483010292053222656e+00,-9.723593592643737793e-01
9.512349128723144531e+00,-1.160025000572204590e+00
9.662590026855468750e+00,-8.272427916526794434e-01
9.300791740417480469e+00,-1.065746784210205078e+00
9.386614799499511719e+00,-9.189775586128234863e-01
9.658101081848144531e+00,-5.850708484649658203e-01
9.784203529357910156e+00,-8.803629875183105469e-01
9.503903388977050781e+00,-9.216368198394775391e-01
9.592924118041992188e+00,-7.094840407371520996e-01
8.516481399536132812e+00,-7.170766592025756836e-01
8.678191184997558594e+00,-8.499204516410827637e-01
9.397754669189453125e+00,-9.305230975151062012e-01
9.602793693542480469e+00,-7.014418840408325195e-01
9.327640533447265625e+00,-1.142808318138122559e+00
9.456163406372070312e+00,-7.187936902046203613e-01
9.744430541992187500e+00,-7.281655669212341309e-01
9.665169715881347656e+00,-9.299799799919128418e-01
9.584009170532226562e+00,-7.727986574172973633e-01
9.512431144714355469e+00,-6.046291589736938477e-01
9.447137832641601562e+00,-9.503541588783264160e-01
9.311573982238769531e+00,-1.112302780151367188e+00
9.431087493896484375e+00,-6.828310489654541016e-01
9.479988098144531250e+00,-8.871788978576660156e-01
9.488978385925292969e+00,-8.494477868080139160e-01
9.332697868347167969e+00,-1.322891473770141602e+00
9.636358261108398438e+00,-6.978824138641357422e-01
9.204319953918457031e+00,-1.128105640411376953e+00
9.790018081665039062e+00,-5.703061819076538086e-01
9.697119712829589844e+00,-8.743091821670532227e-01
9.362285614013671875e+00,-1.033074736595153809e+00
9.364716529846191406e+00,-8.286494016647338867e-01
9.277589797973632812e+00,-1.296885251998901367e+00
9.350509643554687500e+00,-1.115357756614685059e+00
9.505237579345703125e+00,-7.405105233192443848e-01
9.605031967163085938e+00,-6.241694688796997070e-01
9.424670219421386719e+00,-1.084441304206848145e+00
9.415901184082031250e+00,-7.927373647689819336e-01
9.353343009948730469e+00,-1.033378243446350098e+00
9.536065101623535156e+00,-1.277567028999328613e+00
9.366351127624511719e+00,-1.105195999145507812e+00
9.393875122070312500e+00,-9.816842675209045410e-01
9.715731620788574219e+00,-6.248992681503295898e-01
9.438771247863769531e+00,-9.687445759773254395e-01
9.453370094299316406e+00,-1.008843779563903809e+00
9.419808387756347656e+00,-7.633591890335083008e-01
9.526018142700195312e+00,-7.579312324523925781e-01
9.685635566711425781e+00,-6.364218592643737793e-01
9.296482086181640625e+00,-7.812585234642028809e-01
9.613046646118164062e+00,-7.689484357833862305e-01
9.283043861389160156e+00,-7.217587232589721680e-01
9.412604331970214844e+00,-9.278632998466491699e-01
9.392627716064453125e+00,-1.011888027191162109e+00
9.330400466918945312e+00,-9.677786231040954590e-01
9.487253189086914062e+00,-9.641194939613342285e-01
9.307357788085937500e+00,-9.926967620849609375e-01
9.545781135559082031e+00,-8.444639444351196289e-01
9.306464195251464844e+00,-7.576952576637268066e-01
9.449550628662109375e+00,-8.217889070510864258e-01
9.426369667053222656e+00,-6.184495091438293457e-01
9.552923202514648438e+00,-6.615511178970336914e-01
9.341356277465820312e+00,-8.343082070350646973e-01
9.248274803161621094e+00,-1.127095937728881836e+00
9.152863502502441406e+00,-1.058286190032958984e+00
9.539348602294921875e+00,-6.913892030715942383e-01
9.514073371887207031e+00,-1.252998828887939453e+00
9.395810127258300781e+00,-7.981215715408325195e-01
9.769734382629394531e+00,-9.095495343208312988e-01
9.359008789062500000e+00,-9.644517898559570312e-01
9.472366333007812500e+00,-1.181307673454284668e+00
9.586301803588867188e+00,-8.697092533111572266e-01
9.469765663146972656e+00,-7.209331989288330078e-01
9.539416313171386719e+00,-5.042176842689514160e-01
9.340839385986328125e+00,-7.949578166007995605e-01
9.354473114013671875e+00,-9.326237440109252930e-01
9.656551361083984375e+00,-5.009816288948059082e-01
9.506216049194335938e+00,-7.650189995765686035e-01
9.116146087646484375e+00,-1.050845861434936523e+00
9.402217864990234375e+00,-7.561933398246765137e-01
9.478687286376953125e+00,-8.490211963653564453e-01
9.371470451354980469e+00,-7.089623808860778809e-01
9.336275100708007812e+00,-8.032242655754089355e-01
9.353147506713867188e+00,-7.905309796333312988e-01
9.418078422546386719e+00,-8.275826573371887207e-01
9.446964263916015625e+00,-6.615368723869323730e-01
9.413133621215820312e+00,-8.731564283370971680e-01
9.529345512390136719e+00,-7.859299778938293457e-01
9.585670471191406250e+00,-7.925018668174743652e-01
9.345862388610839844e+00,-1.036299109458923340e+00
9.461755752563476562e+00,-9.312631487846374512e-01
9.615921974182128906e+00,-6.461649537086486816e-01
9.410604476928710938e+00,-6.106528043746948242e-01
9.525259971618652344e+00,-2.900314629077911377e-01
9.312660217285156250e+00,-1.279632806777954102e+00
9.632362365722656250e+00,-6.859689950942993164e-01
9.518536567687988281e+00,-7.193375825881958008e-01
9.259189605712890625e+00,-9.681789278984069824e-01
9.330703735351562500e+00,-7.437925338745117188e-01
9.443262100219726562e+00,-1.170672774314880371e+00
9.337244987487792969e+00,-1.235565543174743652e+00
9.356982231140136719e+00,-1.044565439224243164e+00
9.526068687438964844e+00,-9.831562042236328125e-01
9.488833427429199219e+00,-6.225838661193847656e-01
9.072404861450195312e+00,-9.512905478477478027e-01
9.340568542480468750e+00,-1.065992712974548340e+00
9.685273170471191406e+00,-5.044796466827392578e-01
9.333301544189453125e+00,-6.483870148658752441e-01
9.648472785949707031e+00,-6.771441698074340820e-01
9.367928504943847656e+00,-1.089265465736389160e+00
9.207524299621582031e+00,-5.537858009338378906e-01
9.408091545104980469e+00,-1.019214630126953125e+00
9.688225746154785156e+00,-6.235659122467041016e-01
9.290053367614746094e+00,-8.564724922180175781e-01
9.376451492309570312e+00,-7.538945078849792480e-01
9.331418037414550781e+00,-8.644269704818725586e-01
9.436716079711914062e+00,-7.273850440979003906e-01
9.451867103576660156e+00,-1.053880691528320312e+00
9.588546752929687500e+00,-7.502059340476989746e-01
9.605932235717773438e+00,-6.259524822235107422e-01
9.516372680664062500e+00,-7.145990133285522461e-01
9.449760437011718750e+00,-9.016191959381103516e-01
9.248267173767089844e+00,-5.572917461395263672e-01
9.548432350158691406e+00,-4.778015017509460449e-01
9.376653671264648438e+00,-5.735983848571777344e-01
9.546874046325683594e+00,-5.881243348121643066e-01
9.201075553894042969e+00,-1.130064845085144043e+00
9.351576805114746094e+00,-6.841425895690917969e-01
9.643993377685546875e+00,-7.425951361656188965e-01
9.478529930114746094e+00,-1.047641634941101074e+00
9.365204811096191406e+00,-1.038746118545532227e+00
9.538452148437500000e+00,-5.004572272300720215e-01
9.526536941528320312e+00,-5.639831423759460449e-01
9.419882774353027344e+00,-1.037296891212463379e+00
9.346102714538574219e+00,-6.194591522216796875e-01
9.402896881103515625e+00,-8.622460365295410156e-01
9.432343482971191406e+00,-7.129979729652404785e-01
9.414187431335449219e+00,-8.537146449089050293e-01
9.521831512451171875e+00,-4.303217530250549316e-01
9.380346298217773438e+00,-4.669005870819091797e-01
9.455525398254394531e+00,-8.025746941566467285e-01
9.533448219299316406e+00,-9.053180217742919922e-01
9.422302246093750000e+00,-7.923815250396728516e-01
9.626911163330078125e+00,-5.359754562377929688e-01
9.714933395385742188e+00,-5.895577669143676758e-01
9.541193008422851562e+00,-5.994647145271301270e-01
9.433593750000000000e+00,-6.086197495460510254e-01
9.402728080749511719e+00,-5.764477252960205078e-01
9.582171440124511719e+00,-6.156842708587646484e-01
9.249905586242675781e+00,-1.297815680503845215e+00
9.573971748352050781e+00,-8.908125758171081543e-01
9.403292655944824219e+00,-7.472817897796630859e-01
9.804617881774902344e+00,-5.370828509330749512e-01
9.128670692443847656e+00,-7.285790443420410156e-01
9.563681602478027344e+00,-7.536441683769226074e-01
9.463639259338378906e+00,-3.901042640209197998e-01
9.325463294982910156e+00,-9.221432805061340332e-01
9.522675514221191406e+00,-7.735057473182678223e-01
9.145456314086914062e+00,-1.035931587219238281e+00
9.253621101379394531e+00,-1.039972782135009766e+00
9.423515319824218750e+00,-8.229339718818664551e-01
9.065239906311035156e+00,-7.971653938293457031e-01
9.360714912414550781e+00,-7.517386078834533691e-01
9.188674926757812500e+00,-1.212376594543457031e+00
9.570642471313476562e+00,-6.375244259834289551e-01
9.356169700622558594e+00,-9.594712853431701660e-01
9.412464141845703125e+00,-1.086494922637939453e+00
9.022396087646484375e+00,-5.372890830039978027e-01
9.513781547546386719e+00,-6.440058946609497070e-01
9.508201599121093750e+00,-6.499637365341186523e-01
9.192173957824707031e+00,-1.295369863510131836e+00
9.433787345886230469e+00,-7.218829989433288574e-01
9.579330444335937500e+00,-6.188475489616394043e-01
9.760772705078125000e+00,-4.963809549808502197e-01
9.530140876770019531e+00,-5.011115074157714844e-01
8.955515861511230469e+00,-9.336747527122497559e-01
9.259094238281250000e+00,-8.987426161766052246e-01
9.318981170654296875e+00,-9.496026635169982910e-01
9.360034942626953125e+00,-7.654815316200256348e-01
9.123445510864257812e+00,-9.915788173675537109e-01
9.265195846557617188e+00,-8.561748862266540527e-01
9.552748680114746094e+00,-7.493402957916259766e-01
9.497881889343261719e+00,-9.709995388984680176e-01
9.260528564453125000e+00,-8.797577023506164551e-01
9.314381599426269531e+00,-8.407859206199645996e-01
9.356497764587402344e+00,-8.392078280448913574e-01
9.183553695678710938e+00,-8.086064457893371582e-01
9.212792396545410156e+00,-1.079575300216674805e+00
9.423152923583984375e+00,-5.974910259246826172e-01
9.400591850280761719e+00,-1.027585983276367188e+00
9.519879341125488281e+00,-8.635054826736450195e-01
9.198308944702148438e+00,-4.567572176456451416e-01
9.471590042114257812e+00,-7.441327571868896484e-01
9.404257774353027344e+00,-9.945928454399108887e-01
9.701894760131835938e+00,-5.020392537117004395e-01
9.538734436035156250e+00,-7.381972074508666992e-01
9.292734146118164062e+00,-1.323933839797973633e+00
9.077190399169921875e+00,-9.593420028686523438e-01
9.617494583129882812e+00,-7.672904133796691895e-01
9.697659492492675781e+00,-7.774105072021484375e-01
9.388952255249023438e+00,-6.067054867744445801e-01
8.772106170654296875e+00,-8.774029612541198730e-01
9.378773689270019531e+00,-2.335978001356124878e-01
9.540792465209960938e+00,-6.924047470092773438e-01
9.732719421386718750e+00,-8.053367137908935547e-01
9.214403152465820312e+00,-3.998437225818634033e-01
9.400298118591308594e+00,-8.423435091972351074e-01
9.409958839416503906e+00,-5.075223445892333984e-01
9.338260650634765625e+00,-7.763803601264953613e-01
9.404184341430664062e+00,-8.176620602607727051e-01
9.477924346923828125e+00,-3.192681074142456055e-01
9.828022956848144531e+00,-8.284090757369995117e-01
9.634389877319335938e+00,-5.883924365043640137e-01
9.583408355712890625e+00,-7.471566796302795410e-01
9.515363693237304688e+00,-4.863805174827575684e-01
9.627811431884765625e+00,-4.911804497241973877e-01
9.731927871704101562e+00,-7.859788537025451660e-01
9.456499099731445312e+00,-6.696963310241699219e-01
9.407666206359863281e+00,-1.311269879341125488e+00
9.588300704956054688e+00,-9.487170577049255371e-01
8.995396614074707031e+00,-8.084901571273803711e-01
9.274589538574218750e+00,-8.392388224601745605e-01
9.379650115966796875e+00,-6.873762011528015137e-01
9.442627906799316406e+00,-4.766299128532409668e-01
9.453185081481933594e+00,-7.304050922393798828e-01
9.242868423461914062e+00,-5.659092664718627930e-01
9.329032897949218750e+00,-6.534226536750793457e-01
9.458130836486816406e+00,-6.368968486785888672e-01
9.575754165649414062e+00,-5.941898226737976074e-01
9.555957794189453125e+00,-5.808416604995727539e-01
9.099277496337890625e+00,-9.196344017982482910e-01
9.508687973022460938e+00,-5.721372961997985840e-01
9.364142417907714844e+00,-8.448444604873657227e-01
9.356874465942382812e+00,-8.558219075202941895e-01
9.409283638000488281e+00,-5.140823721885681152e-01
9.442739486694335938e+00,-8.316913247108459473e-01
9.782423019409179688e+00,-4.394410550594329834e-01
9.630932807922363281e+00,-5.961307883262634277e-01
9.696699142456054688e+00,-3.772250115871429443e-01
9.457813262939453125e+00,-4.309443533420562744e-01
9.711893081665039062e+00,-3.558834493160247803e-01
9.488994598388671875e+00,-4.028562605381011963e-01
9.490699768066406250e+00,-3.097723722457885742e-01
9.507694244384765625e+00,-6.192274689674377441e-01
9.438883781433105469e+00,-4.783292710781097412e-01
9.481019973754882812e+00,-3.843956291675567627e-01
9.749521255493164062e+00,-4.026898145675659180e-01
9.629044532775878906e+00,-5.187824368476867676e-01
9.569597244262695312e+00,-5.654725432395935059e-01
9.503162384033203125e+00,-3.586322665214538574e-01
9.356629371643066406e+00,-5.368177890777587891e-01
9.373761177062988281e+00,-2.740187942981719971e-01
9.064798355102539062e+00,-6.453008055686950684e-01
9.594320297241210938e+00,-7.112494707107543945e-01
9.530443191528320312e+00,-5.542758703231811523e-01
9.449375152587890625e+00,-4.605521857738494873e-01
9.232760429382324219e+00,-6.047055721282958984e-01
9.458217620849609375e+00,-4.004480540752410889e-01
9.463307380676269531e+00,-4.886977970600128174e-01
9.665167808532714844e+00,-2.765691280364990234e-01
9.449234008789062500e+00,-2.266924828290939331e-01
9.659146308898925781e+00,-5.715655684471130371e-01
9.460836410522460938e+00,-2.461982071399688721e-01
9.600532531738281250e+00,-1.846543103456497192e-01
9.448142051696777344e+00,-4.124006927013397217e-01
9.416214942932128906e+00,-5.754224658012390137e-01
9.448528289794921875e+00,-6.018051505088806152e-01
9.710224151611328125e+00,-2.139618843793869019e-01
9.718505859375000000e+00,-5.634025335311889648e-01
9.633879661560058594e+00,-4.406713247299194336e-01
9.576905250549316406e+00,-3.965136408805847168e-01
9.478390693664550781e+00,-3.526706993579864502e-01
9.627130508422851562e+00,-4.857077300548553467e-01
9.627273559570312500e+00,1.023466944694519043e+00
9.516522407531738281e+00,-1.569327116012573242e-01
9.612904548645019531e+00,-5.340330600738525391e-01
9.652894973754882812e+00,1.380106329917907715e+00
9.533694267272949219e+00,-5.876590684056282043e-02
9.531086921691894531e+00,-4.302271455526351929e-02
9.246620178222656250e+00,-3.432883620262145996e-01
9.589045524597167969e+00,-8.116585016250610352e-01
9.457071304321289062e+00,1.121523022651672363e+00
9.491936683654785156e+00,-3.192425072193145752e-01
9.584334373474121094e+00,1.374670505523681641e+00
9.460762023925781250e+00,-1.642856597900390625e-01
9.370632171630859375e+00,-5.866405963897705078e-01
9.462293624877929688e+00,-5.670375227928161621e-01
9.449243545532226562e+00,-3.201659917831420898e-01
9.502342224121093750e+00,-3.834851980209350586e-01
9.587321281433105469e+00,-1.943877488374710083e-01
9.358810424804687500e+00,1.208126068115234375e+00
9.369514465332031250e+00,-6.965566277503967285e-01
9.361377716064453125e+00,-7.418290376663208008e-01
9.601490974426269531e+00,-8.163627386093139648e-01
9.407574653625488281e+00,-7.202495336532592773e-01
9.603336334228515625e+00,-2.069264650344848633e-01
9.660927772521972656e+00,-2.975667119026184082e-01
9.445710182189941406e+00,-2.463911175727844238e-01
9.627899169921875000e+00,-3.275622129440307617e-01
9.722849845886230469e+00,1.186165809631347656e+00
9.146074295043945312e+00,-1.088881254196166992e+00
9.032096862792968750e+00,-9.368432760238647461e-01
9.676226615905761719e+00,-7.256736159324645996e-01
9.442772865295410156e+00,-7.451313138008117676e-01
9.743584632873535156e+00,8.972200751304626465e-01
9.875276565551757812e+00,1.074375271797180176e+00
9.598255157470703125e+00,1.402869224548339844e+00
9.788592338562011719e+00,1.201212882995605469e+00
9.614781379699707031e+00,-4.478588700294494629e-01
9.408910751342773438e+00,-7.246890068054199219e-01
9.460757255554199219e+00,-7.076441645622253418e-01
9.563325881958007812e+00,1.030357837677001953e+00
9.491875648498535156e+00,9.744642376899719238e-01
9.545737266540527344e+00,1.104754447937011719e+00
8.737924575805664062e+00,-6.397740244865417480e-01
9.544538497924804688e+00,-4.968851208686828613e-01
9.581020355224609375e+00,1.072552561759948730e+00
1.006452274322509766e+01,1.038867950439453125e+00
9.505913734436035156e+00,-5.146406292915344238e-01
9.700513839721679688e+00,-2.614887952804565430e-01
9.641853332519531250e+00,1.219526052474975586e+00
9.356677055358886719e+00,1.206835150718688965e+00
9.791760444641113281e+00,1.140460371971130371e+00
9.732118606567382812e+00,1.086276054382324219e+00
9.422850608825683594e+00,1.443457484245300293e+00
9.460152626037597656e+00,-3.060552477836608887e-01
9.770242691040039062e+00,8.621284365653991699e-01
9.496062278747558594e+00,-4.281774461269378662e-01
9.555261611938476562e+00,-2.531075179576873779e-01
9.568247795104980469e+00,-6.661094427108764648e-01
9.510350227355957031e+00,1.026242971420288086e+00
9.060811042785644531e+00,-5.611699223518371582e-01
9.698938369750976562e+00,1.517850637435913086e+00
9.772756576538085938e+00,1.028896808624267578e+00
9.552486419677734375e+00,-4.995890557765960693e-01
9.812608718872070312e+00,1.447187781333923340e+00
9.612842559814453125e+00,-3.921687602996826172e-01
9.537467002868652344e+00,2.999689057469367981e-02
9.493904113769531250e+00,9.909935593605041504e-01
9.541928291320800781e+00,-4.334195852279663086e-01
9.355483055114746094e+00,-7.860540151596069336e-01
9.218373298645019531e+00,-7.715214490890502930e-01
9.754709243774414062e+00,1.004840970039367676e+00
9.417152404785156250e+00,1.046250224113464355e+00
9.528641700744628906e+00,-5.064097642898559570e-01
9.793294906616210938e+00,1.429747819900512695e+00
8.749557495117187500e+00,1.361200809478759766e+00
9.700143814086914062e+00,1.170888900756835938e+00
9.342357635498046875e+00,-4.093808233737945557e-01
9.340739250183105469e+00,-3.540486097335815430e-01
9.611578941345214844e+00,1.352323889732360840e+00
9.224391937255859375e+00,-2.709768414497375488e-01
9.605449676513671875e+00,1.260511755943298340e+00
9.881451606750488281e+00,1.203150153160095215e+00
9.194697380065917969e+00,-6.494987607002258301e-01
9.405771255493164062e+00,9.989953637123107910e-01
9.214765548706054688e+00,-9.233312010765075684e-01
9.511092185974121094e+00,-5.638008117675781250e-01
9.808901786804199219e+00,9.350608587265014648e-01
9.698651313781738281e+00,1.172637343406677246e+00
9.691329956054687500e+00,1.088084697723388672e+00
9.119375228881835938e+00,-3.644133210182189941e-01
9.452964782714843750e+00,-6.065189242362976074e-01
9.568235397338867188e+00,-6.864882707595825195e-01
9.703529357910156250e+00,1.078970909118652344e+00
9.282797813415527344e+00,-1.239856928586959839e-01
9.476785659790039062e+00,-2.035394906997680664e-01
9.717979431152343750e+00,-2.656048238277435303e-01
9.758322715759277344e+00,1.363446950912475586e+00
9.478780746459960938e+00,-2.436205595731735229e-01
9.755091667175292969e+00,1.474634885787963867e+00
9.847188949584960938e+00,1.135341286659240723e+00
9.670936584472656250e+00,1.179422616958618164e+00
9.615612983703613281e+00,-5.365633964538574219e-01
9.425155639648437500e+00,-3.543233573436737061e-01
9.668728828430175781e+00,-8.054959177970886230e-01
9.590216636657714844e+00,-3.469921946525573730e-01
9.578627586364746094e+00,-6.129642724990844727e-01
9.444472312927246094e+00,-3.216157555580139160e-01
9.657152175903320312e+00,1.342390179634094238e+00
1.004526519775390625e+01,1.320142984390258789e+00
9.646981239318847656e+00,-4.242176413536071777e-01
9.461795806884765625e+00,1.511069297790527344e+00
9.646915435791015625e+00,-6.752483844757080078e-01
9.590666770935058594e+00,-7.532649636268615723e-01
9.533679008483886719e+00,1.204067945480346680e+00
9.460851669311523438e+00,-3.274977207183837891e-01
9.512013435363769531e+00,-4.105809032917022705e-01
1.006747627258300781e+01,1.242577672004699707e+00
9.638807296752929688e+00,-4.767150282859802246e-01
9.574003219604492188e+00,-4.432516694068908691e-01
9.509924888610839844e+00,-1.876168698072433472e-01
9.641478538513183594e+00,1.447567701339721680e+00
9.774461746215820312e+00,1.342608094215393066e+00
9.566205978393554688e+00,1.304196119308471680e+00
9.215304374694824219e+00,-4.954236745834350586e-01
9.649037361145019531e+00,1.219291925430297852e+00
9.555603027343750000e+00,9.483733177185058594e-01
9.530580520629882812e+00,-3.047179281711578369e-01
9.528681755065917969e+00,1.253960728645324707e+00
9.399619102478027344e+00,-4.427021145820617676e-01
9.679854393005371094e+00,-3.469549715518951416e-01
9.618671417236328125e+00,1.267651200294494629e+00
9.561721801757812500e+00,1.276471138000488281e+00
9.750449180603027344e+00,1.136954307556152344e+00
9.511123657226562500e+00,-3.897924721240997314e-01
9.591863632202148438e+00,-5.568435788154602051e-01
9.584541320800781250e+00,1.352108359336853027e+00
9.509555816650390625e+00,-5.201613903045654297e-01
9.638715744018554688e+00,1.313145756721496582e+00
9.553933143615722656e+00,-1.089643716812133789e+00
9.664500236511230469e+00,-1.112689852714538574e+00
9.525476455688476562e+00,-8.030946850776672363e-01
9.595063209533691406e+00,-7.007014155387878418e-01
9.723529815673828125e+00,1.247861504554748535e+00
9.526784896850585938e+00,1.258091568946838379e+00
9.494841575622558594e+00,1.381576061248779297e+00
9.455984115600585938e+00,1.277522563934326172e+00
9.424415588378906250e+00,1.270138382911682129e+00
9.707986831665039062e+00,1.363556742668151855e+00
9.081873893737792969e+00,1.107178568840026855e+00
9.662501335144042969e+00,1.338134765625000000e+00
9.835445404052734375e+00,1.388092756271362305e+00
9.312289237976074219e+00,1.296343326568603516e+00
9.808096885681152344e+00,8.030411601066589355e-01
9.698445320129394531e+00,1.153888702392578125e+00
9.776078224182128906e+00,1.032818078994750977e+00
9.439378738403320312e+00,-3.932015597820281982e-01
8.598253250122070312e+00,-1.732414960861206055e-01
9.799459457397460938e+00,1.073263049125671387e+00
9.606346130371093750e+00,1.431294083595275879e+00
9.571897506713867188e+00,-3.794429898262023926e-01
9.443159103393554688e+00,1.448600769042968750e+00
9.455568313598632812e+00,1.087309598922729492e+00
9.493597030639648438e+00,1.253877282142639160e+00
9.693545341491699219e+00,1.364376306533813477e+00
9.375355720520019531e+00,-1.023573651909828186e-01
9.380764961242675781e+00,-2.452615648508071899e-01
9.665788650512695312e+00,1.346947193145751953e+00
9.612625122070312500e+00,-3.522287607192993164e-01
9.879757881164550781e+00,1.072088837623596191e+00
9.595636367797851562e+00,-3.403730690479278564e-01
9.309164047241210938e+00,-6.081508472561836243e-02
9.536513328552246094e+00,-2.545238733291625977e-01
9.745996475219726562e+00,7.774368524551391602e-01
9.680664062500000000e+00,-2.726399302482604980e-01
9.433031082153320312e+00,1.393283367156982422e+00
9.606940269470214844e+00,8.394740819931030273e-01
8.951532363891601562e+00,-4.140901863574981689e-01
9.617190361022949219e+00,-5.445733070373535156e-01
9.215294837951660156e+00,-3.951223790645599365e-01
9.797019958496093750e+00,1.035898327827453613e+00
1.008640956878662109e+01,1.013297796249389648e+00
9.804007530212402344e+00,1.460173249244689941e+00
9.746353149414062500e+00,-6.201643347740173340e-01
9.770625114440917969e+00,8.056342005729675293e-01
9.433211326599121094e+00,1.607074856758117676e+00
9.818202972412109375e+00,1.365461587905883789e+00
9.618103981018066406e+00,-5.597174763679504395e-01
9.716322898864746094e+00,1.217082023620605469e+00
9.441280364990234375e+00,-3.377050757408142090e-01
9.263893127441406250e+00,-1.672642827033996582e-01
9.761670112609863281e+00,1.324543833732604980e+00
9.617951393127441406e+00,-5.372927784919738770e-01
9.676285743713378906e+00,-5.300582051277160645e-01
9.951683998107910156e+00,8.149388432502746582e-01
9.611177444458007812e+00,-3.406080007553100586e-01
9.726857185363769531e+00,1.538630962371826172e+00
9.530376434326171875e+00,-6.296960115432739258e-01
9.684988021850585938e+00,8.613619208335876465e-01
9.868825912475585938e+00,-5.586994290351867676e-01
9.601641654968261719e+00,-7.964587807655334473e-01
9.759859085083007812e+00,-5.506546497344970703e-01
9.813815116882324219e+00,1.079797267913818359e+00
9.431027412414550781e+00,1.275428533554077148e+00
9.666689872741699219e+00,-7.352612018585205078e-01
9.699583053588867188e+00,1.319983005523681641e+00
9.555496215820312500e+00,-4.127073287963867188e-01
9.650226593017578125e+00,1.340455412864685059e+00
9.503959655761718750e+00,1.178532481193542480e+00
9.655098915100097656e+00,1.260527610778808594e+00
9.463343620300292969e+00,-3.482138514518737793e-01
9.400186538696289062e+00,1.679111599922180176e+00
9.493059158325195312e+00,1.348102927207946777e+00
9.640848159790039062e+00,1.008040547370910645e+00
9.520015716552734375e+00,1.152950406074523926e+00
9.379014968872070312e+00,1.461894989013671875e+00
9.704107284545898438e+00,-7.226328253746032715e-01
9.548896789550781250e+00,1.296629190444946289e+00
9.701829910278320312e+00,1.277033925056457520e+00
9.470264434814453125e+00,-2.706299722194671631e-01
9.546399116516113281e+00,1.510737776756286621e+00
9.219170570373535156e+00,-6.487645208835601807e-02
9.394520759582519531e+00,-2.103672921657562256e-01
9.469316482543945312e+00,1.615716934204101562e+00
8.432521820068359375e+00,1.512472152709960938e+00
9.523181915283203125e+00,-2.225611507892608643e-01
9.646150588989257812e+00,1.389320135116577148e+00
9.425848007202148438e+00,9.675750136375427246e-01
9.627874374389648438e+00,-6.741091609001159668e-01
9.604846954345703125e+00,1.402332544326782227e+00
9.418565750122070312e+00,-4.094839096069335938e-01
9.499587059020996094e+00,-3.702769875526428223e-01
9.247037887573242188e+00,1.153969764709472656e+00
9.367620468139648438e+00,-8.433447033166885376e-02
9.532512664794921875e+00,1.304987072944641113e+00
9.557829856872558594e+00,1.353027343750000000e+00
9.515681266784667969e+00,-4.986229240894317627e-01
9.447767257690429688e+00,-4.613180756568908691e-01
9.599248886108398438e+00,-4.400837719440460205e-01
9.554594039916992188e+00,1.285682678222656250e+00
9.296642303466796875e+00,-4.880444109439849854e-01
9.414155960083007812e+00,1.075768828392028809e+00
9.640426635742187500e+00,1.236880183219909668e+00
9.455311775207519531e+00,-3.554575443267822266e-01
9.347822189331054688e+00,-6.541091203689575195e-01
9.682802200317382812e+00,1.013988256454467773e+00
9.536297798156738281e+00,-4.489060640335083008e-01
9.683209419250488281e+00,-3.554816842079162598e-01
9.555708885192871094e+00,9.464097619056701660e-01
9.557305335998535156e+00,1.049352049827575684e+00
9.640463829040527344e+00,1.499034643173217773e+00
9.545440673828125000e+00,1.223812699317932129e+00
9.577071189880371094e+00,1.563405752182006836e+00
9.386137962341308594e+00,1.275974988937377930e+00
9.762162208557128906e+00,-3.380459845066070557e-01
9.717966079711914062e+00,1.369974255561828613e+00
9.715360641479492188e+00,1.596037268638610840e+00
9.770045280456542969e+00,1.536346554756164551e+00
9.690060615539550781e+00,-4.019638597965240479e-01
9.471159934997558594e+00,1.292093157768249512e+00
9.592533111572265625e+00,1.368251204490661621e+00
9.553572654724121094e+00,1.084935307502746582e+00
9.707239151000976562e+00,1.288103938102722168e+00
9.715970039367675781e+00,-1.163593679666519165e-01
9.581646919250488281e+00,1.210312724113464355e+00
9.527857780456542969e+00,-4.677326083183288574e-01
9.646787643432617188e+00,-2.817108631134033203e-01
9.479317665100097656e+00,-2.066573053598403931e-01
9.202166557312011719e+00,-1.996670365333557129e-01
9.220360755920410156e+00,-1.172136515378952026e-01
9.569726943969726562e+00,1.178791642189025879e+00
9.539916038513183594e+00,-5.860293284058570862e-02
9.458547592163085938e+00,-7.603151202201843262e-01
9.806686401367187500e+00,7.645524144172668457e-01
9.501167297363281250e+00,8.739624619483947754e-01
9.647668838500976562e+00,1.131699085235595703e+00
9.851862907409667969e+00,1.631054401397705078e+00
9.268048286437988281e+00,1.341848731040954590e+00
9.691861152648925781e+00,-3.824595808982849121e-01
9.646881103515625000e+00,1.135575890541076660e+00
9.668399810791015625e+00,1.154070854187011719e+00
9.760773658752441406e+00,1.216900825500488281e+00
9.550145149230957031e+00,1.300490617752075195e+00
9.579872131347656250e+00,1.391668915748596191e+00
9.764804840087890625e+00,-5.151884555816650391e-01
9.550369262695312500e+00,1.129874110221862793e+00
9.521879196166992188e+00,1.295818686485290527e+00
9.596655845642089844e+00,-4.014203846454620361e-01
9.699625968933105469e+00,1.064719796180725098e+00
9.610583305358886719e+00,1.685354232788085938e+00
9.801011085510253906e+00,8.883242607116699219e-01
9.467557907104492188e+00,1.263464808464050293e+00
9.486062049865722656e+00,1.225843191146850586e+00
9.526925086975097656e+00,-1.382889449596405029e-01
9.806612968444824219e+00,7.966156005859375000e-01
9.682831764221191406e+00,-6.526433825492858887e-01
9.611605644226074219e+00,-2.319579422473907471e-01
9.542488098144531250e+00,-4.490658044815063477e-01
9.500594139099121094e+00,1.661730527877807617e+00
9.613178253173828125e+00,1.208288550376892090e+00
9.763682365417480469e+00,8.354127407073974609e-01
9.570226669311523438e+00,1.216082453727722168e+00
9.436241149902343750e+00,1.218643546104431152e+00
9.690813064575195312e+00,1.508553266525268555e+00
9.178883552551269531e+00,-3.324571549892425537e-01
9.274313926696777344e+00,-4.529455900192260742e-01
9.717629432678222656e+00,1.270445942878723145e+00
9.449816703796386719e+00,1.164140820503234863e+00
9.540166854858398438e+00,1.151317477226257324e+00
9.551142692565917969e+00,1.556838274002075195e+00
9.247917175292968750e+00,-1.683807820081710815e-01
9.672163009643554688e+00,1.597016215324401855e+00
9.283022880554199219e+00,1.215805172920227051e+00
9.518331527709960938e+00,-3.558954000473022461e-01
9.715435028076171875e+00,1.174652576446533203e+00
9.477855682373046875e+00,1.518788218498229980e+00
9.654446601867675781e+00,1.590837359428405762e+00
9.599222183227539062e+00,1.023598551750183105e+00
9.179533004760742188e+00,6.423336453735828400e-03
9.684532165527343750e+00,1.510260701179504395e+00
9.777838706970214844e+00,1.000108242034912109e+00
9.850186347961425781e+00,1.368026494979858398e+00
9.749802589416503906e+00,1.607386231422424316e+00
9.665059089660644531e+00,1.564343690872192383e+00
9.696496963500976562e+00,1.091381788253784180e+00
9.529244422912597656e+00,1.213290810585021973e+00
9.791263580322265625e+00,1.515069603919982910e+00
9.335650444030761719e+00,-3.426195085048675537e-01
9.652447700500488281e+00,1.166937112808227539e+00
9.669337272644042969e+00,1.483716845512390137e+00
9.564715385437011719e+00,1.051360487937927246e+00
9.542625427246093750e+00,-3.719664216041564941e-01
9.643563270568847656e+00,-4.482686221599578857e-01
9.355742454528808594e+00,-3.158549070358276367e-01
9.745756149291992188e+00,-4.200109541416168213e-01
9.655777931213378906e+00,1.177047371864318848e+00
9.646186828613281250e+00,1.378955245018005371e+00
9.610445976257324219e+00,1.370058059692382812e+00
9.633408546447753906e+00,1.541420817375183105e+00
9.898809432983398438e+00,8.995138406753540039e-01
9.646075248718261719e+00,9.726774096488952637e-01
9.503871917724609375e+00,1.158730030059814453e+00
9.688445091247558594e+00,8.358340859413146973e-01
9.888716697692871094e+00,1.076333761215209961e+00
9.670012474060058594e+00,1.048817992210388184e+00
9.585743904113769531e+00,1.164056658744812012e+00
9.339038848876953125e+00,-2.560840249061584473e-01
9.655378341674804688e+00,-7.033964991569519043e-02
9.229207038879394531e+00,1.432640075683593750e+00
9.580399513244628906e+00,-2.095854431390762329e-01
9.643933296203613281e+00,1.335669517517089844e+00
9.254258155822753906e+00,1.311094880104064941e+00
9.467933654785156250e+00,2.116172946989536285e-02
9.755939483642578125e+00,1.294681787490844727e+00
9.622796058654785156e+00,1.278922796249389648e+00
9.239398956298828125e+00,-1.268224716186523438e-01
9.475575447082519531e+00,1.214475154876708984e+00
9.721539497375488281e+00,-4.008491337299346924e-01
9.555571556091308594e+00,1.482036232948303223e+00
9.530299186706542969e+00,1.083479285240173340e+00
9.599462509155273438e+00,1.206723570823669434e+00
9.601830482482910156e+00,1.000559449195861816e+00
9.800314903259277344e+00,7.881790995597839355e-01
9.899273872375488281e+00,1.513105154037475586e+00
9.513537406921386719e+00,9.027443593367934227e-04
9.622928619384765625e+00,1.470774292945861816e+00
9.829387664794921875e+00,1.732003808021545410e+00
9.534777641296386719e+00,-6.104009225964546204e-02
9.571799278259277344e+00,-4.232932329177856445e-01
9.024682998657226562e+00,-3.902937471866607666e-01
9.584526062011718750e+00,-1.530632823705673218e-01
9.718665122985839844e+00,9.712724089622497559e-01
9.663367271423339844e+00,1.345923423767089844e+00
9.838641166687011719e+00,1.272439241409301758e+00
9.424733161926269531e+00,-2.220104187726974487e-01
9.914277076721191406e+00,7.893354892730712891e-01
9.710625648498535156e+00,-1.738204360008239746e-01
9.733225822448730469e+00,1.607678532600402832e+00
9.512044906616210938e+00,1.117555856704711914e+00
9.631270408630371094e+00,1.071877360343933105e+00
9.681963920593261719e+00,1.398067593574523926e+00
9.488135337829589844e+00,-6.352114677429199219e-02
9.627014160156250000e+00,-3.492054641246795654e-01
9.540925979614257812e+00,1.370483994483947754e+00
9.552045822143554688e+00,1.569666504859924316e+00
9.781604766845703125e+00,1.059280991554260254e+00
9.609212875366210938e+00,1.318491339683532715e+00
9.550746917724609375e+00,-2.878861129283905029e-01
9.354141235351562500e+00,-2.145291268825531006e-01
9.374585151672363281e+00,1.315035939216613770e+00
9.481566429138183594e+00,-6.349682342261075974e-03
9.747336387634277344e+00,1.270856738090515137e+00
9.580628395080566406e+00,1.141315698623657227e+00
9.723090171813964844e+00,1.308048009872436523e+00
9.725029945373535156e+00,1.362668395042419434e+00
9.514869689941406250e+00,-2.497809976339340210e-01
9.416217803955078125e+00,-1.437957137823104858e-01
9.688623428344726562e+00,1.257515668869018555e+00
9.188942909240722656e+00,-2.645415961742401123e-01
9.759091377258300781e+00,1.362858653068542480e+00
9.619509696960449219e+00,1.410859346389770508e+00
9.568850517272949219e+00,9.407044649124145508e-01
9.616486549377441406e+00,-3.243161141872406006e-01
9.783741950988769531e+00,1.702732563018798828e+00
9.594265937805175781e+00,1.344063282012939453e+00
9.627845764160156250e+00,1.187613844871520996e+00
9.844665527343750000e+00,1.585256218910217285e+00
9.828368186950683594e+00,1.474176526069641113e+00
9.712613105773925781e+00,1.455857753753662109e+00
9.891985893249511719e+00,1.155024409294128418e+00
9.883310317993164062e+00,-3.442402482032775879e-01
9.533069610595703125e+00,1.501476883888244629e+00
9.884037017822265625e+00,1.007882952690124512e+00
9.640893936157226562e+00,1.390973448753356934e+00
9.732805252075195312e+00,1.096907973289489746e+00
9.414203643798828125e+00,-2.125331014394760132e-01
9.502404212951660156e+00,-4.071775376796722412e-01
9.628261566162109375e+00,-4.361794292926788330e-01
9.878559112548828125e+00,8.977616429328918457e-01
9.503118515014648438e+00,-2.673884630203247070e-01
9.760498046875000000e+00,8.906010985374450684e-01
9.746096611022949219e+00,1.069858074188232422e+00
9.616647720336914062e+00,-3.552304208278656006e-01
9.571950912475585938e+00,1.195411562919616699e+00
9.601817131042480469e+00,9.678820371627807617e-01
9.831679344177246094e+00,1.290310978889465332e+00
9.621381759643554688e+00,8.651649355888366699e-01
9.546467781066894531e+00,1.172280907630920410e+00
9.661841392517089844e+00,9.801568388938903809e-01
9.356134414672851562e+00,-4.614620208740234375e-01
9.509737968444824219e+00,-5.765116810798645020e-01
9.493212699890136719e+00,1.488247752189636230e+00
9.809926033020019531e+00,8.170555830001831055e-01
9.664412498474121094e+00,1.119664430618286133e+00
9.641186714172363281e+00,1.084359049797058105e+00
8.915945053100585938e+00,1.421765446662902832e+00
9.938523292541503906e+00,1.044720411300659180e+00
9.918586730957031250e+00,1.390844345092773438e+00
9.542862892150878906e+00,-4.356247484683990479e-01
9.629593849182128906e+00,1.184837937355041504e+00
9.416288375854492188e+00,-5.863103866577148438e-01
9.586030960083007812e+00,9.602793455123901367e-01
9.533735275268554688e+00,1.433891415596008301e+00
9.685566902160644531e+00,-1.730246245861053467e-01
9.315777778625488281e+00,-2.660135924816131592e-01
9.264335632324218750e+00,-2.531036138534545898e-01
9.725601196289062500e+00,8.471965789794921875e-01
9.368888854980468750e+00,-5.509916543960571289e-01
9.546720504760742188e+00,9.041069149971008301e-01
9.383008003234863281e+00,-4.710757136344909668e-01
9.620891571044921875e+00,-6.281165480613708496e-01
9.418150901794433594e+00,1.340336799621582031e+00
9.719724655151367188e+00,9.999461174011230469e-01
9.642089843750000000e+00,1.070684552192687988e+00
9.701079368591308594e+00,8.021975159645080566e-01
9.597694396972656250e+00,1.231230974197387695e+00
9.674954414367675781e+00,-7.403142452239990234e-01
9.553800582885742188e+00,1.419761180877685547e+00
9.571123123168945312e+00,1.146605253219604492e+00
9.948349952697753906e+00,-2.213216274976730347e-01
9.500477790832519531e+00,1.341480135917663574e+00
9.584548950195312500e+00,-5.217648148536682129e-01
9.407786369323730469e+00,-3.811537325382232666e-01
9.203809738159179688e+00,1.568846106529235840e+00
9.688440322875976562e+00,-4.250513613224029541e-01
9.580554008483886719e+00,1.440412163734436035e+00
9.470602989196777344e+00,-1.285643875598907471e-01
9.751372337341308594e+00,1.463646650314331055e+00
9.582550048828125000e+00,7.926328182220458984e-01
9.701264381408691406e+00,-4.354447126388549805e-01
9.671776771545410156e+00,1.282570242881774902e+00
9.530982017517089844e+00,1.354385495185852051e+00
9.572983741760253906e+00,1.117915511131286621e+00
9.601172447204589844e+00,1.094488024711608887e+00
9.979073524475097656e+00,8.791103363037109375e-01
9.787738800048828125e+00,7.238413095474243164e-01
9.642170906066894531e+00,1.210892677307128906e+00
9.637049674987792969e+00,1.166396856307983398e+00
9.845206260681152344e+00,-5.146397948265075684e-01
9.438359260559082031e+00,1.349323868751525879e+00
9.829975128173828125e+00,1.174566268920898438e+00
9.485980987548828125e+00,9.340264797210693359e-01
9.674830436706542969e+00,1.455630064010620117e+00
9.792858123779296875e+00,7.334848046302795410e-01
9.690093994140625000e+00,1.469120264053344727e+00
9.854428291320800781e+00,1.182508587837219238e+00
9.745054244995117188e+00,1.242171049118041992e+00
9.630257606506347656e+00,1.161544203758239746e+00
9.750620841979980469e+00,9.889661073684692383e-01
9.626482009887695312e+00,9.959360361099243164e-01
9.949344635009765625e+00,1.391885280609130859e+00
9.543051719665527344e+00,-3.974846005439758301e-01
9.751870155334472656e+00,1.600505709648132324e+00
9.765570640563964844e+00,1.044428229331970215e+00
9.399937629699707031e+00,1.513178944587707520e+00
9.602917671203613281e+00,1.347637534141540527e+00
9.791189193725585938e+00,1.227780461311340332e+00
9.571940422058105469e+00,1.181113600730895996e+00
9.583310127258300781e+00,1.068165540695190430e+00
9.613192558288574219e+00,1.108768343925476074e+00
9.642156600952148438e+00,1.216206312179565430e+00
9.384236335754394531e+00,1.174739599227905273e+00
9.864140510559082031e+00,-3.278504610061645508e-01
9.560524940490722656e+00,-2.791083231568336487e-02
9.891209602355957031e+00,-2.473345845937728882e-01
9.807679176330566406e+00,-2.462331354618072510e-01
9.851573944091796875e+00,-1.451685130596160889e-01
9.521550178527832031e+00,-1.664910465478897095e-01
9.431169509887695312e+00,1.227213263511657715e+00
9.407182693481445312e+00,1.255526304244995117e+00
9.647082328796386719e+00,1.108132481575012207e+00
9.496706008911132812e+00,1.007630467414855957e+00
9.692828178405761719e+00,1.396442651748657227e+00
9.608995437622070312e+00,1.426048636436462402e+00
9.682353019714355469e+00,1.328036904335021973e+00
9.840942382812500000e+00,1.095374107360839844e+00
9.736053466796875000e+00,-3.119086623191833496e-01
9.720291137695312500e+00,9.657012820243835449e-01
9.546321868896484375e+00,1.333014726638793945e+00
9.576052665710449219e+00,-2.814488410949707031e-01
9.497819900512695312e+00,2.425549030303955078e-01
9.742610931396484375e+00,1.334622859954833984e+00
9.770036697387695312e+00,1.574251413345336914e+00
9.508504867553710938e+00,1.173897385597229004e+00
9.613348007202148438e+00,1.084521293640136719e+00
9.814026832580566406e+00,1.057425022125244141e+00
9.671214103698730469e+00,1.194352865219116211e+00
9.828434944152832031e+00,-9.280574321746826172e-02
9.494736671447753906e+00,1.220456957817077637e+00
9.710896492004394531e+00,1.336716532707214355e+00
9.526364326477050781e+00,1.548730969429016113e+00
9.605603218078613281e+00,1.274988651275634766e+00
9.536725997924804688e+00,1.182180047035217285e+00
9.615990638732910156e+00,1.686169624328613281e+00
9.654745101928710938e+00,1.149933815002441406e+00
9.658911705017089844e+00,1.300227403640747070e+00
9.896453857421875000e+00,1.399496555328369141e+00
9.724246025085449219e+00,1.395141601562500000e+00
9.741209983825683594e+00,7.200064659118652344e-01
9.508406639099121094e+00,-2.567098289728164673e-02
9.826570510864257812e+00,1.148061394691467285e+00
9.618005752563476562e+00,-3.088914752006530762e-01
9.602809906005859375e+00,-7.055281847715377808e-02
9.651616096496582031e+00,1.387239098548889160e+00
9.554380416870117188e+00,-2.041254788637161255e-01
9.415166854858398438e+00,-1.368602067232131958e-01
9.593678474426269531e+00,1.471648573875427246e+00
9.484525680541992188e+00,-4.026084393262863159e-02
9.487710952758789062e+00,1.370035290718078613e+00
9.450634002685546875e+00,1.307483077049255371e+00
9.923141479492187500e+00,8.054961562156677246e-01
9.608670234680175781e+00,1.412053585052490234e+00
9.513335227966308594e+00,-2.836959064006805420e-01
9.772653579711914062e+00,9.486899971961975098e-01
9.654406547546386719e+00,1.198904991149902344e+00
9.799047470092773438e+00,8.222578167915344238e-01
9.717143058776855469e+00,1.521956801414489746e+00
9.634225845336914062e+00,1.370838999748229980e+00
9.625842094421386719e+00,1.330024480819702148e+00
9.570563316345214844e+00,-2.917089760303497314e-01
9.455493927001953125e+00,-2.527590095996856689e-01
9.624958038330078125e+00,1.259265303611755371e+00
9.437627792358398438e+00,-1.466546356678009033e-01
9.833077430725097656e+00,1.068556308746337891e+00
9.454282760620117188e+00,-1.466203182935714722e-01
9.808670043945312500e+00,1.623631715774536133e+00
9.445549011230468750e+00,-1.151852756738662720e-01
9.765865325927734375e+00,1.286844968795776367e+00
9.629240036010742188e+00,1.545362591743469238e+00
9.740266799926757812e+00,1.001419425010681152e+00
9.492488861083984375e+00,1.244417309761047363e+00
9.638902664184570312e+00,1.229094505310058594e+00
9.307995796203613281e+00,1.266555786132812500e+00
9.748502731323242188e+00,1.334729045629501343e-01
9.472119331359863281e+00,1.276450395584106445e+00
9.636101722717285156e+00,1.201220750808715820e+00
9.453404426574707031e+00,2.412378340959548950e-01
9.157158851623535156e+00,-2.212695926427841187e-01
9.646881103515625000e+00,1.503773808479309082e+00
9.599714279174804688e+00,1.431097865104675293e+00
9.524909019470214844e+00,1.456161022186279297e+00
9.569104194641113281e+00,1.311932206153869629e+00
9.677299499511718750e+00,1.172856926918029785e+00
9.452435493469238281e+00,1.248233318328857422e+00
9.228673934936523438e+00,8.857713341712951660e-01
9.581983566284179688e+00,-1.229278743267059326e-01
9.691507339477539062e+00,-3.780197501182556152e-01
9.755514144897460938e+00,-8.731811493635177612e-02
9.720248222351074219e+00,1.569927453994750977e+00
9.533857345581054688e+00,1.188886046409606934e+00
9.727840423583984375e+00,1.262214303016662598e+00
9.438216209411621094e+00,2.065195441246032715e-01
9.520222663879394531e+00,1.147167563438415527e+00
9.771419525146484375e+00,1.420908689498901367e+00
9.709919929504394531e+00,9.643370509147644043e-01
9.645257949829101562e+00,8.893895745277404785e-01
9.736353874206542969e+00,1.205439329147338867e+00
9.690702438354492188e+00,1.032104611396789551e+00
9.582080841064453125e+00,1.175868391990661621e+00
9.710572242736816406e+00,1.264722347259521484e+00
9.234532356262207031e+00,1.135473012924194336e+00
9.422818183898925781e+00,1.320867061614990234e+00
9.557601928710937500e+00,1.215527176856994629e+00
9.509521484375000000e+00,-2.934876382350921631e-01
9.449123382568359375e+00,1.178339719772338867e+00
9.484681129455566406e+00,1.121583223342895508e+00
9.597725868225097656e+00,9.165045619010925293e-01
9.771353721618652344e+00,1.447968184947967529e-01
9.597650527954101562e+00,-3.141672611236572266e-01
9.316276550292968750e+00,1.380368709564208984e+00
9.685924530029296875e+00,1.337355017662048340e+00
9.479300498962402344e+00,1.173450708389282227e+00
9.520721435546875000e+00,1.531246423721313477e+00
9.470409393310546875e+00,9.437062740325927734e-01
1.002930164337158203e+01,9.448460936546325684e-01
9.472148895263671875e+00,1.194440960884094238e+00
9.205831527709960938e+00,1.516931295394897461e+00
9.570600509643554688e+00,1.306639313697814941e+00
9.609418869018554688e+00,1.255567193031311035e+00
9.522369384765625000e+00,1.374972581863403320e+00
9.466781616210937500e+00,1.700592875480651855e+00
9.510926246643066406e+00,1.347361087799072266e+00
9.528459548950195312e+00,1.486003994941711426e+00
9.610180854797363281e+00,1.252721786499023438e+00
9.547935485839843750e+00,1.377231955528259277e+00
9.767631530761718750e+00,9.600140452384948730e-01
9.400010108947753906e+00,1.280234098434448242e+00
9.662241935729980469e+00,1.601824760437011719e+00
9.643512725830078125e+00,1.581055045127868652e+00
9.558072090148925781e+00,1.434144735336303711e+00
9.529203414916992188e+00,1.701716899871826172e+00
9.757156372070312500e+00,1.375466942787170410e+00
9.817396163940429688e+00,1.510275602340698242e+00
9.769891738891601562e+00,1.363516688346862793e+00
9.378869056701660156e+00,1.211264014244079590e+00
9.810075759887695312e+00,1.167711377143859863e+00
9.547492027282714844e+00,1.171795964241027832e+00
9.893786430358886719e+00,1.475241184234619141e+00
9.442448616027832031e+00,9.242745041847229004e-01
9.735584259033203125e+00,1.152585625648498535e+00
9.435705184936523438e+00,1.341782093048095703e+00
9.812446594238281250e+00,1.218050956726074219e+00
9.766409873962402344e+00,1.265406012535095215e+00
9.640068054199218750e+00,1.329189419746398926e+00
9.699084281921386719e+00,1.343784213066101074e+00
9.438642501831054688e+00,9.669348001480102539e-01
9.569055557250976562e+00,1.278830766677856445e+00
9.608647346496582031e+00,1.196044325828552246e+00
9.561512947082519531e+00,1.396763801574707031e+00
9.421257972717285156e+00,1.455677032470703125e+00
9.508833885192871094e+00,1.337485313415527344e+00
9.657041549682617188e+00,1.584206819534301758e+00
9.857691764831542969e+00,1.380834341049194336e+00
9.623529434204101562e+00,-8.784650266170501709e-02
9.742891311645507812e+00,1.300217390060424805e+00
9.558474540710449219e+00,-9.945251047611236572e-02
9.581344604492187500e+00,1.325856566429138184e+00
9.690200805664062500e+00,1.334005117416381836e+00
9.453266143798828125e+00,1.316928625106811523e+00
9.032636642456054688e+00,-2.584280371665954590e-01
9.498562812805175781e+00,1.263970494270324707e+00
9.517412185668945312e+00,1.478583693504333496e+00
9.545392990112304688e+00,1.114841222763061523e+00
9.494049072265625000e+00,1.573653817176818848e+00
9.771406173706054688e+00,1.081265330314636230e+00
9.659345626831054688e+00,1.053908228874206543e+00
9.567653656005859375e+00,1.109040737152099609e+00
9.350296020507812500e+00,1.142209410667419434e+00
9.335947990417480469e+00,1.239425182342529297e+00
9.656156539916992188e+00,1.458155870437622070e+00
9.381429672241210938e+00,9.805107116699218750e-01
9.440999031066894531e+00,1.149968147277832031e+00
9.320522308349609375e+00,1.318964838981628418e+00
9.504323959350585938e+00,1.140063762664794922e+00
9.340189933776855469e+00,1.172299861907958984e+00
9.232837677001953125e+00,1.871564239263534546e-02
9.908008575439453125e+00,1.215736627578735352e+00
8.943038940429687500e+00,1.567735433578491211e+00
9.528695106506347656e+00,1.269183874130249023e+00
9.167681694030761719e+00,1.370193243026733398e+00
9.506407737731933594e+00,1.136214137077331543e+00
9.635654449462890625e+00,1.078430652618408203e+00
9.493532180786132812e+00,1.237628459930419922e+00
9.516164779663085938e+00,9.684424996376037598e-01
9.595284461975097656e+00,1.237205266952514648e+00
9.719180107116699219e+00,1.500775814056396484e+00
9.489031791687011719e+00,9.960552453994750977e-01
9.670825958251953125e+00,-1.673803180456161499e-01
8.914698600769042969e+00,1.240897774696350098e-01
9.274931907653808594e+00,1.144987463951110840e+00
9.195448875427246094e+00,1.259274005889892578e+00
9.474481582641601562e+00,1.123555541038513184e+00
9.281023025512695312e+00,1.143047928810119629e+00
9.524846076965332031e+00,1.214786291122436523e+00
9.375791549682617188e+00,1.103542566299438477e+00
9.727644920349121094e+00,1.368188977241516113e+00
9.081300735473632812e+00,1.224970340728759766e+00
9.465616226196289062e+00,1.500130891799926758e+00
9.211098670959472656e+00,1.390704870223999023e+00
9.562697410583496094e+00,1.342820048332214355e+00
9.484451293945312500e+00,1.474038958549499512e+00
9.692430496215820312e+00,1.576577067375183105e+00
9.779928207397460938e+00,-2.817000746726989746e-01
9.518439292907714844e+00,1.557172656059265137e+00
9.506049156188964844e+00,1.274440288543701172e+00
9.744113922119140625e+00,1.004456043243408203e+00
9.579496383666992188e+00,1.660035252571105957e+00
9.407509803771972656e+00,1.312254428863525391e+00
9.456670761108398438e+00,1.343089103698730469e+00
9.716469764709472656e+00,1.231505632400512695e+00
9.666379928588867188e+00,1.097333908081054688e+00
9.547391891479492188e+00,1.414099335670471191e+00
9.391086578369140625e+00,1.300490498542785645e+00
9.563313484191894531e+00,1.347482919692993164e+00
9.473391532897949219e+00,1.399094820022583008e+00
9.564822196960449219e+00,1.362265110015869141e+00
9.435604095458984375e+00,1.371692657470703125e+00
9.567548751831054688e+00,-1.138517111539840698e-01
9.804556846618652344e+00,1.292945384979248047e+00
9.768014907836914062e+00,1.471994876861572266e+00
9.514368057250976562e+00,1.409518599510192871e+00
9.513644218444824219e+00,1.339969992637634277e+00
9.224431037902832031e+00,9.984139800071716309e-01
9.798065185546875000e+00,1.327057003974914551e+00
9.275671005249023438e+00,1.242084741592407227e+00
9.422133445739746094e+00,-3.575683534145355225e-01
9.602059364318847656e+00,1.432568550109863281e+00
9.675197601318359375e+00,1.381334066390991211e+00
9.575481414794921875e+00,1.433228135108947754e+00
9.852674484252929688e+00,1.458449721336364746e+00
9.628610610961914062e+00,1.779056310653686523e+00
9.425530433654785156e+00,1.470267415046691895e+00
9.471005439758300781e+00,1.137494206428527832e+00
9.360982894897460938e+00,1.143762946128845215e+00
9.594664573669433594e+00,1.267818570137023926e+00
9.579671859741210938e+00,1.765318870544433594e+00
9.469995498657226562e+00,1.719377040863037109e+00
9.371507644653320312e+00,1.305633902549743652e+00
9.543972969055175781e+00,1.596359729766845703e+00
9.363503456115722656e+00,1.247632384300231934e+00
9.514632225036621094e+00,1.373757362365722656e+00
9.331351280212402344e+00,1.308439254760742188e+00
9.556090354919433594e+00,1.329954624176025391e+00
9.790286064147949219e+00,-5.388657450675964355e-01
9.755371093750000000e+00,1.598058104515075684e+00
9.531890869140625000e+00,1.612411141395568848e+00
9.545551300048828125e+00,-3.046037852764129639e-01
9.608180999755859375e+00,1.357570767402648926e+00
9.893455505371093750e+00,-8.434346318244934082e-02
9.588463783264160156e+00,1.154575586318969727e+00
9.783634185791015625e+00,1.321209788322448730e+00
9.665723800659179688e+00,1.404571533203125000e+00
9.131496429443359375e+00,1.174060821533203125e+00
9.688222885131835938e+00,1.221212983131408691e+00
9.550374984741210938e+00,1.300446391105651855e+00
9.617779731750488281e+00,1.252909660339355469e+00
9.632340431213378906e+00,1.627546191215515137e+00
9.373877525329589844e+00,1.454640269279479980e+00
9.529280662536621094e+00,1.355777025222778320e+00
9.534880638122558594e+00,1.683297872543334961e+00
9.755251884460449219e+00,1.621254205703735352e+00
9.489076614379882812e+00,1.334774613380432129e+00
9.726794242858886719e+00,-3.365438580513000488e-01
9.518333435058593750e+00,1.501438856124877930e+00
9.840378761291503906e+00,1.443662285804748535e+00
9.527000427246093750e+00,1.336977243423461914e+00
9.610805511474609375e+00,1.089431285858154297e+00
9.455926895141601562e+00,1.355641841888427734e+00
9.825541496276855469e+00,1.583342671394348145e+00
9.743450164794921875e+00,1.230526328086853027e+00
9.716444015502929688e+00,1.171085000038146973e+00
9.617579460144042969e+00,1.324442982673645020e+00
9.469678878784179688e+00,1.212154507637023926e+00
9.663527488708496094e+00,1.596258163452148438e+00
9.590430259704589844e+00,1.216024279594421387e+00
9.615789413452148438e+00,1.569596052169799805e+00
9.157321929931640625e+00,1.316278934478759766e+00
9.368328094482421875e+00,1.132369399070739746e+00
9.303132057189941406e+00,1.291228413581848145e+00
9.418417930603027344e+00,1.277089118957519531e+00
9.224018096923828125e+00,1.324651002883911133e+00
9.441653251647949219e+00,1.066101312637329102e+00
9.391732215881347656e+00,1.166307568550109863e+00
9.224078178405761719e+00,1.362832784652709961e+00
9.395329475402832031e+00,1.343809366226196289e+00
9.238522529602050781e+00,1.713155031204223633e+00
9.588089942932128906e+00,1.525082349777221680e+00
9.249916076660156250e+00,1.051769018173217773e+00
9.335647583007812500e+00,1.771339297294616699e+00
9.277173995971679688e+00,1.200500488281250000e+00
8.056054115295410156e+00,1.038634538650512695e+00
9.327453613281250000e+00,1.441246151924133301e+00
9.660668373107910156e+00,8.823572397232055664e-01
7.821189880371093750e+00,1.633469462394714355e+00
9.289923667907714844e+00,1.388967633247375488e+00
7.580615043640136719e+00,1.386364459991455078e+00
