1.468730000000000014e-04,-2.447080000000000023e-04
1.554070000000000115e-04,-2.488449999999999798e-04
1.331229999999999924e-04,-2.321090000000000100e-04
6.177300000000000640e-05,-3.772520000000000262e-05
3.418839999999999813e-04,-1.611410000000000078e-04
2.099410000000000013e-04,-3.197729999999999875e-06
1.714510000000000090e-04,-2.757890000000000119e-05
1.265050000000000094e-04,3.073599999999999846e-05
1.330240000000000057e-04,-2.393969999999999985e-04
-1.662180000000000135e-04,-3.391029999999999956e-04
1.607790000000000000e-04,-2.694379999999999909e-04
2.120090000000000093e-04,-2.661620000000000175e-04
1.746499999999999897e-04,-1.435049999999999923e-05
3.215030000000000015e-04,3.893950000000000216e-05
4.308449999999999720e-05,-3.411299999999999814e-04
2.696360000000000049e-05,4.607980000000000019e-04
1.465480000000000070e-04,-2.136709999999999944e-04
-1.416710000000000061e-04,-3.874479999999999808e-04
2.861879999999999914e-04,-3.892829999999999793e-04
1.595140000000000045e-04,-2.467859999999999780e-04
1.705540000000000072e-04,-2.668910000000000032e-04
1.347649999999999879e-04,-3.366639999999999737e-04
3.490119999999999984e-04,7.953939999999999608e-06
1.689930000000000132e-04,-2.739920000000000018e-05
4.697629999999999948e-05,-9.355409999999999930e-05
1.066440000000000076e-05,-3.530380000000000172e-04
-5.314780000000000502e-04,-3.768760000000000014e-04
2.875549999999999938e-04,-3.872079999999999966e-04
2.315910000000000126e-04,-3.262310000000000145e-04
1.607860000000000018e-04,-2.266779999999999869e-04
1.475240000000000058e-04,-2.991390000000000238e-04
3.181349999999999890e-04,-1.343809999999999929e-05
3.472430000000000227e-05,-3.212290000000000241e-04
1.932570000000000099e-04,1.583070000000000074e-05
-1.614049999999999903e-04,-3.198510000000000112e-04
-6.107469999999999989e-05,-3.384920000000000246e-04
2.281720000000000102e-04,-3.241920000000000023e-04
1.749579999999999874e-04,-2.774289999999999894e-04
1.734379999999999884e-04,-2.643049999999999978e-04
1.444250000000000004e-04,-2.919630000000000098e-04
4.056940000000000090e-04,1.048410000000000054e-03
7.386669999999999532e-05,-3.741150000000000053e-04
-4.053640000000000173e-04,-5.264899999999999685e-05
9.160770000000000046e-05,-2.347460000000000052e-04
-3.853870000000000017e-04,-3.551609999999999967e-04
1.430400000000000128e-04,-2.411790000000000028e-04
1.434859999999999879e-04,-2.516479999999999867e-04
1.954509999999999960e-04,-1.093680000000000005e-04
4.791410000000000260e-05,-3.131589999999999743e-04
5.936879999999999848e-04,-1.796989999999999883e-04
1.851219999999999938e-04,-1.538669999999999957e-05
3.444389999999999729e-05,-8.097040000000000660e-05
1.409989999999999963e-04,1.225539999999999959e-05
-1.226480000000000061e-03,-4.250379999999999783e-04
3.333489999999999826e-04,-4.269140000000000261e-04
1.580540000000000016e-04,-2.633630000000000194e-04
1.976290000000000013e-04,-2.931009999999999844e-04
1.699600000000000058e-04,-2.966509999999999894e-04
1.614270000000000115e-04,-3.480690000000000043e-04
8.609679999999999872e-05,-4.335039999999999749e-04
2.573729999999999768e-04,-1.779109999999999980e-04
-3.764300000000000263e-04,-3.531680000000000041e-04
7.359440000000000133e-05,-3.893079999999999935e-04
2.447010000000000005e-04,-3.476460000000000119e-04
1.765089999999999867e-04,-2.473129999999999816e-04
2.911049999999999987e-04,-2.296269999999999887e-04
7.848520000000000539e-05,-3.764479999999999845e-04
3.463140000000000185e-04,2.445910000000000033e-04
-3.601930000000000257e-04,-3.594480000000000049e-04
6.324579999999999677e-05,-1.193270000000000046e-04
1.526409999999999909e-04,-2.626290000000000091e-04
-1.647979999999999899e-04,-3.255840000000000188e-04
4.899750000000000242e-04,-3.878139999999999973e-04
1.993379999999999946e-04,-2.622950000000000086e-04
3.818679999999999969e-04,3.354380000000000230e-04
1.084430000000000051e-04,-3.728499999999999827e-04
2.825079999999999996e-04,-4.074440000000000245e-05
5.317970000000000178e-05,-3.754930000000000182e-04
1.297369999999999947e-04,-2.286420000000000108e-04
1.826239999999999984e-05,-3.320040000000000014e-04
4.081150000000000050e-05,-1.822310000000000108e-04
2.248019999999999934e-04,-3.211369999999999850e-04
1.387580000000000020e-04,-2.348390000000000059e-04
1.764869999999999926e-04,-2.399760000000000077e-04
7.093029999999999409e-05,-3.213220000000000247e-04
2.600290000000000002e-04,2.666250000000000095e-05
7.062220000000000292e-05,-3.674209999999999911e-04
8.112899999999999861e-06,1.119210000000000040e-03
1.021599999999999977e-04,-2.477189999999999774e-04
5.853490000000000093e-05,-3.652279999999999936e-04
2.242760000000000055e-04,-3.232970000000000049e-04
1.459940000000000120e-04,-2.458030000000000046e-04
1.819029999999999963e-04,-2.404709999999999953e-04
1.377240000000000116e-04,-2.925359999999999788e-04
3.261560000000000262e-04,-2.732480000000000239e-04
6.952700000000000026e-05,-4.085539999999999918e-04
8.793130000000000293e-05,1.740649999999999945e-04
-2.829439999999999798e-04,-2.401190000000000095e-04
-3.656509999999999996e-05,1.199080000000000046e-05
1.493259999999999998e-04,-2.477460000000000231e-04
1.330869999999999948e-04,-2.317130000000000090e-04
1.911980000000000081e-04,-2.821039999999999811e-04
1.679109999999999988e-04,-2.290899999999999903e-04
3.219629999999999801e-04,-2.956699999999999999e-05
5.133009999999999835e-05,-3.676190000000000187e-04
7.361529999999999972e-05,-1.066699999999999934e-04
-2.739480000000000070e-06,-3.240429999999999873e-04
1.556299999999999990e-04,1.477980000000000103e-04
2.901290000000000271e-04,-3.927860000000000032e-04
1.497539999999999896e-04,-2.486640000000000031e-04
2.097459999999999939e-04,-2.583409999999999851e-04
1.577209999999999897e-04,-4.348500000000000260e-04
2.664869999999999847e-04,-2.234620000000000096e-04
3.490159999999999801e-05,-3.287710000000000003e-04
3.992649999999999796e-05,-3.384129999999999734e-04
-6.015359999999999951e-05,1.744520000000000055e-03
6.011150000000000206e-05,-3.282620000000000091e-04
1.498550000000000077e-04,-2.544299999999999882e-04
1.970680000000000045e-04,-2.006859999999999959e-04
2.488680000000000167e-04,-2.941940000000000093e-04
1.566190000000000128e-04,-2.196549999999999967e-04
1.650289999999999949e-04,-3.077639999999999760e-04
1.327359999999999977e-04,-2.832959999999999927e-04
4.643050000000000210e-05,-1.082880000000000040e-04
1.051650000000000002e-04,-3.065610000000000080e-04
-1.280080000000000107e-01,-1.942249999999999966e-03
2.890990000000000183e-04,-3.824510000000000149e-04
1.802109999999999997e-04,-2.845020000000000079e-04
1.725119999999999909e-04,-2.628169999999999877e-04
1.497819999999999967e-04,-2.930960000000000141e-04
3.738589999999999860e-04,-2.198989999999999897e-04
8.174610000000000665e-05,-4.302900000000000019e-04
-4.268149999999999852e-04,-6.573949999999999629e-05
1.724700000000000072e-04,-2.555100000000000253e-04
-1.743969999999999906e-04,-3.313589999999999830e-04
2.958680000000000207e-04,-4.008940000000000008e-04
1.598939999999999975e-04,-2.605099999999999842e-04
2.351309999999999956e-04,3.998219999999999812e-04
1.397210000000000129e-04,-2.339870000000000079e-04
3.146889999999999952e-04,1.035200000000000009e-03
6.286370000000000597e-05,-3.359419999999999898e-04
1.432659999999999934e-04,-2.634159999999999865e-04
-7.963639999999999532e-05,-2.406280000000000007e-04
9.302880000000000621e-05,-2.828940000000000057e-04
2.514090000000000183e-04,-3.564999999999999918e-04
1.603770000000000130e-04,-1.038750000000000041e-04
2.543460000000000209e-04,-2.865070000000000268e-04
1.508849999999999894e-04,-2.437700000000000056e-04
2.504030000000000080e-04,-2.787540000000000081e-05
6.082490000000000103e-05,-3.295309999999999863e-04
7.089599999999999342e-05,4.622690000000000154e-04
-3.240529999999999957e-05,-1.403590000000000024e-04
1.711899999999999923e-04,2.819670000000000059e-05
3.483709999999999888e-04,-4.401489999999999765e-04
1.476199999999999995e-04,-2.534589999999999868e-04
2.322310000000000064e-04,-2.726620000000000129e-04
4.854899999999999884e-05,-3.350909999999999805e-04
1.673669999999999986e-04,-3.360670000000000063e-04
-4.778380000000000149e-04,-4.178440000000000062e-04
2.757440000000000149e-05,4.282989999999999866e-04
1.463310000000000056e-04,-2.458690000000000138e-04
5.222999999999999968e-05,-3.246599999999999985e-04
2.969819999999999969e-04,-3.917230000000000169e-04
1.521890000000000027e-04,-2.192290000000000113e-04
1.526680000000000094e-04,-2.400290000000000019e-04
1.724689999999999915e-04,-2.089610000000000141e-06
1.686910000000000015e-04,-2.269799999999999986e-04
3.511789999999999796e-05,-3.231849999999999762e-04
3.426889999999999982e-05,-8.562240000000000204e-05
-1.202609999999999994e-05,-3.273729999999999978e-04
-2.889100000000000240e-04,-3.330019999999999942e-04
4.341150000000000000e-04,-2.045649999999999972e-05
1.917990000000000114e-04,-2.623479999999999757e-04
2.299269999999999960e-04,-2.927590000000000205e-04
1.495179999999999871e-04,-2.181139999999999923e-04
1.727020000000000009e-04,-2.444200000000000214e-04
1.226870000000000131e-04,-4.269860000000000213e-04
-4.408799999999999937e-04,4.995340000000000457e-04
1.397559999999999948e-04,-2.451099999999999893e-04
2.616000000000000161e-04,3.887979999999999865e-04
1.351529999999999984e-04,2.362940000000000114e-04
1.526400000000000022e-04,-9.739479999999999795e-05
4.677540000000000213e-04,6.703409999999999707e-04
7.745840000000000364e-05,-3.815469999999999843e-04
4.039639999999999832e-04,1.320189999999999976e-05
1.560739999999999968e-04,9.686610000000000419e-06
4.975210000000000092e-05,-1.034439999999999942e-04
2.210269999999999965e-04,-1.831079999999999958e-04
1.537320000000000114e-04,-2.535020000000000133e-04
3.441909999999999848e-04,-4.086259999999999871e-04
1.602899999999999985e-04,-1.080420000000000067e-04
2.161400000000000007e-04,-3.098409999999999901e-04
4.099659999999999980e-04,6.364349999999999738e-04
3.104439999999999977e-04,-2.155729999999999908e-04
7.704929999999999429e-05,-4.034700000000000114e-04
4.886089999999999834e-05,-3.065499999999999974e-04
1.152530000000000026e-04,1.336150000000000074e-05
1.556639999999999923e-04,-2.128330000000000000e-04
2.969819999999999969e-04,-3.917230000000000169e-04
3.153319999999999821e-04,-3.740239999999999819e-04
1.380329999999999979e-04,-2.380779999999999930e-04
1.756080000000000032e-04,-2.796390000000000174e-06
3.372079999999999739e-04,3.148500000000000094e-05
1.528230000000000105e-04,-3.404079999999999975e-04
1.542899999999999881e-04,5.786419999999999801e-04
-4.194409999999999708e-05,3.463810000000000299e-05
1.793130000000000093e-04,2.895319999999999920e-05
3.634320000000000129e-04,-4.866159999999999908e-04
1.417269999999999934e-04,-2.392779999999999950e-04
2.585360000000000197e-04,-2.802689999999999826e-04
3.670049999999999869e-05,-3.260380000000000114e-04
5.585510000000000128e-04,-1.149390000000000052e-04
2.009029999999999974e-04,-2.153210000000000074e-04
2.454679999999999883e-04,3.546290000000000228e-04
1.246169999999999895e-04,3.322160000000000054e-05
-4.085309999999999685e-05,-2.311490000000000124e-05
2.817130000000000046e-04,-3.965810000000000168e-04
1.411980000000000125e-04,-2.405820000000000083e-04
1.764550000000000038e-04,-2.599209999999999802e-04
1.480789999999999895e-04,-2.494099999999999854e-04
2.683629999999999783e-04,-2.068659999999999943e-04
7.974079999999999385e-05,-1.651509999999999914e-04
7.081679999999999594e-05,-9.417620000000000136e-05
9.331480000000000652e-06,-3.211290000000000216e-04
1.439400000000000076e-04,-2.452870000000000115e-04
2.545049999999999765e-04,-3.199020000000000010e-04
1.362889999999999957e-04,-2.357880000000000132e-04
2.367910000000000034e-04,-2.780540000000000182e-04
1.655109999999999947e-04,-3.150469999999999941e-04
2.683629999999999783e-04,-2.068659999999999943e-04
2.050459999999999880e-04,-2.861499999999999894e-04
3.400599999999999934e-05,-7.787869999999999689e-05
2.888200000000000147e-06,-3.109109999999999782e-04
3.940240000000000073e-05,-3.334030000000000197e-04
2.530209999999999751e-04,-3.522989999999999824e-04
1.711190000000000128e-04,-2.598009999999999881e-04
1.999670000000000050e-04,-2.581500000000000136e-04
1.600960000000000067e-04,-2.750300000000000010e-04
2.803600000000000059e-04,-2.681140000000000151e-04
-6.343580000000000139e-04,-3.334340000000000199e-04
1.977690000000000101e-04,-2.393539999999999991e-04
1.061879999999999937e-04,-2.564539999999999810e-04
1.317959999999999965e-04,-2.294639999999999972e-04
2.268070000000000123e-04,-3.238350000000000191e-04
1.546230000000000000e-04,-2.593869999999999748e-04
1.471680000000000113e-04,-2.430280000000000049e-04
3.818189999999999844e-04,-2.191290000000000157e-05
2.271909999999999869e-04,3.901679999999999717e-06
5.903630000000000260e-05,-3.642920000000000012e-04
1.509159999999999896e-04,-6.105250000000000542e-05
1.373760000000000074e-04,1.997350000000000113e-05
-1.787509999999999967e-04,-3.395599999999999812e-04
2.862070000000000196e-04,-3.812689999999999981e-04
1.461049999999999979e-04,-2.503340000000000057e-04
2.182370000000000046e-04,-1.208640000000000002e-04
5.382220000000000114e-05,-3.142139999999999972e-04
1.421340000000000049e-04,-3.201289999999999973e-04
1.865559999999999940e-04,1.490459999999999957e-05
2.575510000000000147e-04,6.695169999999999800e-05
8.673609999999999784e-05,-3.013129999999999932e-04
1.849060000000000081e-04,-2.667100000000000265e-04
3.524490000000000131e-04,-4.451929999999999776e-04
1.926239999999999908e-04,-2.891670000000000048e-04
1.499779999999999928e-04,-2.419280000000000052e-04
-2.734209999999999831e-04,-2.917589999999999962e-04
3.472519999999999882e-04,-3.826419999999999865e-05
6.566859999999999668e-05,-3.669480000000000246e-04
3.392549999999999901e-05,-1.290680000000000050e-04
1.403490000000000076e-04,-2.311629999999999957e-04
5.282259999999999804e-05,-3.269009999999999928e-04
2.843720000000000210e-04,-3.788560000000000061e-04
1.890580000000000049e-04,-1.232080000000000035e-04
1.952350000000000103e-04,-2.436779999999999936e-04
9.291330000000000368e-05,-8.073320000000000149e-05
6.815529999999999440e-05,-3.520050000000000154e-04
3.724989999999999720e-05,-3.309089999999999991e-04
1.849639999999999997e-04,2.008979999999999864e-05
1.560459999999999896e-04,-2.822090000000000080e-04
6.078870000000000296e-05,-3.759190000000000036e-04
2.507289999999999909e-04,-3.519209999999999938e-04
1.518170000000000001e-04,-2.583190000000000182e-04
1.709910000000000032e-04,-2.626630000000000024e-04
1.810480000000000054e-04,2.151990000000000042e-05
3.181349999999999890e-04,-1.343809999999999929e-05
-5.045239999999999827e-05,-1.011290000000000003e-04
-4.148329999999999769e-04,4.446480000000000159e-04
1.541900000000000128e-04,-2.660660000000000238e-04
-5.324519999999999904e-04,-2.958750000000000225e-04
3.282450000000000125e-04,-3.911899999999999731e-04
2.132319999999999940e-04,-2.891120000000000061e-04
1.805069999999999982e-04,-2.742970000000000065e-04
1.504859999999999954e-04,-2.728559999999999775e-04
3.383880000000000134e-04,2.813599999999999760e-04
-1.671909999999999922e-04,3.894039999999999736e-05
3.055550000000000247e-05,4.238670000000000263e-04
1.671339999999999892e-04,5.499049999999999468e-04
1.879440000000000017e-04,3.733429999999999930e-05
4.204179999999999853e-04,-5.077729999999999917e-04
1.768639999999999926e-04,-2.651110000000000033e-04
2.837989999999999979e-04,-2.856749999999999914e-04
1.675939999999999949e-04,6.036729999999999714e-06
3.101329999999999799e-04,-2.521509999999999919e-04
1.672119999999999976e-04,-2.345290000000000037e-04
4.440890000000000099e-05,-4.998040000000000008e-05
8.754409999999999417e-05,-2.322280000000000134e-04
-7.073420000000000456e-05,-2.930760000000000244e-04
3.352450000000000200e-04,-4.000450000000000230e-04
1.751900000000000083e-04,-2.994539999999999962e-04
1.991750000000000031e-04,-2.942560000000000097e-04
1.391449999999999968e-04,-2.301740000000000090e-04
4.502929999999999932e-04,4.028379999999999808e-04
2.506459999999999851e-04,-2.948399999999999892e-04
5.053490000000000298e-05,-3.148860000000000070e-04
1.505239999999999974e-04,2.611669999999999747e-04
3.621910000000000022e-05,-3.270489999999999921e-04
3.104550000000000083e-04,-2.734030000000000249e-04
2.768010000000000219e-04,-5.637109999999999972e-05
2.983120000000000129e-04,-3.241820000000000075e-04
8.049550000000000205e-05,-6.858590000000000346e-05
3.534380000000000269e-04,3.024619999999999783e-04
5.649109999999999857e-05,-3.852600000000000078e-04
1.129840000000000011e-05,4.440940000000000209e-04
8.354140000000000621e-05,-2.296830000000000030e-04
-1.234990000000000046e-03,-3.849200000000000212e-04
1.542050000000000050e-04,-2.580710000000000165e-04
1.415289999999999929e-04,-2.384499999999999955e-04
1.596930000000000040e-04,-2.621030000000000213e-04
3.266410000000000190e-04,-4.332839999999999668e-05
1.777150000000000019e-04,-2.275699999999999913e-04
1.367580000000000076e-04,-2.320020000000000057e-04
-4.240620000000000066e-04,-8.002019999999999663e-05
1.420319999999999981e-04,4.719009999999999903e-06
-1.627339999999999906e-04,-3.921919999999999747e-04
1.914390000000000080e-04,-2.861079999999999787e-04
1.549280000000000047e-04,-2.219020000000000042e-04
1.419969999999999891e-04,-2.304440000000000047e-04
2.080010000000000029e-04,-7.059920000000000670e-05
2.540679999999999805e-04,2.539560000000000127e-05
3.527329999999999989e-05,-3.398799999999999781e-04
1.532019999999999877e-04,2.929930000000000186e-04
1.558960000000000131e-04,-2.307789999999999939e-04
1.543589999999999904e-04,-2.770669999999999817e-04
4.048990000000000141e-04,-4.489669999999999859e-04
1.820459999999999982e-04,-2.889060000000000152e-04
1.929749999999999879e-04,-9.810970000000000021e-05
4.405680000000000143e-05,-3.340169999999999836e-04
2.777540000000000109e-04,-3.070449999999999850e-04
-3.381510000000000223e-04,-3.988010000000000057e-04
1.838470000000000035e-04,1.811839999999999919e-05
1.082310000000000010e-04,-9.011049999999999724e-05
-1.719070000000000060e-04,-3.212949999999999790e-04
3.259700000000000249e-04,-4.277129999999999756e-04
1.616979999999999958e-04,-2.633229999999999859e-04
1.900229999999999931e-04,-3.023820000000000197e-04
1.674079999999999937e-04,-3.049610000000000233e-04
3.274929999999999898e-04,-2.476059999999999871e-04
8.190019999999999896e-05,-4.239359999999999743e-04
1.687980000000000058e-04,3.077770000000000180e-04
-1.136890000000000054e-05,-3.259739999999999795e-04
-1.703250000000000066e-04,-3.225719999999999738e-04
3.127389999999999749e-04,-4.045210000000000255e-04
1.569990000000000057e-04,-2.458919999999999964e-04
1.999609999999999918e-04,-2.964169999999999913e-04
8.525720000000000087e-05,-3.798370000000000023e-04
1.836499999999999916e-04,-2.566959999999999967e-04
1.744899999999999912e-04,-3.893440000000000182e-04
5.992040000000000316e-05,-1.228640000000000081e-04
1.798919999999999914e-04,5.649679999999999752e-05
4.205690000000000047e-05,-3.362950000000000184e-04
1.703650000000000130e-04,-2.736920000000000216e-04
-2.680049999999999794e-04,-2.786469999999999767e-04
2.146179999999999974e-04,-3.148749999999999965e-04
3.593999999999999810e-05,-3.277600000000000196e-04
1.688539999999999930e-04,1.518870000000000079e-05
-2.726709999999999919e-04,1.153590000000000046e-04
5.293719999999999860e-05,-3.177650000000000179e-04
1.468850000000000006e-04,-2.498380000000000024e-04
5.252190000000000276e-05,-3.256499999999999738e-04
2.433769999999999976e-04,-3.004169999999999801e-04
1.890419999999999969e-04,-2.792189999999999841e-04
2.786959999999999893e-04,-3.154650000000000162e-04
1.669239999999999895e-04,-3.019370000000000062e-04
3.848349999999999839e-04,2.843440000000000138e-04
3.936429999999999850e-05,-3.368670000000000258e-04
4.471790000000000091e-05,-3.697969999999999968e-04
8.456649999999999747e-05,-9.288569999999999737e-05
-2.392600000000000098e-04,-9.312859999999999465e-05
5.675939999999999734e-05,-3.588660000000000027e-04
1.363070000000000080e-04,-2.353330000000000049e-04
1.537130000000000104e-04,-2.599230000000000117e-04
5.069619999999999753e-05,-3.099569999999999734e-04
1.936589999999999969e-04,-2.745299999999999957e-05
5.914279999999999895e-05,-3.312230000000000100e-04
7.110619999999999354e-05,-8.784940000000000630e-05
1.286089999999999879e-04,3.071860000000000096e-05
-1.401660000000000102e-03,2.851070000000000131e-06
3.126669999999999797e-04,-4.130620000000000103e-04
1.435909999999999877e-04,-2.395680000000000075e-04
1.994259999999999978e-04,-2.904019999999999887e-04
1.893289999999999893e-04,3.051549999999999947e-05
2.571229999999999978e-04,-2.789660000000000121e-04
5.632580000000000204e-05,-3.915799999999999880e-04
3.434549999999999837e-05,4.669790000000000160e-04
9.481079999999999695e-05,-2.337849999999999987e-04
3.778459999999999734e-05,-3.302900000000000107e-04
2.588220000000000234e-04,-3.610940000000000091e-04
1.305269999999999922e-04,-2.303670000000000121e-04
2.641610000000000073e-04,-1.860149999999999868e-04
1.346650000000000126e-04,-2.830339999999999874e-04
3.312960000000000210e-04,5.698460000000000325e-06
5.661439999999999789e-05,9.343000000000000502e-05
4.771409999999999774e-05,-3.260059999999999954e-04
1.158230000000000056e-04,9.056049999999999463e-06
7.339450000000000347e-05,-3.443559999999999807e-04
2.766350000000000102e-04,-3.475279999999999971e-04
-2.648090000000000188e-04,-2.511120000000000040e-04
1.364500000000000099e-04,-2.352289999999999937e-04
5.027770000000000145e-05,-3.373709999999999925e-04
3.902029999999999908e-04,3.275460000000000112e-04
6.667840000000000182e-05,-3.311489999999999833e-04
8.234959999999999503e-05,-2.677650000000000020e-05
1.176380000000000009e-04,-1.991869999999999955e-06
-6.246830000000000633e-05,-2.882539999999999950e-04
3.701670000000000221e-04,-2.557620000000000087e-05
2.075919999999999870e-04,-1.568039999999999983e-04
2.415259999999999911e-04,-2.950079999999999781e-04
2.415849999999999985e-04,4.613500000000000196e-04
3.556240000000000226e-04,2.928380000000000176e-04
5.317970000000000178e-05,-3.754930000000000182e-04
3.208170000000000151e-05,-6.846710000000000046e-05
-7.998619999999999661e-06,-3.303809999999999798e-04
-8.273529999999999643e-04,2.418609999999999871e-05
3.282450000000000125e-04,-3.911899999999999731e-04
2.196199999999999878e-04,-2.903979999999999799e-04
1.953280000000000109e-04,-2.818300000000000037e-04
6.354230000000000316e-05,-3.212409999999999962e-04
3.807700000000000017e-04,-2.200079999999999983e-04
7.854430000000000623e-05,-4.873979999999999979e-04
2.099170000000000029e-04,-4.417740000000000329e-06
1.201889999999999973e-04,1.078279999999999949e-05
1.402119999999999918e-04,-2.409629999999999899e-04
3.127389999999999749e-04,-4.045210000000000255e-04
1.881130000000000063e-04,-2.986749999999999822e-04
1.490630000000000058e-04,-4.808990000000000183e-04
4.071489999999999875e-05,-3.337270000000000254e-04
2.191519999999999916e-04,-3.285219999999999829e-04
5.649109999999999857e-05,-3.852600000000000078e-04
5.652529999999999903e-05,2.392659999999999958e-04
1.070590000000000062e-04,-2.486899999999999788e-04
-1.530199999999999952e-04,-3.818399999999999898e-04
3.286280000000000256e-04,-1.302119999999999927e-04
1.754349999999999898e-04,-1.188200000000000042e-04
1.812929999999999869e-04,-2.621419999999999848e-04
1.558709999999999989e-04,1.607389999999999869e-05
2.151739999999999968e-04,-3.436439999999999916e-04
1.308480000000000049e-04,-2.312980000000000071e-04
1.359180000000000089e-04,1.829700000000000117e-05
5.010820000000000248e-05,-2.667079999999999950e-04
1.353380000000000110e-04,-2.859459999999999758e-04
3.710569999999999949e-04,-4.419679999999999941e-04
1.614069999999999947e-04,-2.627479999999999855e-04
1.423859999999999883e-04,-2.317370000000000074e-04
5.783770000000000360e-04,7.964400000000000385e-04
6.175579999999999579e-05,-3.486310000000000168e-04
-3.674179999999999981e-04,-4.078929999999999926e-04
1.688670000000000080e-04,3.151410000000000105e-04
6.006329999999999802e-05,-2.241230000000000088e-04
1.065179999999999990e-04,-3.570550000000000026e-04
1.828939999999999874e-04,2.127750000000000084e-04
1.458460000000000127e-04,-2.418339999999999889e-04
1.783339999999999904e-04,-2.665160000000000077e-04
1.573629999999999907e-04,-2.426779999999999964e-04
1.637169999999999912e-04,-2.298310000000000023e-04
5.180380000000000027e-05,-3.740160000000000186e-04
3.607019999999999899e-05,-8.397630000000000437e-05
1.132950000000000054e-04,-3.132640000000000012e-04
7.528220000000000235e-05,-2.267699999999999989e-05
2.168489999999999968e-04,1.587360000000000062e-04
2.903580000000000006e-04,-8.599719999999999717e-05
1.442089999999999876e-04,-2.423980000000000058e-04
-3.963400000000000169e-04,-3.539579999999999745e-04
4.268680000000000065e-04,-1.792610000000000104e-05
-2.434059999999999935e-04,-2.425620000000000131e-04
-2.840270000000000099e-04,3.327289999999999783e-04
-2.014899999999999970e-04,-3.393150000000000267e-04
1.843319999999999963e-04,-7.930569999999999525e-05
1.408399999999999865e-04,-3.115400000000000157e-04
1.742109999999999893e-04,-2.665249999999999867e-04
1.372970000000000104e-04,-2.319350000000000079e-04
1.475989999999999941e-04,-2.931510000000000127e-04
1.490720000000000120e-04,-2.295909999999999911e-04
1.629880000000000055e-04,-3.108590000000000268e-04
8.518599999999999382e-05,-5.517250000000000073e-05
-4.501490000000000162e-05,-2.489209999999999839e-04
2.049019999999999975e-04,-2.493230000000000251e-04
3.471549999999999788e-04,-4.507110000000000153e-04
1.496719999999999995e-04,-2.433869999999999925e-04
1.940199999999999889e-04,-2.500280000000000124e-04
1.608120000000000046e-04,8.472769999999999179e-06
1.627230000000000072e-04,-2.291329999999999897e-04
1.739719999999999938e-04,-4.501919999999999750e-05
-5.143899999999999861e-04,2.023459999999999929e-03
1.335510000000000093e-04,1.194230000000000084e-05
-3.729119999999999831e-04,-3.492850000000000143e-04
3.535240000000000257e-04,-4.168120000000000202e-04
1.388580000000000044e-04,-2.354360000000000003e-04
3.183039999999999936e-04,5.615659999999999966e-04
1.436130000000000089e-04,-2.363420000000000082e-04
8.753530000000000197e-05,-3.654950000000000234e-04
9.008440000000000100e-05,-4.560000000000000251e-04
-3.797369999999999999e-04,-9.553239999999999356e-05
-1.777930000000000103e-04,-3.384570000000000157e-04
-1.620140000000000111e-04,9.083020000000000663e-06
2.874469999999999738e-04,-3.832120000000000166e-04
2.244969999999999887e-04,-2.096610000000000108e-04
2.749609999999999988e-04,-3.066300000000000102e-04
1.916879999999999984e-04,-2.339169999999999900e-04
1.013369999999999955e-04,-3.159220000000000019e-04
1.682479999999999924e-04,-2.631129999999999862e-04
2.153379999999999871e-06,1.133469999999999920e-03
1.447099999999999884e-04,-2.869980000000000057e-04
1.483330000000000043e-04,-2.677460000000000213e-04
2.216470000000000007e-04,-3.192790000000000038e-04
3.118819999999999796e-04,-1.917710000000000042e-04
1.965579999999999975e-04,-2.503900000000000201e-04
-2.499019999999999801e-04,-2.543099999999999961e-04
2.175970000000000107e-04,1.132469999999999950e-04
5.161000000000000223e-05,-3.621809999999999938e-04
3.614540000000000125e-05,-8.749330000000000475e-05
1.416029999999999925e-04,-2.360220000000000113e-04
-1.812469999999999945e-04,-2.954960000000000182e-04
3.099460000000000171e-04,-4.051559999999999949e-04
1.470940000000000116e-04,-2.469360000000000088e-04
2.892999999999999847e-04,-3.229829999999999941e-04
3.943120000000000289e-05,-3.341199999999999791e-04
1.782560000000000091e-04,-3.369059999999999893e-04
3.395380000000000007e-05,-3.242850000000000029e-04
4.890989999999999737e-05,-1.083909999999999995e-04
1.583939999999999881e-04,-2.341020000000000026e-04
4.704290000000000321e-05,-3.614259999999999782e-04
2.417409999999999882e-04,-3.291990000000000172e-04
2.236010000000000027e-04,2.415239999999999867e-04
2.303879999999999904e-04,-2.842759999999999732e-04
1.740819999999999911e-04,3.403120000000000038e-05
2.556169999999999753e-04,2.129859999999999967e-05
3.456980000000000231e-05,-3.245759999999999769e-04
1.315370000000000113e-04,-3.369850000000000270e-05
1.441629999999999951e-04,3.720810000000000041e-05
2.059739999999999900e-04,1.586969999999999885e-04
3.099530000000000189e-04,-3.018030000000000105e-04
1.749549999999999944e-04,9.670199999999999673e-04
2.180000000000000134e-04,-3.034959999999999958e-04
1.709260000000000098e-04,-2.159139999999999931e-04
3.894600000000000015e-04,2.576119999999999994e-04
8.652999999999999993e-05,-4.526859999999999955e-04
1.310440000000000010e-04,-3.640470000000000061e-05
1.036809999999999989e-04,-8.918739999999999925e-05
4.503300000000000065e-05,-3.533289999999999912e-04
2.749660000000000233e-04,-3.469239999999999737e-04
2.006429999999999965e-04,-2.899800000000000121e-04
1.442819999999999986e-04,-2.411029999999999987e-04
9.956459999999999876e-05,-3.020140000000000259e-04
1.708079999999999950e-04,-2.365509999999999922e-04
6.486089999999999423e-05,-3.853780000000000226e-04
1.554949999999999876e-04,2.973480000000000133e-04
1.116000000000000021e-04,2.500970000000000146e-04
3.517820000000000143e-05,-3.258979999999999755e-04
2.153579999999999937e-04,-3.119110000000000025e-04
1.643760000000000132e-04,-2.587709999999999793e-04
1.634770000000000071e-04,-2.484019999999999978e-04
1.868650000000000074e-04,-2.829759999999999958e-04
2.901840000000000257e-04,-2.283259999999999955e-04
1.787559999999999941e-04,-3.117950000000000192e-04
1.912229999999999952e-04,5.479859999999999809e-04
1.224359999999999912e-04,-7.315060000000000229e-06
5.925500000000000103e-05,-3.430670000000000139e-04
3.368019999999999781e-04,-4.085089999999999880e-04
1.772309999999999977e-04,-2.843060000000000118e-04
2.022679999999999953e-04,-2.941379999999999949e-04
5.027770000000000145e-05,-3.373709999999999925e-04
4.538209999999999770e-04,-1.244730000000000024e-05
3.578390000000000141e-05,-3.301210000000000060e-04
-1.291070000000000065e-03,1.733290000000000108e-01
9.944240000000000186e-05,-2.329029999999999892e-04
4.708840000000000134e-05,-3.473419999999999958e-04
3.405330000000000141e-04,-3.001479999999999730e-04
2.260840000000000126e-04,-3.102569999999999807e-04
1.534490000000000008e-04,-1.362839999999999982e-04
6.922549999999999646e-05,-9.677659999999999767e-05
1.728339999999999922e-04,-2.267439999999999961e-04
1.506040000000000102e-04,-2.121620000000000060e-04
-4.268920000000000050e-04,-4.039770000000000118e-05
-1.947809999999999906e-04,-3.483299999999999938e-04
-5.323160000000000175e-04,-2.634530000000000270e-04
2.434369999999999937e-04,-2.780090000000000144e-04
1.893180000000000058e-04,-2.323509999999999985e-04
2.672519999999999952e-04,-2.787700000000000160e-04
4.513900000000000269e-05,-3.333939999999999864e-04
3.768040000000000061e-04,2.778789999999999732e-04
1.352919999999999915e-04,-2.278419999999999914e-04
4.354569999999999882e-05,-9.603720000000000269e-05
1.803929999999999922e-04,7.317880000000000348e-04
8.439329999999999716e-05,-2.206099999999999901e-04
2.519379999999999992e-04,-5.372600000000000026e-05
1.627850000000000076e-04,-2.512810000000000087e-04
1.524580000000000097e-04,-2.452989999999999836e-04
3.598470000000000124e-05,-3.304550000000000065e-04
4.435180000000000047e-04,-2.115610000000000027e-04
2.050459999999999880e-04,-2.861499999999999894e-04
-4.033460000000000105e-04,4.442790000000000064e-04
1.509159999999999896e-04,-1.280900000000000052e-05
1.904390000000000108e-04,-2.409869999999999883e-04
3.544350000000000040e-04,-4.663140000000000080e-04
2.064819999999999926e-04,-2.720409999999999929e-04
1.998419999999999884e-04,-2.781999999999999859e-04
6.354230000000000316e-05,-3.212409999999999962e-04
3.489529999999999911e-04,7.368080000000000105e-05
5.091100000000000096e-05,-3.754450000000000213e-04
2.072280000000000020e-04,2.970550000000000078e-04
4.908479999999999971e-06,-3.167900000000000078e-04
-7.008340000000000056e-05,-2.868789999999999752e-04
2.705030000000000086e-04,-3.703269999999999934e-04
1.443279999999999910e-04,-2.393250000000000032e-04
1.722240000000000099e-04,-2.682079999999999772e-04
-1.368850000000000015e-04,-3.925730000000000105e-04
3.771959999999999983e-04,2.963209999999999976e-04
6.936629999999999348e-05,-3.326229999999999899e-04
1.529369999999999894e-04,2.876800000000000104e-04
2.149110000000000164e-05,-3.131259999999999968e-04
-1.065039999999999954e-03,-3.567600000000000198e-04
2.216470000000000007e-04,-3.192790000000000038e-04
2.377470000000000126e-04,1.791069999999999913e-04
2.813080000000000246e-04,-3.227850000000000207e-04
9.159650000000000300e-05,-3.334349999999999814e-04
1.566890000000000036e-04,-2.386350000000000081e-04
1.962250000000000127e-04,-2.406559999999999876e-05
4.962240000000000113e-05,-1.055539999999999994e-04
-5.191190000000000013e-05,-2.738689999999999896e-04
3.821819999999999943e-05,-3.319649999999999836e-04
2.058060000000000011e-04,-3.029169999999999866e-04
1.514529999999999880e-04,-1.022190000000000051e-04
2.956500000000000035e-04,-2.095909999999999928e-04
6.991619999999999985e-05,-3.275490000000000042e-04
1.887149999999999982e-04,-3.275749999999999799e-04
1.608070000000000072e-04,2.373910000000000112e-05
3.013020000000000165e-05,-8.188869999999999407e-05
1.785090000000000082e-04,-2.596179999999999799e-04
6.435389999999999383e-05,-3.391129999999999904e-04
3.588199999999999831e-04,-1.887749999999999942e-04
1.950769999999999891e-04,1.871160000000000022e-04
2.094459999999999866e-04,-2.921679999999999850e-04
1.898369999999999919e-04,-4.266650000000000087e-04
2.756009999999999927e-04,-1.792199999999999883e-05
4.765760000000000260e-05,-3.238280000000000173e-04
3.002729999999999963e-05,-7.246270000000000673e-05
-1.782289999999999905e-04,-3.376680000000000068e-04
-6.167969999999999833e-04,-2.754389999999999898e-04
2.927340000000000064e-04,-3.932170000000000131e-04
1.833179999999999955e-04,-2.462340000000000145e-04
3.142700000000000116e-04,-3.416679999999999956e-04
1.391660000000000022e-04,-2.867030000000000229e-04
4.747010000000000075e-04,5.472870000000000339e-04
1.667619999999999866e-04,-3.174610000000000019e-04
8.069499999999999904e-05,2.144450000000000110e-04
1.542520000000000132e-04,-2.294700000000000103e-04
1.506629999999999905e-04,1.668130000000000036e-04
1.662319999999999900e-04,2.154339999999999977e-04
1.831430000000000048e-04,-2.776930000000000262e-04
1.625909999999999888e-04,-2.271110000000000012e-04
1.526149999999999881e-04,-3.075169999999999900e-04
2.961179999999999997e-04,-2.513190000000000107e-04
7.702299999999999761e-05,-3.522779999999999770e-04
4.275199999999999996e-05,-6.334319999999999350e-05
9.214929999999999541e-05,-2.313109999999999949e-04
1.858320000000000056e-04,-2.282359999999999879e-04
1.393450000000000016e-04,-2.373080000000000122e-04
2.156519999999999878e-04,-2.824500000000000079e-04
1.826390000000000110e-04,-2.412950000000000132e-04
5.672909999999999867e-05,-3.561349999999999911e-04
1.012410000000000019e-04,-3.154450000000000266e-04
1.026959999999999939e-04,-2.863720000000000154e-04
2.304539999999999996e-04,1.475299999999999919e-03
1.364050000000000061e-04,1.252719999999999925e-05
6.189830000000000332e-05,-3.659700000000000214e-04
1.401540000000000002e-04,-2.367720000000000024e-04
2.297239999999999981e-04,-3.024670000000000028e-04
2.160510000000000089e-04,-2.955179999999999851e-04
1.906370000000000113e-04,-2.602859999999999809e-04
2.729270000000000112e-04,-2.432459999999999950e-04
2.269059999999999990e-04,-9.873729999999999399e-05
1.849639999999999997e-04,2.008979999999999864e-05
3.626650000000000251e-05,-3.280819999999999939e-04
1.424639999999999967e-04,-1.006809999999999937e-04
1.333279999999999947e-04,-2.310609999999999888e-04
1.793639999999999991e-04,-2.779330000000000103e-04
2.434170000000000040e-04,-2.773669999999999890e-04
5.615389999999999781e-05,-3.435930000000000017e-04
5.462190000000000231e-04,-8.231729999999999874e-05
-2.766860000000000001e-04,-2.239470000000000024e-04
-5.004210000000000255e-04,1.703759999999999910e-03
-1.997639999999999986e-06,-3.434929999999999993e-04
4.482880000000000014e-05,-3.907059999999999960e-04
3.539610000000000217e-04,-3.892550000000000263e-04
2.322029999999999992e-04,-3.699120000000000186e-04
2.513470000000000179e-04,-3.158699999999999963e-04
-2.379419999999999929e-04,-2.117489999999999948e-05
3.570339999999999972e-04,5.983189999999999884e-06
1.324759999999999968e-04,-2.324190000000000121e-04
5.434210000000000272e-05,-6.052270000000000246e-05
1.615719999999999906e-04,-9.314299999999999912e-05
5.473430000000000211e-05,-3.185589999999999971e-04
1.308410000000000031e-04,2.398769999999999939e-04
1.813390000000000065e-04,-3.123479999999999985e-04
1.810949999999999865e-04,-2.693260000000000163e-04
4.901990000000000140e-05,-3.513680000000000145e-04
1.606959999999999942e-04,-3.232479999999999924e-04
3.425599999999999864e-05,-3.309130000000000079e-04
3.859799999999999874e-05,-6.797229999999999971e-05
1.252740000000000071e-04,2.366689999999999866e-05
-5.362280000000000301e-04,-3.917090000000000133e-04
2.299919999999999894e-04,-3.466909999999999914e-04
1.741740000000000031e-04,-2.745569999999999803e-04
1.668530000000000100e-04,-2.532950000000000067e-04
1.641799999999999900e-04,1.400580000000000065e-05
3.591420000000000116e-04,8.536210000000000388e-06
1.468499999999999916e-04,-2.558519999999999892e-04
1.472599999999999962e-04,-1.249820000000000004e-05
1.417149999999999942e-04,-2.477420000000000143e-04
-8.925349999999999647e-04,-3.533179999999999806e-04
3.081800000000000208e-04,-4.025149999999999909e-04
1.527180000000000106e-04,-2.454499999999999759e-04
2.123910000000000067e-04,-3.069039999999999876e-04
1.009179999999999984e-04,-3.379999999999999758e-04
2.630180000000000083e-04,-2.428610000000000046e-04
1.563179999999999897e-04,-2.418610000000000074e-04
4.137839999999999672e-05,-8.954629999999999339e-05
1.279309999999999920e-04,3.235289999999999987e-05
3.596560000000000002e-05,-3.277260000000000264e-04
-2.695570000000000214e-04,-2.702550000000000069e-04
1.712370000000000005e-04,-1.162399999999999984e-04
2.476749999999999893e-04,-3.050619999999999873e-04
5.027770000000000145e-05,-3.373709999999999925e-04
1.766009999999999986e-04,1.450390000000000017e-05
7.999419999999999383e-05,-3.321730000000000060e-04
8.196280000000000069e-06,-9.734050000000000002e-07
1.407720000000000000e-04,-2.477070000000000053e-04
5.405209999999999702e-05,-3.529939999999999749e-04
1.582160000000000044e-04,-2.606829999999999976e-04
9.493179999999999460e-06,-3.534039999999999794e-04
1.721179999999999943e-04,-1.138010000000000036e-04
1.504079999999999870e-04,-3.592569999999999791e-04
3.276099999999999889e-04,2.652849999999999783e-04
1.542030000000000007e-04,-2.188260000000000086e-04
1.538049999999999953e-04,-4.372159999999999996e-06
1.431699999999999997e-04,-2.470489999999999991e-04
1.457879999999999940e-04,-2.191200000000000027e-04
3.843909999999999862e-04,-4.930619999999999491e-04
1.444860000000000122e-04,-2.535179999999999942e-04
2.580330000000000145e-04,-2.860289999999999816e-04
-1.604499999999999969e-04,-3.286909999999999875e-04
4.739190000000000004e-04,2.158139999999999974e-05
-3.201149999999999666e-05,-3.784449999999999858e-04
6.490000000000000543e-05,-1.224010000000000094e-04
-9.554820000000000110e-06,-3.299900000000000034e-04
4.472110000000000115e-05,-3.394299999999999943e-04
2.016219999999999883e-04,-2.970979999999999802e-04
1.417389999999999926e-04,2.421930000000000035e-04
2.215949999999999951e-04,-3.121040000000000056e-04
6.224709999999999564e-05,-3.191819999999999944e-04
3.987059999999999736e-04,3.049809999999999858e-05
3.365039999999999888e-05,-3.253260000000000223e-04
5.002680000000000017e-05,-9.754979999999999901e-05
9.022550000000000546e-05,2.374319999999999995e-05
-3.953429999999999857e-04,-3.376399999999999996e-04
3.700159999999999756e-04,-4.702349999999999998e-04
1.042779999999999933e-04,-3.039440000000000024e-04
1.969410000000000106e-04,-2.861610000000000000e-04
1.691979999999999884e-04,-1.258010000000000107e-04
1.431260000000000117e-04,-3.207010000000000047e-04
6.630390000000000058e-05,-3.336230000000000142e-04
1.817529999999999927e-04,8.891250000000000498e-04
1.114369999999999971e-04,1.400490000000000037e-05
1.437180000000000087e-04,-3.021960000000000184e-04
1.753310000000000057e-04,-2.758500000000000101e-04
1.521949999999999887e-04,-2.447400000000000183e-04
1.961029999999999891e-04,-2.677159999999999826e-04
2.098849999999999869e-04,-2.790790000000000024e-04
3.519109999999999990e-04,6.001310000000000314e-06
5.649109999999999857e-05,-3.852600000000000078e-04
3.444389999999999729e-05,-8.097040000000000660e-05
1.482830000000000031e-04,-2.141800000000000127e-04
-1.778120000000000113e-04,-3.409819999999999822e-04
2.243229999999999866e-04,5.869869999999999689e-04
1.533030000000000059e-04,-2.478889999999999978e-04
1.809600000000000021e-04,-2.696819999999999838e-04
5.468909999999999787e-05,-3.140190000000000169e-04
4.563050000000000027e-04,5.440049999999999660e-04
5.782339999999999935e-05,-3.309329999999999976e-04
5.258539999999999970e-05,-1.115620000000000001e-04
6.191860000000000040e-05,1.779010000000000099e-05
5.809539999999999946e-05,-3.759699999999999934e-04
2.843720000000000210e-04,-3.788560000000000061e-04
1.469619999999999932e-04,-2.516689999999999921e-04
2.016879999999999975e-04,-2.859919999999999954e-04
6.898600000000000663e-05,-9.649340000000000011e-05
1.148820000000000022e-04,-3.113149999999999967e-04
4.653590000000000282e-05,-3.080949999999999835e-04
4.411940000000000317e-05,-9.545919999999999568e-05
1.657170000000000127e-04,1.894529999999999969e-05
1.353899999999999895e-04,-2.922959999999999946e-04
3.535240000000000257e-04,-4.168120000000000202e-04
1.984260000000000006e-04,-3.150369999999999993e-04
2.185070000000000003e-04,-7.475120000000000354e-06
3.845680000000000084e-05,-3.291829999999999821e-04
2.978920000000000136e-04,1.900750000000000055e-05
1.361839999999999958e-04,-2.295459999999999872e-04
3.785400000000000044e-05,-7.511569999999999640e-05
5.232139999999999681e-05,-3.190879999999999780e-04
6.861690000000000367e-05,-1.122329999999999976e-05
2.245340000000000020e-04,-2.343980000000000011e-04
1.865989999999999934e-04,1.851529999999999940e-04
1.970700000000000088e-04,-2.547639999999999887e-04
1.412820000000000070e-04,-2.859079999999999738e-04
1.858669999999999875e-04,-2.566049999999999733e-04
1.838479999999999921e-04,-4.056330000000000244e-04
1.310290000000000087e-04,-2.249689999999999936e-04
1.378290000000000114e-04,8.418869999999999576e-06
2.269709999999999924e-04,-1.664850000000000162e-05
3.136120000000000053e-04,-4.260059999999999867e-04
1.571230000000000066e-04,-2.470810000000000150e-04
2.261560000000000078e-04,-2.701399999999999852e-04
6.135910000000000008e-05,-3.199659999999999787e-04
1.942849999999999872e-04,-3.294629999999999998e-04
5.246659999999999670e-05,-3.185160000000000248e-04
5.051719999999999805e-05,-5.577790000000000005e-05
1.292979999999999943e-04,-2.951660000000000264e-04
-4.567889999999999798e-04,-3.627169999999999765e-04
3.021899999999999782e-04,-4.040949999999999859e-04
1.640040000000000107e-04,-2.532880000000000049e-04
1.672319999999999872e-04,-1.511220000000000076e-04
4.998529999999999727e-05,-3.369630000000000195e-04
3.714039999999999833e-04,-4.434980000000000015e-05
8.327190000000000481e-05,-4.478619999999999888e-04
-6.223630000000000178e-04,2.536889999999999978e-03
2.016049999999999917e-04,1.822629999999999997e-04
3.474059999999999735e-05,-2.877250000000000142e-04
1.948970000000000010e-04,2.249619999999999918e-04
1.566779999999999931e-04,-2.532939999999999909e-04
2.437390000000000053e-04,-3.113950000000000095e-04
2.411629999999999948e-04,-6.582700000000000519e-05
3.519109999999999990e-04,6.001310000000000314e-06
5.928739999999999753e-05,-3.707510000000000016e-04
3.085919999999999755e-05,4.282329999999999774e-04
3.390399999999999930e-05,-3.348709999999999859e-04
4.200639999999999816e-05,-3.355599999999999924e-04
1.779499999999999886e-04,-8.962920000000000576e-05
1.669220000000000122e-04,3.442340000000000113e-04
1.789190000000000127e-04,-2.338680000000000045e-04
6.204170000000000604e-05,-1.802259999999999919e-04
4.202480000000000191e-04,5.023130000000000135e-05
1.868499999999999881e-04,2.828600000000000125e-04
2.064479999999999993e-04,-2.124139999999999893e-04
2.095180000000000089e-04,-2.048700000000000087e-04
1.521159999999999917e-04,-3.085569999999999936e-04
1.907850000000000106e-04,-2.874549999999999913e-04
1.650939999999999884e-04,-2.588290000000000252e-04
1.810849999999999916e-04,-2.530499999999999980e-04
8.071580000000000399e-05,-3.836180000000000124e-04
2.752480000000000183e-04,2.919670000000000118e-05
7.637990000000000371e-05,-4.142300000000000235e-04
1.289309999999999892e-04,5.116959999999999608e-04
1.312010000000000064e-04,-1.268549999999999908e-04
1.854570000000000101e-04,-2.343640000000000079e-04
2.768429999999999784e-04,-3.726399999999999830e-04
1.678709999999999924e-04,-1.078240000000000031e-04
1.803460000000000111e-04,-2.688820000000000186e-04
2.761479999999999859e-04,4.741920000000000163e-04
3.639960000000000027e-04,4.897399999999999901e-06
8.169740000000000151e-05,-4.199210000000000204e-04
6.594790000000000602e-05,-3.724269999999999903e-04
1.536949999999999981e-04,-2.655809999999999768e-04
-4.062469999999999883e-04,-3.743849999999999739e-04
2.501189999999999815e-04,-3.614050000000000270e-04
1.650610000000000109e-04,-2.502199999999999997e-04
2.473570000000000239e-04,-2.948490000000000225e-04
1.898849999999999887e-04,-2.467670000000000041e-04
2.884960000000000107e-04,1.041790000000000066e-05
1.333109999999999981e-04,-2.829439999999999798e-04
3.370949999999999972e-05,1.096640000000000071e-03
9.598820000000000366e-05,-2.508070000000000264e-04
1.389759999999999921e-04,-2.299649999999999980e-04
2.262560000000000103e-04,-3.468449999999999767e-04
1.637130000000000096e-04,-2.722089999999999818e-04
3.316039999999999916e-04,-3.257789999999999991e-04
2.099299999999999907e-04,-2.394270000000000100e-04
1.971599999999999893e-04,1.651800000000000008e-05
1.483629999999999888e-04,-2.192419999999999992e-04
-2.802559999999999947e-04,4.533310000000000139e-04
1.334239999999999951e-05,-3.631899999999999972e-04
-1.594459999999999909e-04,-3.257360000000000268e-04
1.467019999999999923e-04,2.226940000000000061e-04
1.836949999999999954e-04,-2.955629999999999889e-04
1.694450000000000014e-04,-2.325270000000000050e-04
1.629749999999999905e-04,-2.768770000000000259e-04
1.446250000000000053e-04,-2.291089999999999913e-04
1.961010000000000118e-04,-8.689890000000000244e-05
4.940940000000000165e-05,-3.166379999999999998e-04
1.536359999999999907e-04,-2.153079999999999924e-04
6.357789999999999991e-05,-3.758170000000000239e-04
2.404580000000000075e-04,-3.468400000000000064e-04
1.726189999999999951e-04,1.612639999999999861e-05
3.054949999999999745e-04,-2.898260000000000267e-04
9.817810000000000111e-05,-3.160700000000000011e-04
3.862210000000000144e-04,8.011140000000000145e-04
-6.475310000000000180e-04,-3.630010000000000029e-04
-4.150949999999999822e-04,-1.299130000000000045e-05
5.843839999999999940e-05,-2.874570000000000228e-04
2.962339999999999830e-04,-2.589739999999999772e-04
1.283330000000000061e-04,2.429239999999999937e-04
1.530810000000000070e-04,-2.459310000000000142e-04
2.191399999999999923e-04,-2.617620000000000190e-04
5.027770000000000145e-05,-3.373709999999999925e-04
2.981220000000000029e-04,-5.858030000000000053e-06
8.038680000000000088e-05,-4.399219999999999802e-04
1.581029999999999870e-04,2.866139999999999769e-04
1.230670000000000060e-04,3.173280000000000219e-05
-2.348689999999999903e-04,-3.457959999999999940e-04
3.671740000000000051e-04,-4.680929999999999922e-04
1.534510000000000051e-04,-2.401840000000000030e-04
3.092169999999999771e-04,-2.115060000000000041e-04
3.089669999999999981e-04,2.747620000000000097e-04
7.919710000000000107e-05,-3.251649999999999810e-04
5.568360000000000334e-05,-3.386659999999999996e-04
1.342550000000000080e-04,-2.852709999999999729e-04
8.895300000000000028e-05,-2.305630000000000082e-04
4.026230000000000244e-05,-3.352699999999999799e-04
1.629889999999999941e-04,-2.344009999999999941e-04
1.881220000000000125e-04,2.023900000000000053e-05
3.164360000000000176e-04,-3.429260000000000164e-04
2.166509999999999964e-04,-1.126119999999999986e-05
1.812820000000000035e-04,-2.279039999999999918e-04
5.129369999999999985e-05,-3.731699999999999796e-04
3.043069999999999987e-05,4.224019999999999988e-04
-3.404540000000000170e-04,-2.473069999999999956e-04
-1.671750000000000113e-04,-3.640340000000000047e-04
2.611480000000000008e-04,-3.321849999999999781e-04
1.570839999999999888e-04,-2.598160000000000074e-04
1.907300000000000119e-04,-2.762679999999999780e-04
5.086560000000000305e-05,-3.385619999999999884e-04
1.995309999999999976e-04,1.482300000000000021e-05
9.717600000000000608e-05,1.034389999999999968e-04
3.639650000000000296e-05,-8.108899999999999561e-05
1.429660000000000132e-04,4.182349999999999691e-05
-6.370629999999999685e-05,-2.930349999999999752e-04
2.317859999999999929e-04,-2.988959999999999924e-04
1.760640000000000002e-04,-2.829700000000000097e-04
1.589999999999999888e-04,-2.529329999999999990e-04
6.690700000000000163e-05,-3.161899999999999932e-04
3.372079999999999739e-04,3.148500000000000094e-05
1.552319999999999937e-04,-2.877690000000000022e-04
1.329910000000000011e-04,4.954819999999999971e-04
1.483389999999999904e-04,-7.030520000000000409e-06
6.232760000000000275e-05,-3.715820000000000212e-04
2.843720000000000210e-04,-3.788560000000000061e-04
1.380669999999999912e-04,-2.395250000000000081e-04
2.051830000000000038e-04,-3.130559999999999788e-04
3.083960000000000065e-04,8.638579999999999545e-05
1.625510000000000095e-04,-3.475320000000000058e-04
-3.950889999999999979e-04,-3.657940000000000150e-04
1.293859999999999975e-04,-2.270189999999999892e-04
2.878330000000000019e-06,-3.100110000000000105e-04
5.184720000000000057e-05,-3.521320000000000092e-04
2.385789999999999938e-04,-3.364870000000000057e-04
1.655279999999999913e-04,-2.666160000000000101e-04
1.544390000000000031e-04,-2.475329999999999761e-04
1.486140000000000106e-04,3.526860000000000043e-04
2.647959999999999767e-04,-2.407999999999999984e-04
1.378809999999999899e-04,-2.281469999999999961e-04
1.560069999999999990e-04,8.589640000000000383e-04
1.385469999999999866e-04,-2.310430000000000036e-04
-1.656460000000000061e-04,-1.184589999999999987e-04
2.157919999999999966e-04,-3.125870000000000211e-04
1.943410000000000016e-04,-1.815660000000000028e-04
1.865229999999999894e-04,-2.802139999999999839e-04
1.761809999999999993e-04,-3.385659999999999972e-04
4.205710000000000091e-04,1.262319999999999969e-05
1.579329999999999937e-04,-3.400030000000000175e-04
2.158469999999999952e-04,1.358100000000000106e-03
4.184499999999999916e-07,-3.473740000000000118e-04
5.116599999999999767e-05,-3.207330000000000207e-04
2.536579999999999759e-04,-3.556909999999999933e-04
1.914189999999999913e-04,-2.996289999999999869e-04
1.636530000000000135e-04,-2.415619999999999888e-04
-2.565819999999999906e-04,-3.062820000000000061e-04
7.137109999999999841e-05,-3.051369999999999755e-04
1.504739999999999962e-04,-2.120120000000000023e-04
-7.336660000000000158e-06,4.173900000000000136e-05
1.582090000000000026e-04,-2.321570000000000068e-04
-1.743969999999999906e-04,-3.313589999999999830e-04
2.874469999999999738e-04,-3.832120000000000166e-04
1.423820000000000066e-04,-2.430920000000000097e-04
1.762239999999999987e-04,-2.393890000000000080e-04
2.455949999999999822e-04,-3.732280000000000254e-04
3.924290000000000200e-04,-2.501129999999999887e-05
1.921079999999999977e-04,-2.248800000000000018e-04
5.155249999999999812e-05,-9.460739999999999818e-05
-1.278059999999999923e-05,-3.250419999999999959e-04
1.674380000000000052e-04,9.192389999999999719e-04
1.757150000000000075e-04,-2.797009999999999839e-04
1.359160000000000045e-04,-2.329789999999999932e-04
1.694450000000000014e-04,-2.325270000000000050e-04
1.425599999999999903e-04,-2.891200000000000237e-04
3.265429999999999939e-04,-4.380799999999999798e-05
5.649109999999999857e-05,-3.852600000000000078e-04
1.736669999999999891e-04,1.463270000000000022e-03
1.512209999999999943e-04,-2.628770000000000108e-04
3.664380000000000312e-05,-3.324499999999999764e-04
1.472570000000000031e-04,-2.443610000000000140e-04
1.611249999999999998e-04,-3.276400000000000005e-05
1.798659999999999886e-04,-2.636609999999999952e-04
1.352360000000000042e-04,-2.885569999999999954e-04
3.418639999999999917e-04,2.346260000000000131e-05
3.433770000000000160e-05,-3.388260000000000252e-04
1.320670000000000012e-05,-3.708989999999999873e-05
2.973209999999999948e-05,-3.495099999999999791e-04
4.993379999999999954e-05,-2.755489999999999871e-04
3.346390000000000193e-04,-4.254729999999999970e-04
1.849379999999999969e-04,-2.710139999999999771e-04
3.001580000000000220e-04,-3.003330000000000127e-04
2.445570000000000101e-04,-2.366149999999999970e-04
3.261949999999999897e-04,-1.533460000000000053e-05
1.774909999999999986e-04,-3.824829999999999766e-04
3.859799999999999874e-05,-6.797229999999999971e-05
1.170919999999999963e-05,-3.598350000000000268e-04
6.229080000000000337e-05,-3.713710000000000058e-04
2.131880000000000060e-04,-3.142870000000000082e-04
1.603549999999999919e-04,-2.595590000000000267e-04
2.299269999999999960e-04,-2.927590000000000205e-04
1.576140000000000126e-04,-2.645910000000000015e-04
3.688119999999999918e-04,5.439070000000000493e-04
4.843340000000000286e-05,-3.107569999999999929e-04
2.539649999999999850e-04,9.574349999999999701e-04
1.346030000000000121e-04,-2.325589999999999938e-04
1.225269999999999875e-04,-2.991739999999999786e-04
3.318859999999999866e-04,-3.943349999999999980e-04
1.547130000000000076e-04,-2.552650000000000166e-04
2.194820000000000104e-04,-3.019060000000000060e-04
3.899520000000000232e-05,-3.259399999999999862e-04
5.576339999999999943e-04,-7.450460000000000492e-05
1.463690000000000076e-04,3.237639999999999854e-04
3.668789999999999817e-05,-3.296540000000000256e-04
5.375829999999999824e-06,-3.186020000000000236e-04
1.903230000000000004e-04,-2.370139999999999910e-04
4.001149999999999867e-04,-4.685669999999999744e-04
2.124130000000000007e-04,-3.022240000000000256e-04
2.279849999999999932e-04,-2.965779999999999784e-04
1.925420000000000007e-04,-3.240650000000000084e-04
1.674369999999999895e-04,-2.105280000000000009e-04
1.653090000000000126e-04,-3.388929999999999959e-04
7.100420000000000028e-05,-7.237479999999999695e-05
5.706199999999999678e-05,-3.540080000000000028e-04
5.711100000000000258e-05,-3.577359999999999915e-04
3.406190000000000129e-04,-1.690510000000000049e-04
1.342600000000000054e-04,-8.451390000000000410e-05
1.983010000000000111e-04,-1.279589999999999992e-04
6.187310000000000227e-05,-3.491249999999999887e-04
2.583579999999999818e-04,-2.224840000000000064e-04
6.952700000000000026e-05,-4.085539999999999918e-04
1.427210000000000045e-04,4.086890000000000142e-07
1.572500000000000005e-04,-2.888359999999999973e-04
-2.764889999999999882e-04,-2.877709999999999795e-04
3.050859999999999857e-04,-2.955750000000000152e-04
1.328799999999999881e-04,-2.354129999999999905e-04
2.022159999999999897e-04,-2.817879999999999929e-04
2.433450000000000088e-04,-1.078999999999999935e-04
2.723620000000000056e-04,-2.420509999999999903e-04
7.900039999999999667e-05,-4.706670000000000255e-04
3.117040000000000229e-05,4.238119999999999735e-04
-1.246210000000000050e-05,-3.266400000000000033e-04
1.553279999999999873e-04,1.492570000000000009e-05
