1.909085165745177948e-01,-2.162751116524417228e+01
1.173853830391231173e-02,-2.178960835571505683e+01
-3.863893257207486442e+00,-2.099360995409560005e+01
-4.750805707412868450e+00,-2.035416541175305127e+01
-4.958150804627409869e+00,-2.017135590090992991e+01
-5.413239577540612579e+00,-1.965804799196460095e+01
-5.866356590426729412e+00,-1.912714281903324576e+01
-6.002830898774310420e+00,-1.870148000225336204e+01
-6.010773229828804354e+00,-1.828028866081289650e+01
-5.855542510161901859e+00,-1.761903998502171831e+01
-5.524069063801614554e+00,-1.723837418141719624e+01
-5.336730749845869148e+00,-1.701008458225285835e+01
-2.863492499372753963e-01,-2.188111206622467719e+01
-5.013061488924825504e+00,-1.686753442102419953e+01
-4.730227086233142586e+00,-1.672145448030027026e+01
-4.024772421870025596e+00,-1.648168544716973116e+01
-3.457360037205766901e+00,-1.641592659437836232e+01
-3.133378142836736657e+00,-1.636594681202316792e+01
-2.339449427241336199e+00,-1.633412663396049425e+01
-1.750067033439855146e+00,-1.636454592369965511e+01
-1.543618741360272661e+00,-1.636135471576499967e+01
-1.085096659049556989e+00,-1.632878041156737581e+01
2.044169754419323248e-01,-1.622437289609386823e+01
-7.034900253072174925e-01,-2.198323586716070821e+01
5.934790107409313453e-01,-1.616038727606041903e+01
1.269060393279831445e+00,-1.598728517708986985e+01
1.562871198311627907e+00,-1.594563287434271892e+01
1.861631437982825599e+00,-1.587017408574785726e+01
2.059928163885188290e+00,-1.585725101638943002e+01
2.616321836104959608e+00,-1.598952352530832144e+01
2.786723231609615326e+00,-1.607950263300400806e+01
3.023872122382858407e+00,-1.630822525784291699e+01
3.117096720178028413e+00,-1.651086345420521795e+01
3.109710166981898727e+00,-1.691659973018861862e+01
-1.224942008837648588e+00,-2.199810879892418214e+01
3.007698261870319190e+00,-1.716674889169393481e+01
2.820513196451974736e+00,-1.750330793035537269e+01
2.632470959524414233e+00,-1.780129010463143047e+01
2.295487862738012197e+00,-1.809506182600377144e+01
-2.905053358305050626e+00,-1.983820297970759228e+01
-3.361692687579582284e+00,-1.982132890782313694e+01
-3.706815602819173439e+00,-1.972826631107025008e+01
-4.125022059417966958e+00,-1.963554288388691305e+01
-4.610811552863920859e+00,-1.934908651327728890e+01
-4.943872223718949854e+00,-1.910599206034369146e+01
-1.541624203826989392e+00,-2.196339724517745040e+01
-5.180283818837637000e+00,-1.884168653258167936e+01
-5.437499000239998104e+00,-1.855959268495058012e+01
-5.542039776887195401e+00,-1.827549449888589450e+01
-5.567213663227740916e+00,-1.811113835411978457e+01
-5.395242189432647884e+00,-1.778874039812299301e+01
-5.205468672020684195e+00,-1.758245075944424940e+01
-4.733379169556225285e+00,-1.744627905598983375e+01
-4.295341022092637573e+00,-1.738144314037229066e+01
-3.473215552273342777e+00,-1.740786961517268594e+01
-3.164840370918074797e+00,-1.739845615281565472e+01
-2.152917029268726523e+00,-2.182088577049761469e+01
-2.596252085070618776e+00,-1.756795482950082743e+01
-1.919702995486722630e+00,-1.778259201919648191e+01
-1.632674422309459805e+00,-1.794542687113505153e+01
-1.350481745064742389e+00,-1.817428876764643064e+01
-7.434233917859126572e-01,-1.867201945431158805e+01
-1.327152257442761052e-01,-1.941471458417608176e+01
8.399929956107268780e-02,-1.972172167452653468e+01
3.291277456205440877e-01,-2.021430313181555860e+01
4.419892324464255173e-01,-2.065702536418171675e+01
4.637633378668183370e-01,-2.080062162612527032e+01
-2.614930783503754963e+00,-2.165547353761813199e+01
4.572957966790313633e-01,-2.116815525560863520e+01
3.546903478653590236e-01,-2.138648756363560111e+01
-3.309692752318094122e+00,-2.135961417624806202e+01
-3.404461062537039950e+00,-2.130273540705498903e+01
1.374659445870972796e+01,-2.693857533541554261e+01
1.380781587520297116e+01,-2.660373613630121525e+01
1.116681914112712448e+01,-2.523095101236241433e+01
1.060689798093102887e+01,-2.517873866626765178e+01
1.010419976668115893e+01,-2.515808493799469403e+01
9.540958631782734400e+00,-2.505063481945801129e+01
-1.169956141036237263e+01,-2.279715804449428873e+01
-1.192842387749163535e+01,-2.233579021711680568e+01
-1.207937216013481674e+01,-2.184680473102343257e+01
-1.192066521510331256e+01,-2.040268884021359597e+01
-1.186423767892018866e+01,-2.036305988616590312e+01
-1.079810638879252949e+01,-2.006955477633085394e+01
1.376768982955546683e+01,-2.641875387987060009e+01
-9.960556610658452215e+00,-2.022622815918007788e+01
-9.232377066954489564e+00,-2.061668417250431773e+01
-8.797926740233625864e+00,-2.097507277171144224e+01
-8.296688663849296930e+00,-2.140078724553940148e+01
9.848246577768039245e+00,-3.068315238447457816e+01
1.021727053448175582e+01,-3.061740582745779449e+01
1.076876139408344457e+01,-3.041989634835064393e+01
1.119855742942344534e+01,-3.023940511400626363e+01
1.181988844751368539e+01,-2.997736038858291252e+01
1.217439848654321288e+01,-2.976063168223557653e+01
1.359026993672350336e+01,-2.612793271891671054e+01
1.267406833713047831e+01,-2.941052006630662063e+01
1.309261665685025733e+01,-2.908154327753042523e+01
1.334499615300504161e+01,-2.880679804014471657e+01
1.356239890840371309e+01,-2.839072655708590176e+01
1.373180165158340493e+01,-2.795099623945247913e+01
1.383367346986149826e+01,-2.755642606257374538e+01
1.401726761465255677e+01,-2.737216869699499355e+01
1.405976098679306219e+01,-2.726107361776309901e+01
1.378242765707396877e+01,-2.698455798654333648e+01
1.322227216499474878e+01,-2.662123152280800653e+01
1.333744078596278548e+01,-2.585085982207451849e+01
1.293310534382841936e+01,-2.642903204772165537e+01
1.275975877407065440e+01,-2.638333783434293522e+01
1.249179260633820299e+01,-2.632440789959312255e+01
1.220085904939489829e+01,-2.617523649585845646e+01
1.181984013980118497e+01,-2.602225499298767630e+01
1.134900024637731519e+01,-2.587830772253774114e+01
1.072101172601494845e+01,-2.572482779085523674e+01
1.037147542864113881e+01,-2.562458286255538198e+01
-1.098349405927802458e+01,-2.326650755134090431e+01
-1.120032071358143533e+01,-2.300028172213539079e+01
1.304806272659703303e+01,-2.572478640615623746e+01
-1.151230894977405228e+01,-2.249205597358525566e+01
-1.185144807745154161e+01,-2.155250011374700847e+01
-1.186192729720452732e+01,-2.098950470640729904e+01
-1.176117606617315303e+01,-2.048549472738055854e+01
-1.083261108613512569e+01,-2.022258675720924614e+01
-1.046035855569301098e+01,-2.016285333843953609e+01
-9.272190183410883080e+00,-2.067875719189211026e+01
-8.929754551861703860e+00,-2.090346412724398562e+01
-8.488450299004826505e+00,-2.123224576967113109e+01
9.641788479424826974e+00,-3.057350840120294322e+01
1.277205194323398452e+01,-2.558369908665981640e+01
1.018132449003897655e+01,-3.048991711769604862e+01
1.052426001909923059e+01,-3.039509114986845617e+01
1.119555363167403428e+01,-3.010522883055687871e+01
1.153470127031978087e+01,-2.993357705284162762e+01
1.195227890135232940e+01,-2.962820559201055914e+01
1.234321756638889589e+01,-2.930427231169496594e+01
1.254384261267695599e+01,-2.907262264810340113e+01
1.270800748396204405e+01,-2.879377308193698681e+01
1.285038928426713767e+01,-2.843133134522868843e+01
1.295277784207952010e+01,-2.819787878063457853e+01
1.242756329782839586e+01,-2.548625238577082541e+01
1.316554751796239842e+01,-2.798575230394210678e+01
1.353564992708499304e+01,-2.759634198116518888e+01
1.202805224305726028e+01,-2.539040172879916213e+01
1.177560197845726542e+01,-2.528394219010745658e+01
-1.448675040134471237e+00,-3.126935931003730573e+01
-1.645447205710170113e+00,-3.121186055606750998e+01
-2.096934745800496991e+00,-2.964711063275737857e+01
-1.467537626536243422e+00,-2.987187118497023164e+01
-1.580384568987915461e+00,-2.929011779675953875e+01
-1.612371455061015313e+00,-2.905654452266885457e+01
-1.217885840893869975e+00,-2.920686826570879902e+01
-8.593884678377452513e-01,-2.917091141427948031e+01
-7.093028375293982668e-01,-2.941381622489557657e+01
-5.437200145822174147e-01,-2.942672887665906956e+01
-1.662709374650613303e-01,-2.910804712261516514e+01
-7.930710517114374358e-01,-2.869819298444548750e+01
-1.171172662617839810e+00,-3.062937142568373972e+01
-4.104289242368073798e-01,-2.901539464543309776e+01
-1.136183622646206759e+00,-2.817457265233024799e+01
-5.302913854232795821e-01,-2.869236902444487924e+01
-1.191771236570835057e+00,-2.823543257185302480e+01
-5.384059792503378405e-01,-2.837128435719530728e+01
-1.281062869437492369e+00,-2.806652184926574733e+01
-4.432559492255703226e-01,-2.818705970079705025e+01
-8.718091641199187114e-01,-2.771996503621364738e+01
-1.858136682677969109e-01,-2.794768314610567117e+01
-6.890107419127387001e-01,-2.769379361891871127e+01
-9.018006742169177858e-01,-3.063277574140578352e+01
1.300147886536461850e-01,-2.815871762508369613e+01
-4.395915743768618600e-01,-2.731640445541980711e+01
4.216020726305390598e-01,-2.781725170121506707e+01
-1.380583183544819015e-01,-2.723516224036928079e+01
3.480901607704884326e-01,-2.730112861267853575e+01
1.340286885591404353e-01,-2.735002633743775391e+01
6.608050421574956923e-01,-2.774258613613912416e+01
7.857716175229054190e-02,-2.674395740265931920e+01
5.529568132319642171e-01,-2.701409235473042258e+01
3.143389067956768312e-01,-2.658192432273517269e+01
-7.784408226379968543e-01,-3.051780682462946359e+01
6.593665615991547435e-01,-2.669168550175157506e+01
1.031467266228951463e+00,-2.746331763472472787e+01
8.604348949677931291e-01,-2.629138648729762551e+01
1.142648888021296383e+00,-2.657112442641545158e+01
1.277838551786545596e+00,-2.699425207225944234e+01
1.567128255695064754e+00,-2.674977494109338494e+01
1.503524261656280725e+00,-2.715409641109958017e+01
1.387083940819583416e+00,-2.620918394636629500e+01
1.634850273534306675e+00,-2.640039384973092851e+01
2.071457271591590210e+00,-2.689129124980063423e+01
-3.486174195202967896e-01,-3.080222251673314204e+01
2.099075848705304281e+00,-2.711559437667110473e+01
1.963985398600985199e+00,-2.748289132145257696e+01
1.838140307898175063e+00,-2.773148082059613984e+01
2.367980885222855658e+00,-2.728133045613983043e+01
2.322548046691445212e+00,-2.778236802591164079e+01
2.044216559215791928e+00,-2.809164200590047500e+01
2.526980941026542027e+00,-2.832060997246756529e+01
2.321272856219755099e+00,-2.844480707987113988e+01
2.441840484732401784e+00,-2.885464811738067681e+01
2.131430516832841349e+00,-2.906075018066209026e+01
-4.256142704667639221e-01,-3.066100000634119027e+01
2.206185146236304462e+00,-2.929784462672657241e+01
1.793331226250230115e+00,-2.942050123494010805e+01
1.846149194239439906e+00,-2.985387993398321882e+01
1.414942652911680421e+00,-3.003884533021376058e+01
1.290421976576679342e+00,-3.017063872122398038e+01
6.002372221953047315e-01,-3.085021448732592120e+01
5.449504916681338074e-01,-3.106740722284208545e+01
3.705436438798075383e-01,-3.096379351067777108e+01
-1.468480570230019655e-01,-3.166978476549312305e+01
-4.899136298535796685e-01,-3.170866777102948220e+01
-2.106332888309265350e+00,-3.056419328992603823e+01
-9.493693821350031037e-01,-3.163370458294879839e+01
-1.410593774162422598e+00,-3.169460115509063769e+01
-2.128162002561126087e+00,-3.017249947236006236e+01
-2.374628906275362272e+00,-2.993442288782495098e+01
2.167870280073494627e+01,-1.602280337554108058e+01
2.208436939426058032e+01,-1.631105221252624204e+01
1.691515855495214993e+01,-2.252264006385436446e+01
1.699716764068945452e+01,-2.221690088682974462e+01
1.714562591873679409e+01,-2.182761628103227380e+01
1.733101630291288231e+01,-2.149830155980094659e+01
1.748692599963951722e+01,-2.124569619486851479e+01
1.759557969468599836e+01,-2.089869294446419801e+01
1.770515782201090005e+01,-2.064825080751302266e+01
1.785103208869601232e+01,-2.033506227890298490e+01
1.794529357564010397e+01,-2.004732651636609475e+01
1.801006466768162184e+01,-1.982611588361750066e+01
2.228227732510842074e+01,-1.647653057743197991e+01
1.814555287431671005e+01,-1.962824060383827174e+01
1.823886157318371559e+01,-1.939385634432385785e+01
1.844001260512984786e+01,-1.930053910921397176e+01
1.857970447730546226e+01,-1.924646792314968735e+01
1.881668221411953468e+01,-1.928098749455287120e+01
2.039724759036013779e+01,-2.026505680898136319e+01
2.085684318175963625e+01,-2.033081646058790781e+01
2.125510833142895351e+01,-2.039695287803179014e+01
2.158186659940336583e+01,-2.042737974091898678e+01
2.191870581890298197e+01,-2.051021751861199860e+01
2.252150736557919686e+01,-1.675487549231173290e+01
2.231100140681755306e+01,-2.068222866303334939e+01
2.260885588830018733e+01,-2.091470783316584559e+01
2.284023150077573661e+01,-2.119003554405453826e+01
2.293134720061502207e+01,-2.143776887518617613e+01
2.299471945018697028e+01,-2.166277723717707815e+01
2.296114613764184753e+01,-2.197320141574762431e+01
2.291456188799171301e+01,-2.222822294484093675e+01
2.279302318379373915e+01,-2.246371885375869226e+01
2.255500715368807363e+01,-2.275324890586663429e+01
2.232329797255916759e+01,-2.297661255995183183e+01
2.271871028937322023e+01,-1.710482844112160095e+01
2.201020611039253083e+01,-2.316276807482721978e+01
2.160990174536829400e+01,-2.331583909305359370e+01
2.111587585841969172e+01,-2.344378324429008131e+01
2.070304439729500601e+01,-2.345113193024274167e+01
2.025683214387589004e+01,-2.342607668463202231e+01
1.975956229382052953e+01,-2.325309932506247534e+01
1.939045310873569150e+01,-2.294677769921010224e+01
1.914800820538347637e+01,-2.265426902209622284e+01
1.892490811625002678e+01,-2.223481174319414677e+01
1.883128086871686691e+01,-2.184824009141074441e+01
2.277546664177734215e+01,-1.728546829199398971e+01
1.879644134228450625e+01,-2.146270665551643830e+01
1.885475762924356502e+01,-2.117623836847974061e+01
1.892814596231044888e+01,-2.090049290960476114e+01
1.894702249151303519e+01,-2.075848928023015461e+01
1.934741312905982014e+01,-2.051027029486643372e+01
1.931545830715235113e+01,-2.041522840208137168e+01
1.949996001961438807e+01,-2.027113985828183829e+01
1.966911669260275630e+01,-2.009648225708541958e+01
1.990740137691553002e+01,-1.988649782456924342e+01
2.007844009718680311e+01,-1.954488764711415527e+01
1.735852133565726874e+01,-2.407902743118403421e+01
2.003851291838809345e+01,-1.927402822057043608e+01
2.002540247615472069e+01,-1.896617127355648691e+01
1.995198769205638101e+01,-1.852358245485549659e+01
1.988750373934709259e+01,-1.798011763456660717e+01
1.991702444430247354e+01,-1.760577470473098671e+01
2.003785736432653408e+01,-1.721013228054752986e+01
2.020710024160221252e+01,-1.684890400142541367e+01
2.041921107410800573e+01,-1.654921880793172662e+01
2.063952060796253818e+01,-1.634991737711541049e+01
2.090815164889702515e+01,-1.615325272414557034e+01
1.721370596486356064e+01,-2.398844038493192343e+01
2.112944705221583419e+01,-1.601404836925786057e+01
2.143154600912119179e+01,-1.596854859022664819e+01
1.706874417044042147e+01,-2.364219436111718764e+01
1.693161306268998700e+01,-2.306752851332905507e+01
1.632320061725639349e+01,-5.582294563532419929e+00
1.617187364166599650e+01,-4.973130730689627299e+00
2.147868129127936498e+01,-2.608149777741717745e+00
2.147085830680497764e+01,-3.212354667164520006e+00
2.115307913072599177e+01,-3.961399343100316273e+00
2.085201670113844230e+01,-4.549673475554404156e+00
1.977950445579844185e+01,-5.700355551150966704e+00
1.836052094744555774e+01,-6.615738218164246121e+00
1.741642374504731450e+01,-6.629528548786439934e+00
1.679566334786289517e+01,-6.531770494806592886e+00
1.617876514062053062e+01,-5.528227933523418791e+00
1.620588090991823194e+01,-4.611553913303893637e+00
1.640550158210933063e+01,-3.978117396375197679e+00
1.641546143624776377e+01,-3.570510627718576302e+00
1.735947515487091408e+01,-2.398900814623963651e+00
1.822192588498874954e+01,-1.903180310042638990e+00
1.883167631890723115e+01,-1.851071985094324912e+00
1.927300752632361736e+01,-1.879986571823733188e+00
1.955810355566246272e+01,-1.931920840432875597e+00
1.979004423448936834e+01,-1.994222850860940088e+00
1.987028051275071761e+01,-2.374599263507405134e+00
2.008266269760959588e+01,-2.563300280545973031e+00
2.013391300890799585e+01,-3.003420491763823197e+00
1.695640265757928944e+01,-2.812653331631317144e+00
2.025816348033594494e+01,-3.548751478639938561e+00
2.009843759602439306e+01,-4.175325195938185630e+00
1.936801038394049712e+01,-5.202868179119027658e+00
1.860256288990563789e+01,-5.700718930193700906e+00
1.788049413854667335e+01,-5.815423265276348452e+00
1.715390069903851966e+01,-5.753118924354928332e+00
1.676295073498269872e+01,-5.524499881595028583e+00
1.648864271706096574e+01,-4.936782295839348578e+00
1.655902780884029468e+01,-3.892880963460898069e+00
1.682864642750524808e+01,-3.063625483323852539e+00
1.795870687004201827e+01,-1.300080491209784084e+00
1.773878056710167783e+01,-1.421387777948934783e+00
1.854449703516725023e+01,-9.752651359692779964e-01
1.916278762007819481e+01,-8.347464252518290717e-01
1.979258944364487860e+01,-8.353718309089649408e-01
2.038314158945912524e+01,-1.124035868736311894e+00
2.081657978605657888e+01,-1.543737441519590803e+00
2.094411491483977628e+01,-1.968143530613695180e+00
2.115158542921205154e+01,-2.615741325639104886e+00
2.110608147624384401e+01,-3.411428891537215069e+00
2.075537826645232187e+01,-4.281159207219126017e+00
1.876233885322157491e+01,-8.999760538213891214e-01
1.992156560911895724e+01,-5.378437196973390400e+00
1.894931568232843233e+01,-6.061263337126634454e+00
1.809308363609492787e+01,-6.272384552205577890e+00
1.732195121229565160e+01,-6.372332292648558827e+00
1.661161168484215267e+01,-6.195730175354541736e+00
1.594081032842475132e+01,-6.101431763531095065e+00
1.642409760584678935e+01,-3.993488225458452945e+00
1.698770280391136822e+01,-2.874024709497427388e+00
1.783000846195045952e+01,-1.872671699731385919e+00
1.850833181339505273e+01,-1.581399975274064840e+00
1.955080681310443680e+01,-7.676432526741774343e-01
1.901450920203088657e+01,-1.358374216127421930e+00
1.963008337052618657e+01,-1.535040186590099553e+00
2.004796278645901353e+01,-1.716777788182161979e+00
2.029305396252081906e+01,-1.911946064700673631e+00
2.049755418822165964e+01,-2.256095745169663935e+00
2.055142094334976122e+01,-2.811165368313536916e+00
2.054053533747438820e+01,-3.541753950099997716e+00
2.033556944985014425e+01,-4.190614993599437454e+00
1.970529357996028352e+01,-5.010939466158963462e+00
1.868105164276212804e+01,-5.943037125648909402e+00
2.030822347038141729e+01,-9.706961813354890722e-01
1.746859729575214359e+01,-6.277397745520037375e+00
1.676971942564465223e+01,-6.169876772420852973e+00
2.090275998365966714e+01,-1.400691812524515356e+00
2.134241663461820693e+01,-2.027944864368508071e+00
5.074371659318421379e+00,-7.530714167345302634e+00
5.267598799424376033e+00,-7.676398048218267434e+00
5.744964716795986526e+00,-9.138630311927371963e+00
5.769275205723926270e+00,-9.081881272917778247e+00
5.735163764713877121e+00,-9.179040981783165520e+00
5.688743974487385557e+00,-9.324797822607843401e+00
5.078595765056244993e+00,-9.582457579593746999e+00
4.984381022584664755e+00,-9.652800827004286432e+00
4.997293477182839005e+00,-9.637350932827827066e+00
4.922424187736942791e+00,-1.004431573664256661e+01
4.980826986025481240e+00,-1.013564733387974393e+01
4.815378808152862788e+00,-1.026298990091674668e+01
5.405081596391544174e+00,-7.774948555173039288e+00
5.491724115881108759e+00,-1.025858400558632511e+01
5.742590342613609344e+00,-1.022612150262739128e+01
5.316411941146054865e+00,-1.070770512834318922e+01
5.913861265032315906e+00,-1.059739630977196434e+01
5.591637989818281973e+00,-1.095171664886574092e+01
6.037242858977067250e+00,-1.122489676597319352e+01
6.107915519739657739e+00,-1.132183263885807634e+01
6.167596886663183398e+00,-1.143124345088411964e+01
6.541017551163888832e+00,-1.104030987983674983e+01
6.509585935033403103e+00,-1.168023766980284428e+01
5.408028437346253270e+00,-7.969135927106397510e+00
6.651397204288153731e+00,-1.118422859668906177e+01
6.749450659547441944e+00,-1.182879207438381464e+01
7.000219907820214971e+00,-1.163013447687279900e+01
7.312997175650262527e+00,-1.153537224627333302e+01
7.744058137590216440e+00,-1.174054495702744916e+01
7.704861343928544493e+00,-1.130649945259172284e+01
7.743750202325801801e+00,-1.123302540624786872e+01
7.699280226444961350e+00,-1.188834474682249720e+01
7.871411846979969873e+00,-1.173253029414120974e+01
8.266538877599392876e+00,-1.153429414333348824e+01
4.981149666174482071e+00,-8.090740744684723040e+00
8.462755333543565683e+00,-1.131247748724297608e+01
8.710469438919558272e+00,-1.121253420457657768e+01
8.786095262901735481e+00,-1.099967237787194563e+01
8.936874303496029626e+00,-1.083469408694809744e+01
9.233335207374500087e+00,-1.072233008780068708e+01
8.763123801204445229e+00,-1.041925055680229661e+01
8.808449163949727989e+00,-1.026929947834045542e+01
9.202120140298953643e+00,-1.020897643476907568e+01
9.351715337792212424e+00,-1.004040428120916317e+01
8.980618024430221169e+00,-9.880949550233763645e+00
5.053794183374803239e+00,-8.414564901285626064e+00
9.252747601020518076e+00,-9.584070916781229243e+00
8.924267035953455718e+00,-9.393733754365751309e+00
8.916698758896496102e+00,-9.132593533824048038e+00
8.819158430027757234e+00,-8.986366472381396520e+00
9.297294436180777666e+00,-8.811209297157803988e+00
8.955471671945900880e+00,-8.518096596166696344e+00
8.543184713405047148e+00,-8.480777043472546239e+00
7.962264021316582507e+00,-8.376925691114475825e+00
7.973682137356474797e+00,-8.086860761114108342e+00
7.733929795201459179e+00,-8.230620085114241036e+00
5.010370150736235928e+00,-8.555789432626058399e+00
7.293940596581047764e+00,-7.739159215304312944e+00
7.440982430309232676e+00,-8.178417363805625229e+00
7.244032247611783326e+00,-7.440396314177006865e+00
6.868529564162408896e+00,-8.269437757196017813e+00
6.586872927699123359e+00,-7.683599375649391661e+00
6.642079369687136747e+00,-8.190979825894530109e+00
6.393002931760896068e+00,-7.465191200716385644e+00
6.579715046915577403e+00,-8.124123350194066617e+00
6.341885274851340348e+00,-7.298290388847467725e+00
6.227566356952987547e+00,-7.243160263874559135e+00
5.615231565363168365e+00,-8.335901513242411909e+00
6.166911604401779101e+00,-7.227146420219283662e+00
5.408313617756259184e+00,-7.143592219391923237e+00
5.134176046075886291e+00,-8.681578287200022004e+00
5.562583494778039928e+00,-8.749183229563318065e+00
-2.360525601890910252e+01,-3.072776011805581575e+00
-2.384553007963198112e+01,-2.455288667142729864e+00
-2.605333541186839241e+01,-2.914092979596546229e+00
-2.549230668910246678e+01,-3.485052860196341751e+00
-2.578043347055054468e+01,-3.633085469474102602e+00
-2.599074757025785942e+01,-3.908988530278382001e+00
-2.531993756061905998e+01,-4.014850741853172700e+00
-2.483962710383670114e+01,-3.962889332346727134e+00
-2.490717367878571764e+01,-3.680880592370344928e+00
-2.489165930050846498e+01,-3.574441257210871914e+00
-2.446703996532435710e+01,-4.857434254823343345e+00
-2.476455866832425201e+01,-4.421132666691360846e+00
-2.406114784072444124e+01,-2.611271148321067326e+00
-2.459450025612016333e+01,-5.063749745381806555e+00
-2.498666643108197150e+01,-4.375302470880044758e+00
-2.499046831809839375e+01,-4.555359093314720553e+00
-2.487776604657230806e+01,-4.818156747305843091e+00
-2.531203514739743454e+01,-4.722570163592277659e+00
-2.552556952275486424e+01,-4.634719644592054877e+00
-2.498717796144393688e+01,-5.429169459830016642e+00
-2.554957136872315715e+01,-4.957661710291377588e+00
-2.542692721225972363e+01,-5.350221836388521446e+00
-2.576921801174668403e+01,-5.464039239200342735e+00
-2.444597291451310639e+01,-2.182107395940885208e+00
-2.530454081364626973e+01,-5.668368483215857623e+00
-2.585163684540805562e+01,-5.586381632487405824e+00
-2.604283569830126055e+01,-5.275824284108456830e+00
-2.650099073595739796e+01,-6.281236692652576004e+00
-2.561307992640087150e+01,-6.210300202857731655e+00
-2.606315555423797647e+01,-6.260980926266333846e+00
-2.680551909421830814e+01,-6.815847291596879742e+00
-2.577989110276957518e+01,-6.411447946525505870e+00
-2.626359183574993850e+01,-6.792587549893724486e+00
-2.698777684494610796e+01,-7.405431284916935475e+00
-2.473807391295598634e+01,-2.037715053294206768e+00
-2.641960029646212860e+01,-7.166559698799662925e+00
-2.686927474196106402e+01,-7.620301458675031725e+00
-2.631088378991769261e+01,-7.198240527582743908e+00
-2.625515903397896622e+01,-7.837599915357818858e+00
-2.658074534711377979e+01,-7.997039666698049665e+00
-2.593259056981095156e+01,-7.253656617901905967e+00
-2.585206414812237696e+01,-7.297612375207455315e+00
-2.563013718522600115e+01,-7.597189554535701994e+00
-2.571273811768796236e+01,-7.891375653879318719e+00
-2.574544106264900023e+01,-8.044661228440766365e+00
-2.500429716990572615e+01,-2.153164889095263490e+00
-2.570347630640079117e+01,-8.148443827437874987e+00
-2.522747618033809403e+01,-7.540382074687133951e+00
-2.518445894115241046e+01,-7.938670402706183182e+00
-2.512261094407898909e+01,-7.015414239711284417e+00
-2.512651036336957944e+01,-7.093063519710606002e+00
-2.493155241080152251e+01,-6.972909636320868465e+00
-2.468605989106179877e+01,-7.608197958969244112e+00
-2.457495301862601877e+01,-7.183665132891103866e+00
-2.461214378761529531e+01,-6.782596425894364955e+00
-2.426383842002495328e+01,-6.609686245984645048e+00
-2.525633380513533766e+01,-2.216858006218900279e+00
-2.396203712693925070e+01,-6.718495188837671606e+00
-2.392570361700711601e+01,-6.595204566123986645e+00
-2.345527137427842845e+01,-6.111935547106537747e+00
-2.348999874168771385e+01,-6.242849041196259385e+00
-2.317405770415849275e+01,-5.651960236403736459e+00
-2.321094332691707507e+01,-5.463487245958387639e+00
-2.297295698242928452e+01,-5.111333415369306188e+00
-2.317906021667711869e+01,-4.788402366670100108e+00
-2.325982057188925012e+01,-4.235049472576602803e+00
-2.307740634027273074e+01,-4.176835941030389243e+00
-2.569995065952023339e+01,-2.250708333500593294e+00
-2.333540547306452240e+01,-3.645010884784518179e+00
-2.326183395899377260e+01,-3.361400931010333437e+00
-2.568367557954617553e+01,-2.553191778717556648e+00
-2.591301920770090561e+01,-2.994882743173605810e+00
3.069351209968274574e+01,4.043261644655367526e+00
3.068385620150667847e+01,4.512737098679268755e+00
3.212586387283764822e+01,5.287205451947744272e+00
3.233941667152188160e+01,5.558228573882545653e+00
3.247575135790114587e+01,5.812751692420803806e+00
3.268412256145119699e+01,6.117695492977700766e+00
3.215708695704391573e+01,5.847336971653432691e+00
3.247044245503865056e+01,6.150566087008236593e+00
3.194705362222571310e+01,6.011512343740341713e+00
3.295500162485279105e+01,7.151133054951393397e+00
3.184349394389324672e+01,6.546585405899236321e+00
3.205241091513918406e+01,6.888406771962490183e+00
3.055973660490831989e+01,4.488155250380613026e+00
3.176767474165443161e+01,6.777024744738998407e+00
3.183881435585951181e+01,7.358014653670277738e+00
3.220302203219207371e+01,7.976745122370656027e+00
3.232410159875558975e+01,8.190580599746068557e+00
3.186126012647827110e+01,8.141635694803815326e+00
3.222131730891944557e+01,8.444853884015151024e+00
3.220656486351978032e+01,8.632553439296200892e+00
3.196928856739604541e+01,9.130571475519795754e+00
3.163887661765815551e+01,8.983424318049639368e+00
3.056964807756200742e+01,8.744913080901742575e+00
3.080200828357731524e+01,4.547057348264815779e+00
3.130580440586050273e+01,8.919053998335265021e+00
3.031027351954882576e+01,8.986250053418380901e+00
3.028120453987870775e+01,8.866239681667059003e+00
2.973311471976009912e+01,9.212427828569062171e+00
2.944911054035352294e+01,9.473801353903905209e+00
2.927036544169561338e+01,9.772334573392589263e+00
2.906489587047063239e+01,9.549363997540334381e+00
2.940600942136488527e+01,8.544236632137995002e+00
2.897234892836121034e+01,9.080284662997405221e+00
2.899181438674311906e+01,9.126108304747067024e+00
3.123196257891529015e+01,4.788994779956523118e+00
2.860168836998840192e+01,8.223112477404782794e+00
2.856815286625463912e+01,8.946669448034088035e+00
2.863554223905617491e+01,8.698642725654821106e+00
2.827344753169860070e+01,8.529290326248096576e+00
2.827441336859986265e+01,7.976454051181470994e+00
2.991146570169900443e+01,7.983482160858196508e+00
2.889262969217207200e+01,8.292418262533802320e+00
2.970861244590530248e+01,7.938071379117938697e+00
2.945051650235235030e+01,7.853822396552820884e+00
2.904719730726814575e+01,7.749633381093956608e+00
3.146852517641647395e+01,4.591286147848807175e+00
2.978984760293469947e+01,7.678685040697128095e+00
2.883487346947141461e+01,7.418806991050756139e+00
2.836731394510014681e+01,7.317022158210522598e+00
2.882258885383337343e+01,7.156101546382262590e+00
2.867432848682638280e+01,6.778468887109852403e+00
2.836698937890373173e+01,7.016889413974702450e+00
2.942948174375580095e+01,7.156189118493543333e+00
2.861621900553530651e+01,6.642632879143393509e+00
2.921469236495309119e+01,6.931621373850631151e+00
2.901165333179971029e+01,6.215865901696141727e+00
3.131589987629889649e+01,4.855437526734305287e+00
2.931003717329354430e+01,6.313419231202234805e+00
2.993771107106297791e+01,6.511199167560749679e+00
2.974947666191565432e+01,6.092491802906188525e+00
3.011406188473437595e+01,6.312668408331323811e+00
3.019271747225504043e+01,6.159426016868819076e+00
3.049745794341270155e+01,6.382029906466549107e+00
3.062811521931611480e+01,5.641747586708597773e+00
3.074175022895041209e+01,5.455744433889877065e+00
2.992140512865406876e+01,5.362505059919221218e+00
3.014273606832904306e+01,5.134732610243435857e+00
3.152371978225444238e+01,5.150335562704718484e+00
3.053079129224799715e+01,5.103206288062868801e+00
3.038087346077279705e+01,4.214639441687243249e+00
3.205677534056550115e+01,4.889794269626295709e+00
3.208364557918213933e+01,5.036452773146389283e+00
-2.024826748039488145e+00,1.607300381860557081e+01
-1.895669817970719429e+00,1.588709131683348019e+01
-4.047540833744507793e+00,1.263483122127098923e+01
-4.727868950394759295e+00,1.223679396980167589e+01
-5.480383843103282970e+00,1.206470918855258745e+01
-6.464435789086500961e+00,1.242324749586220278e+01
-6.637250363620740501e+00,1.279633365985694837e+01
-6.896684151255175976e+00,1.318685234376937032e+01
-6.980701167029769394e+00,1.354852916751432090e+01
-6.799565183548829772e+00,1.360641782804755096e+01
-6.509880994702524681e+00,1.369996309876850837e+01
-6.624275493893636124e+00,1.373558460847909046e+01
-1.912946779984315171e+00,1.568179050537959718e+01
-6.106999206089141374e+00,1.347071544883107386e+01
-6.221964726380736721e+00,1.334306966688025398e+01
-6.027463248114254490e+00,1.304328682624941216e+01
-5.819631974569592359e+00,1.264802336643447944e+01
-5.585996342623201549e+00,1.276518733252435034e+01
-5.330759865576514933e+00,1.558974012300841494e+01
-5.150512810048584633e+00,1.627909811397740469e+01
-5.117589465846942964e+00,1.664787978397315271e+01
-5.070140144523334946e+00,1.696726973538695660e+01
-4.947107809395668632e+00,1.727118113918170650e+01
-1.989687766265245239e+00,1.535608696663693173e+01
-4.821978061825915596e+00,1.769866135217991499e+01
-4.673350946647683912e+00,1.815670797597951136e+01
-4.666725943022004941e+00,1.845510963008260319e+01
-4.797892317787002980e+00,1.871270346645258087e+01
-4.961499032596352166e+00,1.891832411154376814e+01
-5.231671356225851000e+00,1.899713449352342920e+01
-5.520692192111446239e+00,1.895668531053429717e+01
-5.622058167889122160e+00,1.891492654757697522e+01
-5.960882786292735602e+00,1.829977660621629809e+01
-5.988682990133985307e+00,1.820084814703205822e+01
-2.051895171130140305e+00,1.517626965714795695e+01
-6.076716205254262704e+00,1.776755478258521848e+01
-6.109311141993402750e+00,1.687475649768611774e+01
-6.136930641000384767e+00,1.664872502015260380e+01
-6.216698529387367778e+00,1.624619940462994450e+01
-6.306557062160385030e+00,1.558967793702762705e+01
-6.692216618559166719e+00,1.465219898277675803e+01
-6.219013190677704195e+00,1.445971355268430436e+01
-6.050394880196980907e+00,1.443923166614647080e+01
-6.049828324461931750e+00,1.441203749887989538e+01
-5.815237478910083802e+00,1.434378503566185437e+01
-2.219342255047447310e+00,1.491440963203834436e+01
-5.790177439411368532e+00,1.445986112816110136e+01
-5.224646817309451130e+00,1.418334797321680618e+01
-5.168805197800135254e+00,1.419157466794718836e+01
-5.178211720294495279e+00,1.390196260702214737e+01
-5.338606083329465513e+00,1.404894329964790600e+01
-5.330127946658954841e+00,1.387997539882841203e+01
-4.817626729563972532e+00,1.361854253761025468e+01
-4.783200147405715974e+00,1.363056498853292453e+01
-4.931021668026742688e+00,1.353132731608178396e+01
-4.863342522829675829e+00,1.382761121459125775e+01
-2.667381092854061997e+00,1.429306304763551694e+01
-4.975997594509398603e+00,1.352051666987495082e+01
-4.838635784531328810e+00,1.417790847778965535e+01
-4.491997633084007902e+00,1.470424733904402359e+01
-3.992197830984310247e+00,1.513820381724139352e+01
-3.759429389797698473e+00,1.527896738756052919e+01
-3.601013819297878449e+00,1.535592601409465807e+01
-3.321175839788124584e+00,1.550647401155430138e+01
-3.016401602358379730e+00,1.581757438878944200e+01
-2.742904534876142275e+00,1.604867816139897130e+01
-2.532876817503774358e+00,1.617819959577358446e+01
-2.830161609211349738e+00,1.400700135075063812e+01
-2.429220087507256931e+00,1.620035360850615902e+01
-2.202181698582648117e+00,1.616866976660130462e+01
-2.971513094981931502e+00,1.375740997087515716e+01
-3.336143834015398824e+00,1.331452692597466658e+01
-2.275457337070466934e+00,2.584945833234125345e+01
-3.280325271459819003e+00,2.603689200955454908e+01
-9.741493808829435608e+00,2.356903790448021141e+01
-1.047190640358836333e+01,2.259244103722920727e+01
-1.092317034453069624e+01,2.165713699622974531e+01
-1.188926899866913800e+01,2.008998773666281323e+01
-1.255040672552368441e+01,1.866696430212998337e+01
-1.302059321619599785e+01,1.800474350162713222e+01
7.107775627498321036e+00,-4.337640174084536504e+00
7.687169491940163191e+00,-4.722436561554226309e+00
7.907722028198833186e+00,-4.787548126329545184e+00
1.039186712039424343e+01,1.194198430015114809e+01
-3.786836157288074656e+00,2.635661468529552209e+01
9.493100557321477950e+00,1.298165160032734455e+01
8.019405743047089530e+00,1.551111353030052165e+01
7.535032733796748872e+00,1.659743277928756200e+01
6.898799429096557745e+00,1.776345183202978362e+01
6.514314443848889802e+00,1.879603033601683038e+01
5.703802907253790799e+00,2.037471470572705456e+01
5.236438959821066774e+00,2.123213398603643398e+01
4.732453580552848926e+00,2.185708447159878531e+01
3.991253511617101957e+00,2.267136665407050344e+01
3.207459663140904915e+00,2.331513293877618409e+01
-4.565301158081862987e+00,2.635974214090634149e+01
2.815819372622906602e+00,2.362430569168267880e+01
1.872081840541501840e+00,2.408735429409265549e+01
1.051134750278625019e+00,2.453012889119294826e+01
2.640245135508251240e-01,2.484262685918526259e+01
-3.165551300363084741e-01,2.499128140961169464e+01
-1.375120626494090059e+00,2.525851768104268302e+01
-1.845020651254303257e+00,2.541167789383253606e+01
-2.545563721496110876e+00,2.561771190182079749e+01
-2.878985823734278693e+00,2.567185430250133393e+01
-4.364145328404958057e+00,2.648284403503082984e+01
-5.303802877343475330e+00,2.621059051962287967e+01
-4.952028827319838733e+00,2.653975559273968798e+01
-6.008460011747827068e+00,2.625046348882927916e+01
-6.974484657344682148e+00,2.594023274258369582e+01
-7.675985471813586258e+00,2.540867953327010298e+01
-8.438308616343416446e+00,2.470973116206998910e+01
-9.076995613894766279e+00,2.415443190119841432e+01
-1.012174015273694927e+01,2.301369903372129144e+01
-1.061742585673993844e+01,2.230105236356127207e+01
-1.106484020821988778e+01,2.106627398893546399e+01
-1.211689413229303902e+01,1.961762931010955313e+01
-6.093311725618064223e+00,2.617948912914203419e+01
-1.255810888001836290e+01,1.855366020313101316e+01
-1.322954204328387995e+01,1.782819354347668295e+01
7.269738784413105392e+00,-4.361905750460230102e+00
9.401949003325777099e+00,-4.912298349354252913e+00
9.497355529775907357e+00,-4.931394126442135928e+00
1.080783284822925694e+01,1.158120187721827321e+01
1.017155666790363711e+01,1.225649030477563528e+01
8.241373321825616216e+00,1.524987793656661061e+01
7.904354814405134988e+00,1.598771142491056274e+01
6.992490341974002988e+00,1.772020522466681669e+01
-6.707579593250952321e+00,2.602905731673805789e+01
6.689433297790896127e+00,1.832468008791686387e+01
5.744870037244082184e+00,2.034811161519526124e+01
5.292427474426526501e+00,2.118100943923092672e+01
4.634494303265719317e+00,2.187736226036037834e+01
3.975770331368914334e+00,2.252996910656382923e+01
3.112148064294478544e+00,2.351590686273244657e+01
2.589437742096809103e+00,2.391885301264818509e+01
2.062845679020806067e+00,2.419251752190011828e+01
7.102227002702621306e-01,2.476058797290658831e+01
9.776700418067782450e-02,2.507381745605093215e+01
-7.602351662443297187e+00,2.539002213404842934e+01
-6.244098057020900372e-01,2.526807969591463987e+01
-1.460680010264599149e+00,2.564630354210646246e+01
-8.352744406668183075e+00,2.490450085374164146e+01
-8.864193478422340178e+00,2.438098501095784698e+01
6.429833998876591572e+00,2.361125522322569115e-01
6.589609828989265949e+00,7.903047427389681134e-02
9.745864673824469193e+00,-3.588780262170420121e-01
9.976483829633314926e+00,-1.067264286059350503e-01
1.024309729655618106e+01,1.718377025498983857e-01
1.059605525436539608e+01,5.795551073181289814e-01
1.088861069551651539e+01,9.007588014379624974e-01
1.115896757102496473e+01,1.229481858453059129e+00
1.137073334552050596e+01,1.449349238919072969e+00
1.164209175205324343e+01,1.756110544425424580e+00
1.185843820380867975e+01,2.019391085837183297e+00
1.206947848513280697e+01,2.252412690592025868e+00
6.899190778582638295e+00,-1.435911219448648413e-01
1.230050402722625869e+01,2.533926974543054378e+00
1.251635489300947057e+01,2.840136556398620282e+00
1.272029483708381647e+01,3.114170578292744462e+00
1.298184394599202207e+01,3.503166816576472442e+00
1.316818115743418538e+01,3.784940580319213321e+00
1.336057188691199116e+01,4.051145526028868460e+00
1.353333840633206009e+01,4.347514535377883682e+00
1.363600086617147689e+01,4.535865915323354258e+00
1.373940938210004958e+01,4.691865340023164244e+00
1.403462366235300074e+01,5.070702474039395113e+00
7.105464660670931742e+00,-2.140440090396636685e-01
1.421815309383591419e+01,5.322098316652348338e+00
1.446543319726591825e+01,5.645296975096056435e+00
1.473735881082055776e+01,5.912519992011596059e+00
1.489838635913442033e+01,6.052950174745573619e+00
1.511021403565191079e+01,6.158405190922085382e+00
1.530895469365343331e+01,6.224470865925558094e+00
1.545006754382113634e+01,6.260603904464097091e+00
1.554013040746401231e+01,6.271215363312801827e+00
1.568985347512752071e+01,6.089876218480150705e+00
1.584384030630967999e+01,5.920687032995479271e+00
7.337856034990330123e+00,-2.924355291493735409e-01
1.594599330442804686e+01,5.792425049037774443e+00
1.604481163660879517e+01,5.534941454433917940e+00
1.616546904546597574e+01,5.222425301571094636e+00
1.620946807686718927e+01,4.897060298938062495e+00
1.631299943010947828e+01,4.338422020271391233e+00
1.634644097179619138e+01,3.713961658116915032e+00
1.631153982531227342e+01,3.379169125774233340e+00
1.613546963965321268e+01,2.658878701358208918e+00
1.599150491047492828e+01,2.195082354048425000e+00
1.583191970704347717e+01,1.769182438216817088e+00
7.874426464007941107e+00,-4.225663262149529364e-01
1.556851883228251232e+01,1.247267559058732544e+00
1.522105233492672482e+01,7.181603456617219328e-01
1.491143852503328837e+01,3.178282453222563420e-01
1.453109585886176625e+01,-4.889893181104181669e-02
1.420858225201080494e+01,-2.875766715148972419e-01
1.367294663203738381e+01,-6.460691043888123763e-01
1.324998599125372145e+01,-8.899627468852271406e-01
1.291220996396385345e+01,-1.017126750643288613e+00
1.234312050786642700e+01,-1.166864499651889320e+00
1.204263211643862874e+01,-1.212854030512034109e+00
8.404632056173101162e+00,-4.778790898108082330e-01
1.174858199557094274e+01,-1.234072080961130746e+00
1.153033708587906503e+01,-1.198049238624194102e+00
8.641875518242645882e+00,1.001430782443978984e+00
7.990820018643836065e+00,1.188557867019004455e+00
7.512438970169863950e+00,1.195470855482668071e+00
7.097595908211923543e+00,1.164619592655293800e+00
6.827479597884330786e+00,1.127354967312037770e+00
6.589120135023619262e+00,9.684432320249876103e-01
6.360028604607011360e+00,8.834401804822223925e-01
6.300030246774648290e+00,7.695089667148024004e-01
9.000551399059743218e+00,-5.142857320623562822e-01
6.285140390746969175e+00,5.442652735700624911e-01
6.262153558419119470e+00,3.575700421192536393e-01
9.446788277129838818e+00,-5.403850329540216268e-01
9.559133160423247233e+00,-5.242126655896579557e-01
7.340734765803492934e+00,4.127361678180813698e+01
7.152292053791101445e+00,4.144291567503109519e+01
5.286899763854112422e+00,4.210002453386692878e+01
5.420395212007544039e+00,4.259292316841737858e+01
5.410550521068867802e+00,4.273230933425666933e+01
5.112515939235851903e+00,4.277014794261601338e+01
4.669131269061518097e+00,4.272126798858598562e+01
4.434977934477073447e+00,4.261057563776819990e+01
4.376829790303585987e+00,4.244027003121495056e+01
3.884302458174936579e+00,4.271158634886182881e+01
3.794324950512810268e+00,4.285269042152962271e+01
3.792264250731270714e+00,4.316245799865176025e+01
6.992836919652929417e+00,4.151072663263333595e+01
3.622162912056793971e+00,4.328575747486004133e+01
3.507556753787588466e+00,4.344013729865598350e+01
3.186241353336765947e+00,4.349786202717795192e+01
2.845652463000422738e+00,4.361055267224768528e+01
2.735901788115876698e+00,4.382810318859761622e+01
2.955684851047062800e+00,4.413779153887242046e+01
2.981742857886171993e+00,4.424411850220689502e+01
2.929737588739749210e+00,4.461743434510065498e+01
3.258232454398093392e+00,4.474847534299131269e+01
3.378190781064929649e+00,4.493512761701689584e+01
6.797226345946961956e+00,4.174849752631561017e+01
3.591028142400849887e+00,4.505056382625345890e+01
3.621417655033798866e+00,4.509934340505187578e+01
4.016402522335940084e+00,4.514120617788599787e+01
4.076800664633901228e+00,4.547558210363964548e+01
4.120191537061231202e+00,4.574663634431157533e+01
4.104106788732778455e+00,4.605958055916829608e+01
4.735081303815285025e+00,4.588460014323399605e+01
5.029512665754663381e+00,4.598497449441573792e+01
5.241841668265387000e+00,4.599370000848420403e+01
5.004310812072143122e+00,4.534752327041719155e+01
6.710707579002994194e+00,4.191045570408660126e+01
5.347268350928144898e+00,4.580772192644864305e+01
5.254342285434004722e+00,4.527396932352073833e+01
5.170817084848118306e+00,4.503337951324910193e+01
5.254950148105820062e+00,4.485693430070441678e+01
5.482073750241131194e+00,4.477905470499932505e+01
5.670802609294835150e+00,4.476046505849720347e+01
5.723919555466942199e+00,4.480890655256487776e+01
6.257659464551479367e+00,4.523127187484429612e+01
6.391758924768014438e+00,4.505690389398161955e+01
6.338511749366278814e+00,4.503532869989010834e+01
6.562643732909302585e+00,4.201986041423717921e+01
6.584383185280248796e+00,4.467027610263621540e+01
6.966090006913049137e+00,4.443971999051191091e+01
7.011304617727785349e+00,4.436527542073528707e+01
7.085586412599984563e+00,4.422885069762767785e+01
6.818892097405699460e+00,4.392487057092277780e+01
7.099956502150377879e+00,4.368963491256407394e+01
7.603649088741497586e+00,4.379182130988171195e+01
7.395002443764039590e+00,4.344527967465969454e+01
7.646714123117612338e+00,4.327964481299360955e+01
8.007659809471082468e+00,4.324074775314687713e+01
6.008607485076034926e+00,4.205785628872243365e+01
8.134275454444876985e+00,4.323499799433148638e+01
8.299683057981411594e+00,4.318207173048200787e+01
8.569429857702106190e+00,4.288785316567287254e+01
8.657885201340087988e+00,4.270493061603961849e+01
8.809712846230178585e+00,4.242339522575409916e+01
8.657557982193052837e+00,4.214916190009441976e+01
8.464682413969677910e+00,4.197338966020552675e+01
8.223795833345041828e+00,4.182947894936084765e+01
8.102670472619795561e+00,4.143343927290483464e+01
7.885166181672246921e+00,4.152437680068074854e+01
5.784041809003634071e+00,4.195793989351018638e+01
7.725342367847474634e+00,4.188588874577947507e+01
7.581229145258824076e+00,4.128315411974320881e+01
5.541677056651670874e+00,4.191967684351869394e+01
5.354818185156235977e+00,4.198630307409280960e+01
-1.588879126424528287e+01,5.085219283080585129e+00
-1.588616631388277511e+01,4.927160418830374589e+00
-1.647284615791270568e+01,1.216864897931017042e+00
-1.668215955594131117e+01,5.915440448665199025e-01
-1.695566995124848475e+01,-6.864649790930373030e-02
-1.725623828392075154e+01,-6.743782090141781094e-01
-1.755941073393298524e+01,-1.251815429034515148e+00
-1.772066153846460068e+01,-1.615108064421861833e+00
-1.859709409022691773e+01,-8.130788736709268605e+00
-1.884272613236962002e+01,-8.104684916183758858e+00
-1.895273881355557677e+01,-7.365010260172638823e+00
-1.875303674750154670e+01,-6.631914842543419120e+00
-1.588737220532405203e+01,4.825584525491853682e+00
-1.836635717654013078e+01,-5.924759062316926617e+00
-1.798091664984802307e+01,-5.485734880281244230e+00
-1.772601125380085918e+01,-5.263232674754307894e+00
-1.121907079691112585e+01,-2.068537268347228619e-01
-1.089034437157634372e+01,1.173126169730761420e-01
-1.058367169651750928e+01,4.808794855987277295e-01
-1.024926169103990681e+01,8.827639567046842162e-01
-9.971779765064258783e+00,1.193256453724898192e+00
-9.709599780019024351e+00,1.474851980193783829e+00
-9.456324960180598538e+00,1.714847177851243964e+00
-1.595466117726398814e+01,4.479892395769834224e+00
-9.046787563828567968e+00,2.105182224015589743e+00
-8.765963857093625577e+00,2.345919765797619849e+00
-8.524697665466893781e+00,2.558133686985953226e+00
-8.369491099719784444e+00,2.681493194291499904e+00
-8.190622609268224608e+00,2.883091970767168721e+00
-8.102538579357210224e+00,3.021003882339143853e+00
-8.014464416275000502e+00,3.121684575240291970e+00
-7.850025018908789676e+00,3.248635614072926003e+00
-7.787359189782541158e+00,3.176635940720507811e+00
-7.583698876559711977e+00,3.236507066526779219e+00
-1.598056590139576905e+01,4.093954191408117893e+00
-7.344858320332884105e+00,3.083866838102824914e+00
-6.887120330359659981e+00,2.856414922372374043e+00
-6.639763834915077823e+00,2.748286815819701800e+00
-6.461981094793525671e+00,2.638460420535701179e+00
4.230734711114234048e-01,-8.289899423128389344e+00
4.816054097154761071e-01,-8.543142435067407447e+00
5.063055257190545166e-01,-9.010647372102774000e+00
4.073162566102484505e-01,-9.380026395365163694e+00
2.050360242350227624e-01,-9.778926233262984269e+00
-1.584952819154827885e-02,-1.008218458361010406e+01
-1.603636835540032379e+01,3.615720547134828156e+00
-1.379887899892702485e+01,-1.564808437107749839e+01
-1.404595142978637945e+01,-1.560278274702374013e+01
-1.520494668170894137e+01,-1.516566374813488949e+01
-1.549474309992858601e+01,-1.496809170451322757e+01
-1.553325420002968826e+01,-1.493787049417930390e+01
-1.207470537612077699e+01,-1.389006492456521968e+01
-1.153135935569774162e+01,-1.372013016851864720e+01
-1.093002677804489409e+01,-1.348497857069527761e+01
-1.008015684155526337e+01,-1.304968246010663258e+01
-9.793914314442307756e+00,-1.286390256640770602e+01
-1.607721155166875349e+01,3.275288248439928385e+00
-9.623084521575556494e+00,-1.271705849525886478e+01
-1.377961227012069756e+01,6.881808526413790261e+00
-1.401630057765009418e+01,6.855440936836337151e+00
-1.435861993102107981e+01,6.760995392980847285e+00
-1.461975484888404786e+01,6.658012916942894321e+00
-1.488541403667719187e+01,6.508114520909169975e+00
-1.511875345438208917e+01,6.324837691867026379e+00
-1.529630500406614324e+01,6.130694741610544618e+00
-1.552006499022446384e+01,5.778188502511469871e+00
-1.558971759931536027e+01,5.662420924492116647e+00
-1.616687651259614000e+01,2.616528538770957368e+00
-1.579910236027258463e+01,5.281166898369505702e+00
-1.584697535093096299e+01,5.158805869815311418e+00
-1.622805808041258757e+01,2.259073446508119254e+00
-1.630947110994571503e+01,1.867969858906932901e+00
-1.793197091644742391e+00,2.652143244599677629e+01
-2.631731441732409138e+00,2.678814856768402208e+01
-8.119143773192016411e+00,2.335390270424395709e+01
-8.518478143768042798e+00,2.258298208537792817e+01
-8.931151245721602905e+00,2.197611414507309391e+01
-1.008071376221349880e+01,2.079830970790027678e+01
-1.084986471671966335e+01,1.968700821322652672e+01
-1.114869780383667042e+01,1.911340953105300144e+01
3.820338656830700952e+00,4.320207859888584245e+00
4.059506064080820487e+00,4.594150941679265188e+00
4.043473623417195739e+00,4.838558055379219347e+00
4.131181504894579248e+00,5.724826263391636694e+00
-3.063779575526013321e+00,2.674163180077706770e+01
4.302952086731061776e+00,6.234457280055782924e+00
8.283830190282511552e+00,1.991332714198191312e+01
7.932446946851535508e+00,2.030046976375448509e+01
7.570819985303302246e+00,2.102218043064872077e+01
7.363374540653903289e+00,2.141141079764659239e+01
6.912970096799952557e+00,2.212206466175081943e+01
6.680938448100582683e+00,2.238947269143999463e+01
4.350021218949096102e+00,2.562946052896529636e+01
4.127498038838711913e+00,2.574316318033312001e+01
3.623049096254118862e+00,2.592355815499391269e+01
-3.642540400451073079e+00,2.646913674129310579e+01
2.752243852854640682e+00,2.588629189134972464e+01
1.853020844644590381e+00,2.564651236741632800e+01
1.266018415904501371e+00,2.553864642396354157e+01
-1.022461861995263233e+00,2.439030659648758004e+01
-1.691704643176353384e+00,2.440440268294855741e+01
-2.187954072009989037e+00,2.440945742657787676e+01
-2.469364882441136722e+00,2.447909866394388700e+01
-3.130501629271149611e+00,2.460276394374147202e+01
-3.818602423926404033e+00,2.464557387536175881e+01
-4.459466773618264490e+00,2.458586183385328994e+01
-4.534598683484270865e+00,2.579132316039638795e+01
-5.053641383664435160e+00,2.449192268408057771e+01
-5.545067169067799284e+00,2.435454113345771887e+01
-6.097702409603510176e+00,2.415231788985087036e+01
-6.574799858685003606e+00,2.380001886199223904e+01
-7.358223784437218917e+00,2.341590123633966058e+01
-8.809648726187063517e+00,2.317918784311516234e+01
-9.562833357156561576e+00,2.258800535902555850e+01
-1.023998108299956833e+01,2.208004165424928900e+01
-1.124652602090561615e+01,2.147376703426614242e+01
-1.190312925395624966e+01,2.080942856622785797e+01
-5.129560976386595250e+00,2.557071739471306415e+01
-1.333212978638313473e+01,1.913204397121497635e+01
-1.371851239303134484e+01,1.865842526553531400e+01
4.135006195971526743e+00,-4.248715960585829343e+00
4.121771587154872130e+00,-4.136785164560246919e+00
4.058443511981039364e+00,-3.707632626456920821e+00
4.026460529232507746e+00,-3.520815112085616594e+00
9.615370755392248725e+00,1.445706219661894743e+01
8.968368377035289996e+00,1.535471489656602095e+01
8.330099756541834211e+00,1.744686271888198092e+01
7.920837079048657081e+00,1.851845993689354586e+01
-5.541981762898588570e+00,2.539169132453111288e+01
7.048222750083737331e+00,1.967092422095263871e+01
6.510526829375607782e+00,2.050698224414932014e+01
5.992849685321937514e+00,2.108947952607380216e+01
3.343614151954071190e+00,2.182675279346874930e+01
2.835176400110352546e+00,2.216726585618577161e+01
2.485254596904001190e+00,2.251418893012373701e+01
1.867738238581861276e+00,2.310200824540647702e+01
1.402957419944803830e+00,2.343127768910941811e+01
1.042778802299129337e+00,2.378768771557319539e+01
3.926354501906491046e-01,2.422732670259121335e+01
-6.101035059704804198e+00,2.517929918112715626e+01
-6.224270524965679341e-01,2.572871813071592584e+01
-1.167938703021002445e+00,2.611736667980393989e+01
-6.883610260655954605e+00,2.484965058253942871e+01
-7.433205061501279687e+00,2.436249375224602431e+01
-1.790966091517022463e+01,-2.286338582581613821e+01
-1.828272175886343476e+01,-2.276625616989436551e+01
-2.167808832049344758e+01,-1.978427398861415298e+01
-2.200286737217037114e+01,-1.954903223087633179e+01
-2.233791061702330438e+01,-1.936627398621803309e+01
-2.277119416689506082e+01,-1.920337931870657400e+01
-2.307746497864336988e+01,-1.912424295815061015e+01
-2.349009406943521938e+01,-1.905333324435725828e+01
-2.366850998830663499e+01,-1.905758204859092686e+01
-2.391849268295175079e+01,-1.908513239551809804e+01
-2.430199642704274865e+01,-1.915271093517254997e+01
-2.470285882946124900e+01,-1.924181028593982745e+01
-1.892731152781062320e+01,-2.250993462533214995e+01
-2.495499849804970083e+01,-1.930839123594600082e+01
-2.524116503579518422e+01,-1.938770807589294520e+01
-2.567398991821047005e+01,-1.951132140915496294e+01
-2.602393043276918760e+01,-1.960707280392146501e+01
-2.645767661137659488e+01,-1.970682116002160100e+01
-2.673242500315101111e+01,-1.973750121828235038e+01
-2.707079661391887981e+01,-1.970458382705309930e+01
-2.735831347959966209e+01,-1.967712127345047790e+01
-2.767640963261833065e+01,-1.958883932187551835e+01
-2.786797355823272682e+01,-1.949688764348316283e+01
-1.934301755154646685e+01,-2.226284342855246479e+01
-2.810829618102222582e+01,-1.931524392897530262e+01
-2.839736297190113135e+01,-1.908675159037900571e+01
-2.867992252152412291e+01,-1.880005657587428658e+01
-2.875190411820886283e+01,-1.874745236690968397e+01
-2.883453406529206120e+01,-1.861179945001627800e+01
-2.884956807391720091e+01,-1.854203083217447201e+01
-2.878336129719507142e+01,-1.828825250218915244e+01
-2.876762467256128630e+01,-1.809938072466311709e+01
-2.869016932785427088e+01,-1.782782299088473366e+01
-2.867385121339915699e+01,-1.764896511436614546e+01
-1.968580674119652585e+01,-2.200094977512415539e+01
-2.858828240672435328e+01,-1.733247546499261560e+01
-2.846350813130363022e+01,-1.687318673246080536e+01
-2.841842361282479601e+01,-1.657167949957149489e+01
-2.841043905254926827e+01,-1.628576484563482651e+01
-2.846731724185351453e+01,-1.532250172495513141e+01
-2.847761008112948033e+01,-1.511270975181965781e+01
-2.848123825360781325e+01,-1.475740813240422789e+01
-2.848751077154585332e+01,-1.437763100790258974e+01
-2.848062701938811259e+01,-1.405508503790336228e+01
-2.841600825484396609e+01,-1.363356299811882621e+01
-2.011434502933254009e+01,-2.157088463345806062e+01
-2.833960700877045369e+01,-1.331341791596332946e+01
-2.824576202547649473e+01,-1.315370130386563829e+01
-2.811565248864780742e+01,-1.296782190272899626e+01
-2.795348455901306295e+01,-1.290206963310133226e+01
-2.762248735114842546e+01,-1.275483081434270183e+01
-2.728230797032831845e+01,-1.270603285344666311e+01
-2.694918687103361066e+01,-1.264836398109198612e+01
-2.677469822198719740e+01,-1.265061787329125842e+01
-2.657193805213848492e+01,-1.267206430007144746e+01
-2.633430241439789654e+01,-1.275015716131388643e+01
-2.049962836826885137e+01,-2.110419056165797258e+01
-1.703081147385542948e+01,-1.928072022341758895e+01
-1.688396607479375433e+01,-1.957006626213248879e+01
-1.681695028546269199e+01,-1.973623224514863495e+01
-1.666771699449802213e+01,-2.021441786510030170e+01
-1.651248731529940983e+01,-2.090947882827343207e+01
-1.650399459986063633e+01,-2.119882058909887945e+01
-1.653246298423025351e+01,-2.144265474381673897e+01
-1.660490609546823748e+01,-2.184481542430998857e+01
-1.674480854145370756e+01,-2.227312907225918437e+01
-1.691761227036943538e+01,-2.252046570488361965e+01
-2.069883782747760037e+01,-2.084018483774933728e+01
-1.718146336222763892e+01,-2.268641919326599066e+01
-1.758769317884387817e+01,-2.284681618669819159e+01
-2.101220501443783562e+01,-2.042010355380704212e+01
-2.124889256886644517e+01,-2.015388383752740609e+01
3.571183361690481450e-01,1.840465623720113442e+01
-2.595315315827862457e-01,1.880238469729410511e+01
-1.000850687660080141e+01,1.778964768512895844e+01
-1.067415439419021439e+01,1.728038296460262657e+01
-1.129828198060363675e+01,1.686697232962503890e+01
-1.197526409396551550e+01,1.644414139388785756e+01
-1.259885235176515117e+01,1.578916085217031906e+01
-3.129435477086980999e+00,-2.860991588418580811e+00
-3.181849454163129032e+00,-3.103482624305608173e+00
-4.347229753482216630e+00,-5.197720527978095362e+00
-4.157107397825194006e+00,-5.276700204200211353e+00
-3.654200633662500142e+00,-5.200063322486501605e+00
-8.434959564891142403e-01,1.912309854515537921e+01
8.740583909272826801e+00,1.207770741721549257e+01
8.327635478572748440e+00,1.242719800906371219e+01
7.143235037985542490e+00,1.389087087176953084e+01
6.440875220705533089e+00,1.466230045091717926e+01
5.899563904335740183e+00,1.501136335190879301e+01
4.817679364787894158e+00,1.537650186383380913e+01
4.315326729954334084e+00,1.551152804492864767e+01
3.631124582306661797e+00,1.564641919777753287e+01
3.137090705442964200e+00,1.566250605854806821e+01
2.547970090336130866e+00,1.566978212493311062e+01
-1.415933063729266417e+00,1.960096057706467931e+01
2.138317756840270256e+00,1.573605387612185957e+01
1.828108405640197054e+00,1.579323998773861248e+01
1.364460312699939282e+00,1.582484127692797138e+01
1.002151417894735497e+00,1.584570113390647350e+01
8.005101086748729333e-01,1.585896579336439949e+01
3.905349452080886241e-01,1.596310694604868807e+01
1.264414664377609132e-01,1.614768565542834722e+01
-1.290830009516483967e+00,1.815366531011394002e+01
-1.442602481388409075e+00,1.827372741030026404e+01
-1.665912272150743334e+00,1.850067965780878154e+01
-1.715543444746526758e+00,1.976135024293645515e+01
-1.984909552653789433e+00,1.872690117692816258e+01
-2.435450129837051225e+00,1.884287855477522911e+01
-2.644682476338673371e+00,1.887137598048828124e+01
-8.085730919099340497e+00,1.806224251856776419e+01
-8.466089328965969329e+00,1.796826045285847684e+01
-9.049637287514446626e+00,1.772642109187332693e+01
-9.520507761674341651e+00,1.747153157481669439e+01
-1.017400844431332807e+01,1.723791953125579113e+01
-1.109605069787854070e+01,1.686617287243400298e+01
-1.173420407680924704e+01,1.672266721986516558e+01
-2.211384061377983823e+00,1.995691741289274646e+01
-1.295388964901446016e+01,1.659655635128371642e+01
-1.336533632553123851e+01,1.669919904194411941e+01
-5.496173157665943165e+00,-2.862587761709360024e+00
-5.631853708444721995e+00,-3.369978176203031861e+00
-5.388736347791166281e+00,-3.662318631609975839e+00
9.643578510807493842e+00,1.089502627313937211e+01
9.061676636111917205e+00,1.129543746431621720e+01
7.871293011100641834e+00,1.257503228728289280e+01
6.852570218338076558e+00,1.389290162195665523e+01
6.110882631566697754e+00,1.453638438311471681e+01
-2.589854651133412844e+00,2.001160814387841214e+01
5.506412253997300610e+00,1.508133716124079093e+01
5.050070653569935786e+00,1.546479573250642225e+01
4.371776111104132667e+00,1.596719991802975791e+01
3.754821504587058101e+00,1.634721771233982679e+01
3.157891023264703279e+00,1.671784324446258552e+01
2.823159471012620436e+00,1.696206948320120489e+01
2.410328064401964010e+00,1.716140767632485264e+01
1.999056313736208734e+00,1.731143661460311378e+01
1.528067297857349516e+00,1.752663310387201889e+01
1.140134165015840972e+00,1.778206415325334078e+01
-8.330898254199070152e+00,1.880302974473136146e+01
6.962319885932103380e-01,1.815407898576775025e+01
5.352923230173420865e-01,1.829461230088672608e+01
-8.689334089640331271e+00,1.870100917917122985e+01
-9.202120244395924686e+00,1.838852651930212900e+01
-6.434735689323420882e-01,2.686148409388759362e+01
-4.304448274986876655e+00,2.831721668627038113e+01
-1.015684149428469674e+01,2.438367981476596213e+01
-1.118112787471789460e+01,2.348758988629515798e+01
-1.163780990399302340e+01,2.309201792193221436e+01
-1.254748404135931672e+01,2.166563027472581027e+01
-1.314127541692131906e+01,2.073215505324982999e+01
-1.412854622598679022e+01,1.953624367089850722e+01
-1.491389071200365812e+01,1.859021588655674151e+01
2.077177441187725648e+01,3.231106592031859126e+00
2.075986394355960130e+01,3.226792953411997011e+00
1.099138553377649075e+01,1.351296037415922946e+01
-4.696820405420386813e+00,2.819094222741870936e+01
1.001523721390615940e+01,1.541450025137627655e+01
9.441421256315587485e+00,1.639789429338842552e+01
9.179833958559559193e+00,1.679019497410737216e+01
6.069836889984474126e+00,1.883787949855057775e+01
5.868879029196389041e+00,1.915056783819919417e+01
5.627733440392987063e+00,1.953634199491705914e+01
5.377255073286441700e+00,2.248012630176295801e+01
5.174868800404937907e+00,2.288603314764133145e+01
4.904856896983960546e+00,2.349985933778746983e+01
4.379689227681583752e+00,2.410630178287242842e+01
-5.206653540642422584e+00,2.798356334923710520e+01
3.766639523823711144e+00,2.466272488233111204e+01
3.062988900974089823e+00,2.528984887566811324e+01
2.176512572959942382e+00,2.635862115775787728e+01
1.799312407331666197e+00,2.676351212383098854e+01
6.703912535053073718e-01,2.734121935968719086e+01
-3.931043610842808733e-01,2.766317125647996988e+01
-1.271825658236638956e+00,2.775707351122478528e+01
-2.354118435762670991e+00,2.791839841302812530e+01
-3.157135170586909290e+00,2.797418482019819308e+01
-3.607688642412273161e+00,2.781687712655038069e+01
-5.908211874937102870e+00,2.773711502545140206e+01
-4.232179497565947024e+00,2.757501177655302627e+01
-7.047070888063967864e+00,2.714137702411361275e+01
-7.610183855102752304e+00,2.692776424036109617e+01
-8.303195834445604717e+00,2.639903698648540953e+01
-8.707478275794924727e+00,2.602852190866914484e+01
-9.902416871873644055e+00,2.506566316802157957e+01
-1.039213654770879991e+01,2.466414878603924166e+01
-1.142122725328290400e+01,2.286631397488173434e+01
-1.193912765771126416e+01,2.219042925318412429e+01
-1.288107097766335940e+01,2.090799075984062583e+01
-6.234926217538712123e+00,2.756421322606801283e+01
-1.330322201383229341e+01,2.036101121962503768e+01
-1.468497791808724706e+01,1.851181585254883899e+01
-1.500379620680330994e+01,1.817348744966499297e+01
1.172907424433888224e+01,-5.133876601270683793e+00
1.172820706642062838e+01,-5.128135337154480666e+00
1.126985858473272906e+01,1.278238645193495415e+01
1.037558756030127682e+01,1.411812298623846118e+01
9.406674672211178034e+00,1.577906953971792525e+01
8.706520511079903102e+00,1.670903840291860831e+01
7.748028725153052854e+00,1.801745192329246592e+01
-6.552719730564161793e+00,2.735550879859461304e+01
6.900083537886870566e+00,1.880597579031979549e+01
5.045782677905298108e+00,2.013627424174915248e+01
4.702681860339184894e+00,2.081422265902291358e+01
4.444066946150346809e+00,2.172895942208436892e+01
4.142402822996300138e+00,2.295313882338933809e+01
3.779416301060473327e+00,2.354365619890230121e+01
3.037845075117542315e+00,2.432106715297088684e+01
2.392128961029156731e+00,2.482500630341093029e+01
9.748414302573753520e-01,2.618654471096275671e+01
7.471084506384425561e-01,2.636806515681011120e+01
-8.023398632576920875e+00,2.607700052280339875e+01
1.788763713991911586e-01,2.655939894267207535e+01
-2.014254144913296962e-01,2.674618268264991983e+01
-8.933338728164015308e+00,2.552783135473770670e+01
-9.320670307658946996e+00,2.524845327987207710e+01
-6.007180804540887209e+00,-9.638182729352829270e+00
-9.867702440866779057e+00,-9.215512186895933766e+00
-1.127230062636107100e+01,-6.329042261398741154e+00
-1.125720920631884248e+01,-6.002608462408661971e+00
-1.118298174316356430e+01,-5.518143039638598424e+00
-1.109928759157401146e+01,-5.194044727756577551e+00
-1.096937627546324912e+01,-4.885650740622546451e+00
-1.067858986395514442e+01,-4.438196649417309736e+00
-1.032950472789407748e+01,-3.906954414745877902e+00
-1.022472804248506684e+01,-3.783210139243830650e+00
-9.946642653910382492e+00,-3.268538538322026454e+00
-9.716308478391415093e+00,-2.961858995577743681e+00
-1.022774193776275453e+01,-8.967925533940235283e+00
-9.434073036288898706e+00,-2.743307787312355472e+00
-9.142459323765605106e+00,-2.556334933924229169e+00
-8.887149579368610830e+00,-2.380107644737329053e+00
-8.445805353878967026e+00,-2.074956747766676823e+00
-8.273127225761673031e+00,-1.970350406490474215e+00
-8.129949081525802868e+00,-1.978386668848835850e+00
-7.948710650620093077e+00,-2.045484759973296374e+00
-7.840323755193977284e+00,-2.127856662185234171e+00
-7.703046110183970896e+00,-2.254142021020787645e+00
-7.638427777825327780e+00,-2.405243823714197315e+00
-1.042384695919051474e+01,-8.663021660023641601e+00
-7.567040229994685951e+00,-2.662425579323870473e+00
-7.561102043207287515e+00,-2.832072308777867420e+00
-7.629483889807445962e+00,-3.383700549521761136e+00
-7.708683151994000227e+00,-3.703466281668973625e+00
-7.773482786821030111e+00,-3.939184829863367820e+00
-7.973696299395842679e+00,-4.149097971019179099e+00
-8.134408293623026864e+00,-4.572021366416732846e+00
-8.226609275036528501e+00,-4.696367505129141584e+00
-8.400687716783995285e+00,-5.175088396179808647e+00
-8.611528365121026596e+00,-5.621499349817085545e+00
-1.058482456484787271e+01,-8.336371890145684915e+00
-8.781153762645105942e+00,-5.955955693350756697e+00
-8.906928531081186762e+00,-6.230387986029457537e+00
-9.028920331136601973e+00,-6.583671811138291474e+00
-9.135304828466848548e+00,-7.078686305385012645e+00
-9.013750456096326857e+00,-7.623407444248773146e+00
-8.893038415165564814e+00,-7.819664678038698469e+00
-8.615385351669663905e+00,-8.089614495159260343e+00
-8.313629175278153483e+00,-8.365019822231397839e+00
-7.935872755828528469e+00,-8.501717446583263893e+00
-7.680275509694881819e+00,-8.585874463023422720e+00
-1.068383741676951360e+01,-7.963838981082079549e+00
-7.361409046115690913e+00,-8.623950197156895925e+00
-6.761917600157797636e+00,-8.586963819669666265e+00
-6.542922499361628397e+00,-8.520018989401668463e+00
-6.209410206745834770e+00,-8.476885995479950253e+00
-6.047586754030872314e+00,-8.498483749132168086e+00
-5.851672859027416962e+00,-8.165294149652231326e+00
-5.811235089697478706e+00,-7.915614855017396145e+00
-5.702462294750572980e+00,-7.609522452104571677e+00
-5.572061255634156218e+00,-7.351396584035488679e+00
-5.425765888416252736e+00,-7.184862285391099057e+00
-1.081575237491925456e+01,-7.572921472774251761e+00
-5.274961978877522384e+00,-7.077717616261444356e+00
-5.102019196217253416e+00,-7.060270749999959961e+00
-4.951687859073901521e+00,-7.130619665648198158e+00
-4.766578852294549584e+00,-7.234629940913506196e+00
-4.713991880135984580e+00,-7.418880700476465861e+00
-4.612668529176904286e+00,-7.588779836392962608e+00
-4.576310540822197126e+00,-7.814641667407758341e+00
-4.631972287382577491e+00,-8.012469114120493785e+00
-4.777056651579651536e+00,-8.353729921395235181e+00
-4.901552104428006373e+00,-8.633706619678319427e+00
-1.091201894905464087e+01,-7.187929746546902976e+00
-5.388635310550474067e+00,-8.961282975903877457e+00
-5.768174790386978223e+00,-9.388152874716825025e+00
-1.101760465274656475e+01,-6.974114228211731437e+00
-1.117166517601388698e+01,-6.631987185944000274e+00
-2.320535153510584436e+01,-1.490570869068147175e+01
-2.329791934556996225e+01,-1.474516202631145312e+01
-2.133525641282003349e+01,-1.332631917424792434e+01
-2.116591078657334535e+01,-1.294238418439277716e+01
-1.908767833888139620e+01,-1.139451530856885597e+01
-1.884740637909552063e+01,-1.098510496189274477e+01
-1.878772946405690902e+01,-1.057828357067288216e+01
-1.893143922839658444e+01,-1.020589820988853980e+01
-1.919814310076900199e+01,-9.714530652412431522e+00
-1.944902867690861825e+01,-9.599933349816517136e+00
-1.953811794139064162e+01,-9.518435095412227653e+00
-2.040055070169681528e+01,-9.986632604030670990e+00
-2.330640993342695211e+01,-1.443990376915952112e+01
-2.059483117209363812e+01,-1.024416733475498908e+01
-2.074330737006773262e+01,-1.063325266983888717e+01
-2.081491404305641169e+01,-1.105961786854394191e+01
-1.969157462382177215e+01,-1.279753797842939100e+01
-1.954257335342626689e+01,-1.319655924787820567e+01
-1.941361531532489693e+01,-1.347556600738970722e+01
-1.938358568321870479e+01,-1.368161740612018207e+01
-1.928047564418914561e+01,-1.390183268610833167e+01
-1.911743380783426716e+01,-1.414471204917435898e+01
-1.895195170624680259e+01,-1.435256615771633371e+01
-2.317483756337730938e+01,-1.393606307920958542e+01
-1.870314353835805221e+01,-1.460163276849531400e+01
-1.842980291244062130e+01,-1.477102612903099121e+01
-1.810829214950603827e+01,-1.502756552153701186e+01
-1.778537533347950372e+01,-1.523878617042461237e+01
-1.766773814715360658e+01,-1.538500845305454767e+01
-1.767626719840178851e+01,-1.587512109392473292e+01
-1.770250360078200558e+01,-1.618914176398390481e+01
-1.776331675614834538e+01,-1.641684709722625257e+01
-1.791886403032793140e+01,-1.656658880797832367e+01
-1.862509358032378159e+01,-1.693614543454826560e+01
-2.303842497753976559e+01,-1.376182190643730330e+01
-1.900083695536404704e+01,-1.705167545853170807e+01
-1.929445073856045667e+01,-1.697876817342390510e+01
-1.960597643371649212e+01,-1.680376928855318042e+01
-1.987820890846288790e+01,-1.654587164614759942e+01
-1.999083269969338517e+01,-1.633030948497475521e+01
-2.002926222982920024e+01,-1.619531521315508726e+01
-1.998171506820790810e+01,-1.593888121560557103e+01
-1.767870231067478315e+01,-1.205078258643212408e+01
-1.765563640842001547e+01,-1.156309999515011810e+01
-1.774869491677608124e+01,-1.104661238586381522e+01
-2.270092096223346800e+01,-1.363717991028385867e+01
-1.789157540721719641e+01,-1.065841699242944429e+01
-1.796367227560959634e+01,-1.043807208543027620e+01
-1.823618753656883484e+01,-9.951535982625102861e+00
-1.872925240929868451e+01,-9.480859156566399548e+00
-1.918649627696565929e+01,-9.408240640043883829e+00
-1.981806329206934691e+01,-9.657375898012576343e+00
-2.009974719701504497e+01,-9.930099487104333988e+00
-2.031802091451770309e+01,-1.033249961308615639e+01
-2.047298065003791834e+01,-1.112142531606071216e+01
-2.050764532454185840e+01,-1.196701932151848524e+01
-2.210711941649933721e+01,-1.360834484091001784e+01
-2.039572060682997190e+01,-1.292701538547906281e+01
-2.035193952579175303e+01,-1.367054067145056884e+01
-2.032331547432868746e+01,-1.390366428897931073e+01
-2.044287264680086835e+01,-1.406871010535768463e+01
-2.068113129125791616e+01,-1.427660804290544583e+01
-2.088007346917122220e+01,-1.450771848577198497e+01
-2.103240609018484264e+01,-1.477762617203520001e+01
-2.125850732672316923e+01,-1.496775493808290669e+01
-2.153996841238779680e+01,-1.516223914751844859e+01
-2.180225471705985640e+01,-1.531736697233363209e+01
-2.188436308333776026e+01,-1.356888802541927852e+01
-2.241193784242208409e+01,-1.530874669414990663e+01
-2.301089797311824015e+01,-1.510875725207679565e+01
-2.156406673132337204e+01,-1.358274220779950703e+01
-2.142828646556697691e+01,-1.349901822474515178e+01
4.466841384051417063e-01,9.115486165609379299e+00
-2.267100293887083784e-01,8.816338746346058741e+00
-5.215236094197411632e+00,8.812393375323269495e+00
-5.854815829644918423e+00,8.622886980076732044e+00
-6.239943567290945126e+00,8.357290650495453832e+00
-1.251434262301244438e+00,-3.389337701777002665e-01
-1.231521112140092633e+00,-1.005904960616143873e+00
-1.653303475702396552e+00,-2.377232678496973062e+00
-1.900578221763768338e+00,-3.864562858785062449e+00
-1.872647988899105442e+00,-5.019964307850318441e+00
-1.701693506738372053e+00,-5.281265197255047283e+00
2.653462858980605299e-01,-5.265529294185448350e+00
-8.004190754694761045e-01,8.632207790351317911e+00
5.480916276144754962e-01,-5.187375843016778454e+00
7.884589578450889036e+00,9.935884960466148996e+00
7.089271623766151720e+00,1.064222931415583950e+01
6.523164952167764596e+00,1.110458056443355446e+01
5.778311896724235730e+00,1.151734287478680230e+01
5.017107091259609852e+00,1.176363518591859503e+01
4.340460027808882515e+00,1.179902504188529022e+01
3.819877472391033368e+00,1.176567079768660307e+01
3.209942908937815087e+00,1.161353928775202782e+01
2.742220685313803141e+00,1.147467503293375124e+01
-1.373798759798933178e+00,8.565675460803932495e+00
2.272609239579258311e+00,1.119636548831700118e+01
1.900036393570694315e+00,1.095498609186489070e+01
1.644361358439213161e+00,1.064148404358702926e+01
1.495271716342656987e+00,1.013082856093839723e+01
1.195204120253519298e+00,9.448082008998392567e+00
1.166150469592323269e+00,9.313155856023454859e+00
8.210984050812321078e-01,9.347851994447230695e+00
-1.466936899094188618e-01,9.345419296628110217e+00
-9.073575370004998142e-01,9.404788902537093875e+00
-1.319523591138631824e+00,9.457045157821760029e+00
-1.864660439259175240e+00,8.567705393118707491e+00
-1.727701447394025536e+00,9.434586957430022736e+00
-2.322230105622208551e+00,9.341196433808413246e+00
-2.854584673389863436e+00,9.279826355646465075e+00
-3.337170733235756526e+00,9.239091796691216274e+00
-3.839247074394522841e+00,9.183217438286696677e+00
-4.653038849854999270e+00,9.003461566996259435e+00
-5.105876961941926417e+00,8.910932993497066690e+00
-5.762370906332361820e+00,8.700253629337394656e+00
-6.294093076362105244e+00,8.315783777010560485e+00
-1.083394016424793049e+00,-7.834525303086955494e-01
-2.369412764187226017e+00,8.605475263891893434e+00
-1.112070733269613365e+00,-1.048752158314372629e+00
-1.333952426710619532e+00,-2.282929244656346057e+00
-1.520821135083841424e+00,-3.167447069846815122e+00
-1.850645123860555463e+00,-4.676174248961812552e+00
-1.605029182951984712e+00,-5.156612068682737693e+00
-2.379022417761487707e-01,-5.484817856980323647e+00
7.967631546426018119e+00,9.094530870891361474e+00
7.782659781182943881e+00,9.547317689548140862e+00
7.249562117088030000e+00,1.036637375268564831e+01
6.550324888524870381e+00,1.107845857266387313e+01
-2.726591332590871275e+00,8.704511235211413123e+00
5.521790826032478172e+00,1.167654385883271573e+01
5.039042299544168380e+00,1.183008056164866950e+01
4.371614980770463177e+00,1.194670967394841909e+01
3.668839715808185797e+00,1.200208151306628679e+01
3.088886767521073828e+00,1.199552433234365800e+01
2.524600187072275403e+00,1.193119008731894581e+01
2.160032539749685121e+00,1.187481119916986039e+01
1.660074517099839220e+00,1.151138304089866260e+01
1.093861442926611138e+00,1.108683787783009755e+01
9.249222955988162242e-01,1.067743429836601088e+01
-3.514204403352594319e+00,8.792132505837384926e+00
6.678292591050978277e-01,1.003392596514350288e+01
5.466776937689540317e-01,9.312985941301807458e+00
-3.876113990987299474e+00,8.898350005691790798e+00
-4.624833280329958107e+00,8.882410487633553231e+00
