-3.028076243781591792e+00,-1.241980700091741241e+01
-1.163264515418243050e+00,-1.432899784615176308e+01
5.299389241529026684e+00,-5.904875517424830633e+00
6.487391286743409147e+00,-7.919948666888814159e+00
6.249072477104839152e+00,-7.202755711633702873e+00
4.718024077559503482e+00,-5.809581428202876374e+00
4.327944891841865704e+00,-6.758932823752209273e+00
4.284032034178024695e+00,-6.945068831937970089e+00
3.946416628749224387e+00,-7.076794211527056788e+00
3.111825107638995114e+00,-8.434787849259324233e+00
1.777536567166808634e+00,-7.911575895485619014e+00
2.253359257078892064e+00,-8.432907161957530207e+00
1.103207964207532532e+00,-1.191073359457292469e+01
1.624024173937007376e+00,-8.420313059367353858e+00
1.164476282826493403e+00,-8.783908971980398661e+00
1.294020035642328814e+00,-9.894613864022883121e+00
1.624477727464057608e+00,-1.058241886666488618e+01
1.880735210150680015e+00,-1.063669040565856960e+01
-9.109899135586472241e-01,-8.207439098219900586e+00
-2.245458560266766490e+00,-6.756765827216889342e+00
-3.037348174265602996e+00,-6.506018399627013338e+00
-2.871175565399458840e+00,-8.061189517559084194e+00
-1.460091920298536738e+00,-8.420331956741547330e+00
4.379756828753801123e+00,-1.221323728875731796e+01
-1.025813841672577276e+00,-9.810090013595816671e+00
-5.245358421956032302e-01,-9.609682325250560098e+00
-2.638929843592665136e+00,-8.164247991167071561e+00
-2.484443126967803117e+00,-8.011133357623416273e+00
-1.565785310439427924e+00,-9.561165424683787606e+00
-5.137126055088767629e-01,-9.221952091494364012e+00
-5.278948922936343990e-02,-1.032357061092194428e+01
1.582800716867331481e+00,-1.160588652968038836e+01
2.653493858040223863e+00,-1.112520194513546201e+01
3.387605354199988206e+00,-1.098635098765503137e+01
3.166166232849002782e+00,-1.016500781019743371e+01
2.944269795302519199e+00,-9.940876407310449636e+00
2.476600393236557451e+00,-9.094647681068206424e+00
2.543359203262099300e+00,-8.356773132945011895e+00
2.768330276704979553e+00,-7.318688976092360576e+00
2.774005845896198252e+00,-7.323253118614560186e+00
4.175540303819065713e+00,-7.244611175291075789e+00
3.760187874008874331e+00,-8.492825375372124341e+00
5.026969741557555160e+00,-8.899525749420320153e+00
4.688899613281710899e+00,-8.050883741157271345e+00
3.405676578852224079e+00,-5.401558960763054529e+00
4.967938866265083853e+00,-1.083472065771088033e+01
3.229863920538331268e+00,-5.120695229319916386e+00
3.872963847843000629e+00,-5.255839742793432023e+00
3.635532983915310545e+00,-6.825886205119327421e+00
3.573861007828273539e+00,-7.314972201451515055e+00
2.750381324286633955e+00,-8.035190999419510760e+00
2.523386273622332698e+00,-7.783769801048431525e+00
2.107064498908989947e+00,-8.033390678919966277e+00
1.385674500604541226e+00,-8.750904766124323331e+00
7.757108712078035762e-01,-1.097841612977012993e+01
1.988104816625408722e+00,-1.177279439245979198e+01
4.438952419023798335e+00,-8.257653492581018995e+00
5.068038047056864226e-01,-1.161182076567219212e+01
-1.313404189254929744e+00,-1.187861080331913755e+01
-1.299741171881832358e+00,-9.767912119298522100e+00
-1.219006645517504595e+00,-1.179245078232892041e+01
-1.193605367660070415e+00,-1.273207041320915955e+01
-1.138736276592993812e+00,-1.210688927018036054e+01
8.801460243999104094e-02,-1.302922576065590832e+01
-1.333121418856951346e+00,-1.647051892099786130e+01
-1.803102759394017207e+00,-1.255720183032166126e+01
-2.808602790315303022e+00,-1.363201165329116904e+01
4.369858129559164972e+00,-6.664170395171888472e+00
-2.459996899618434263e+00,-1.241002955520960427e+01
-4.097328369407728488e+00,-1.314987160479235229e+01
4.704752263429783810e+00,-7.371702107993098885e+00
4.964818044583523715e+00,-8.056612759732159290e+00
5.665127752076011269e+00,-1.109825125747343932e+01
6.888955923150264837e+00,-1.027081818577518568e+01
6.249960698313514307e+00,-1.611892769020958127e+01
7.362817088340769978e+00,-1.481766363219789717e+01
4.319287597563438830e+00,-1.131241799352068078e+01
3.684222218226336665e+00,-1.077944199069086828e+01
6.093698777852368131e+00,-9.470027300301893547e+00
5.542908459890680817e+00,-9.316023759062007414e+00
4.657680010517985636e+00,-8.027614966459809764e+00
5.604882080737143113e+00,-1.307146456510160881e+01
5.815736725680158870e+00,-1.246159990630657255e+01
6.974093173611354501e+00,-1.191803864030107185e+01
7.313027885127107552e+00,-1.077330518112964519e+01
4.748676024341333068e+00,-1.144699005776497280e+01
4.917007731083002042e+00,-1.341580515844345456e+01
5.734236893150610470e+00,-1.260367198732350325e+01
5.166892278035794206e+00,-1.190300197118725656e+01
4.675454542545492309e+00,-1.102730016739769248e+01
5.574437106232959849e+00,-1.006824107532097834e+01
5.694745481725416170e+00,-8.793280334925006159e+00
5.629389431411192746e+00,-8.299479821023684423e+00
6.255272929839453155e+00,-8.431549255309015223e+00
7.048842515698061639e+00,-9.504967734600352713e+00
6.635567973353238891e+00,-1.062340462756305293e+01
8.325834753371681884e+00,-1.005941399544765602e+01
7.516471662971699885e+00,-9.743989175942056491e+00
5.924114054733872869e+00,-9.313155056760685113e+00
5.353079614548514442e+00,-8.201154879321816082e+00
6.022600586009224877e+00,-9.820598289317185703e+00
6.982024416780427956e+00,-9.734159874710821114e+00
7.382228646850897746e+00,-9.472252673347810514e+00
7.552604532694058292e+00,-9.197472573216074920e+00
7.503478669805883960e+00,-1.017497306593346096e+01
7.643957011377905175e+00,-1.169500469615614868e+01
6.526936758304511699e+00,-1.130954169770475914e+01
8.352846789729584387e+00,-1.228353292117286522e+01
8.436074375618151322e+00,-1.168679280502115603e+01
7.830505363219614878e+00,-1.284192704325796797e+01
7.410358993215314882e+00,-1.357072531163261075e+01
5.991602378066961165e+00,-1.567504035094547810e+01
6.694164305161955042e+00,-1.626368442624183785e+01
5.914055877139510642e+00,-1.550841044597180307e+01
5.432163667440693899e+00,-1.320144704420122217e+01
3.832101478319439369e+00,-1.109221146424001248e+01
3.693431637597768269e+00,-1.005085510246707869e+01
8.555928037634362937e+00,-1.340259579413031688e+01
4.686710923120574357e+00,-1.133015062137077855e+01
5.846289135329181264e+00,-1.085499901130845402e+01
6.243092139155199227e+00,-1.093536266264626988e+01
5.013262231924561441e+00,-1.305563159779775262e+01
4.969487815566324684e+00,-1.388543171602810489e+01
4.582031965548610586e+00,-1.323358300811691635e+01
5.488099632127714678e+00,-1.447752346473659557e+01
5.398514228982164376e+00,-1.365639072671652521e+01
5.194316408996440870e+00,-1.186924411943172686e+01
5.439951149392816099e+00,-1.042154545131660726e+01
7.502505456140686313e+00,-1.484143121418066436e+01
5.538036766801427646e+00,-1.036330741380642273e+01
5.127941256730772501e+00,-9.626844561777568643e+00
6.586288322861245881e+00,-9.182446679466199413e+00
7.459331498988198916e+00,-9.084019272814293444e+00
7.783254631564476611e+00,-9.967053063540294744e+00
8.401261628354959043e+00,-9.663065481282309577e+00
7.894900807873435511e+00,-8.866302470427912752e+00
8.270644610024646681e+00,-9.793257593386606175e+00
6.357839603312681831e+00,-1.098504820842003049e+01
5.110586125888686659e+00,-1.140387975767750994e+01
6.549619465791170825e+00,-1.497188234580231736e+01
4.620759142541670528e+00,-1.157890580555397797e+01
5.858539892756449596e+00,-1.024213492036667006e+01
5.296752158755822393e+00,-1.573508089705550184e+01
5.001638411799358863e+00,-1.645163343866288486e+01
1.094963272829764467e+00,-1.110352851652086237e+01
2.127782400546066377e+00,-1.051239900409045447e+01
3.311731322505948150e+00,-1.166344207158371127e+01
2.292266073670397919e+00,-1.213172618330039043e+01
1.895088418326399182e+00,-1.203983053294004435e+01
2.437041742592642279e+00,-1.247098198765477939e+01
2.477746386214885632e+00,-1.239173663055330366e+01
1.578818595176372686e+00,-1.255348539008861586e+01
1.670189436065066868e+00,-1.247944311467185763e+01
1.471592299630880785e+00,-1.216240967262434758e+01
1.055755500914849154e+00,-1.121265440671576386e+01
1.065451931083362780e+00,-1.176896201349691218e+01
1.747058291438019939e+00,-1.343696124738499265e+01
6.759287550266179778e-01,-1.163803673344325951e+01
9.283658018667231282e-01,-1.160138128406870450e+01
7.393534302303819139e-01,-1.204076685936597002e+01
1.078172305678743115e+00,-1.236398886421500976e+01
7.317143900997233885e-01,-1.191875209520545376e+01
7.612568262716039591e-01,-1.257127418294767196e+01
5.146185291889446844e-01,-1.211407375150903221e+01
1.058717614712692878e+00,-1.225289855410147233e+01
7.349951157571337212e-01,-1.148165073514294043e+01
9.174296212511015014e-01,-1.180319498760386132e+01
1.856179692126392888e+00,-1.187525504488611716e+01
4.371003783283047284e-01,-1.141855388535128313e+01
8.779311900080961628e-01,-1.133957664995932646e+01
3.170665336859626038e-01,-1.099945054984043757e+01
7.156924895058156544e-01,-1.132558249099950842e+01
6.201433787778301010e-01,-1.091883229761901930e+01
7.693809181137649666e-01,-1.125704300513649159e+01
5.604226917693200249e-01,-1.106015498739234992e+01
8.975960448987816420e-01,-1.117966112635274811e+01
6.542253335916541346e-01,-1.122121997030047957e+01
1.267123851556725356e+00,-1.116098670197242981e+01
3.192710388115084452e+00,-1.193709754695476555e+01
9.512390806207617899e-01,-1.093434571245301612e+01
8.522935989053630479e-01,-1.103170039286549375e+01
1.130739422886750667e+00,-1.087976533565179516e+01
9.671877870291911705e-01,-1.141677523161051333e+01
9.053546396958975784e-01,-1.129871658565405035e+01
8.074309011410631953e-01,-1.102608325593840810e+01
7.272160418061277554e-01,-1.060736972076082374e+01
1.220911454820791331e+00,-1.025190680368070417e+01
1.169949887899214058e+00,-1.107874053709456774e+01
5.070527534607602860e-01,-1.122662751082232546e+01
3.818704318163086420e-01,-1.255965041801864679e+01
5.846349387894695937e-01,-1.138030108548418617e+01
8.691112624465162639e-01,-1.132827362892697387e+01
8.027852808412250241e-01,-1.064352678319846213e+01
1.040555185094568458e+00,-1.069831099090319526e+01
5.141166567279649158e-01,-1.148824743481370270e+01
8.683715039703265859e-01,-1.134134283588588232e+01
7.566738532665944206e-01,-1.228570611535464252e+01
-1.178051778038602393e-01,-1.183589474458930901e+01
-1.091250455092471316e+00,-1.065972068145553919e+01
-5.773113162323837422e-01,-1.104188261361627532e+01
1.166114578321515438e-01,-1.177409456572605784e+01
-1.429092829326151115e+00,-1.210767940870354309e+01
-1.416659791562135950e-01,-1.198486276956621133e+01
-1.684435718542625970e+00,-1.147532655620735831e+01
-6.024993821355910661e-01,-1.261297970276526570e+01
-8.283051226519142496e-01,-1.166574177469137297e+01
-3.824077396928293737e-01,-1.094467579181951145e+01
-4.036222210614264228e-01,-1.049636857069672935e+01
1.737406638314764606e+00,-1.090726857264414917e+01
-6.903448065779520526e-01,-9.171135218243186671e+00
1.236397090854915781e+00,-9.044606226307241315e+00
2.009725830201753549e+00,-1.171034445412241354e+01
1.020724195796857803e+00,-9.339853261059191780e+00
2.621936475536893685e+00,-9.623587901964668845e+00
3.021851067996944806e+00,-9.367374417650735197e+00
3.103350299313774929e+00,-9.720887677372356706e+00
5.029541697288324897e+00,-7.778338586737617355e+00
7.067194875011893807e+00,-9.152023464159343646e+00
6.363625914209109169e+00,-1.313556764998723736e+01
2.965560506364361970e+00,-1.169577770685196327e+01
3.099547839359052315e+00,-1.165011031814017350e+01
3.935562585756745779e+00,-1.145281055707211060e+01
3.271804621474399433e+00,-1.073968711325815129e+01
5.158063413086042104e+00,-1.173172059589657223e+01
5.398369715786429879e+00,-1.311161179793581155e+01
7.754893593178077360e+00,-1.226076938872952837e+01
8.318532899831755145e+00,-1.180454333545446133e+01
8.873586840211249438e+00,-1.174788879746108528e+01
8.391360900309180693e+00,-6.071573382274512376e+00
8.254281078788480386e+00,-1.036017813026153256e+01
8.128469962233005219e+00,-9.810335066902760914e+00
8.960402656637512564e+00,-8.801504929686254641e+00
8.724675751968629100e+00,-9.174972596775615941e+00
6.986116203740309061e+00,-9.748096825720070413e+00
5.555228718313113490e+00,-1.269608771823425108e+01
4.676230446549203279e+00,-1.310462921667515701e+01
5.208518759267745324e+00,-1.217153656975305154e+01
2.849970357367561657e+00,-1.164559037769834404e+01
2.628535842237857523e+00,-1.040194012958240144e+01
1.008033858577794639e+01,-5.871968984373811651e+00
1.728128369881223092e+00,-8.333880174834835231e+00
2.536211210025517193e+00,-1.040159960800198569e+01
2.707687336198031147e+00,-1.088840566030477675e+01
3.901244091201382158e+00,-1.148496302868917063e+01
4.130331980603479280e+00,-1.248383603952007448e+01
4.956504603679025678e+00,-1.067823345528932144e+01
4.074745923807074455e+00,-9.644486924988331822e+00
2.263920674496916252e+00,-7.626892582567961654e+00
4.264803914098743043e+00,-7.678772027067964245e+00
4.979302315207483787e+00,-8.187248888527653534e+00
9.866708101683631327e+00,-7.845116635186998977e+00
5.230624795638739499e+00,-6.827547243659020992e+00
4.910659433690442555e+00,-8.565699809065504766e+00
4.893036121908108882e+00,-9.955305428208635732e+00
5.737245028897117294e+00,-1.431078997725612290e+01
6.848262586889135584e+00,-1.375265375567522597e+01
8.719469297961598642e+00,-1.298141450140815323e+01
8.189847349679903132e+00,-1.252769359393137094e+01
7.479976962007510721e+00,-1.290362464834031186e+01
7.622527731638728987e+00,-1.206011612160308211e+01
6.619702455606334190e+00,-1.298751337359665570e+01
9.194109591904879863e+00,-1.019794248448214091e+01
6.115049911444552677e+00,-1.061828485224480545e+01
6.450265619738181577e+00,-8.211162540829469947e+00
7.081329144802978703e+00,-9.668241568298396871e+00
7.223540981479955825e+00,-9.073130407619496296e+00
5.743921622555029138e+00,-1.026355884030177634e+01
6.314369168081302774e+00,-9.779559279722048970e+00
3.523475863614689452e+00,-1.111065933989506860e+01
3.487914301318961297e+00,-1.008696680164614889e+01
4.472919996551098620e+00,-1.219810755997110796e+01
2.820199382263911314e+00,-1.480143703791472376e+01
7.676913893415396650e+00,-1.199163183131598132e+01
4.484620230788287643e+00,-1.406745393244022857e+01
3.144846110644971660e+00,-1.430309764687501328e+01
4.629075422436905285e+00,-1.172732916024985528e+01
4.951325241537949395e+00,-1.145862075173130279e+01
7.366884808880110214e+00,-1.310252796429666766e+01
7.419758648884017482e+00,-8.804840816620233213e+00
6.005134295309446202e+00,-6.794675479148754249e+00
4.264181234769401030e+00,-7.468203252885096788e+00
3.912639446964344625e+00,-7.171701403314727941e+00
5.489768223516191092e+00,-6.990403969808363982e+00
8.793065296300344613e+00,-1.035054306597922569e+01
8.268924207867703657e+00,-8.620893130485297817e+00
7.750245498995020910e+00,-7.222741295949657747e+00
5.022291779199630213e+00,-7.876669367754593587e+00
4.533480643706090163e+00,-1.181261362903724965e+01
6.059157694703126040e+00,-9.471275165158203890e+00
5.225851604761720282e+00,-1.081686472899406048e+01
3.760644133060421446e+00,-1.109304046023831880e+01
5.028355055493084258e+00,-1.080959107228769334e+01
4.890440840587037208e+00,-6.852160636654700099e+00
4.334445948154855621e+00,-5.882117048221296329e+00
7.706649611629020846e+00,-5.764433405199905103e+00
6.881873277213767182e+00,-5.126925886023291135e+00
7.616924583719644204e+00,-6.352765297327059635e+00
8.591007813480748823e+00,-8.340045311420388074e+00
8.760862152990176455e+00,-1.048802091756006760e+01
5.867041951650360687e+00,-1.365039108887728680e+01
4.855643157955460865e+00,-1.393261630370812831e+01
5.792325283866303742e+00,-1.339587364946149783e+01
7.211901244277663992e+00,-1.680367504808416612e+01
7.887806208403058683e+00,-1.640158131080790582e+01
5.855308251697231903e+00,-1.614290934454857762e+01
4.533156929518153966e+00,-1.512471998544892315e+01
2.724573530906844177e+00,-1.433738897121857470e+01
2.368837709208170494e+00,-1.421655035245056808e+01
4.042436179994489898e+00,-1.448829865146247542e+01
4.525330082497899475e+00,-1.360087274688953762e+01
5.243817793054188492e+00,-1.118940961496270958e+01
4.553047510197091086e+00,-1.386904217921543747e+01
6.961550563497632460e+00,-1.099797490274312040e+01
4.939435220593385800e+00,-6.705617039698212878e+00
5.833957771176661922e+00,-3.246093135063463198e+00
4.167366306069157034e+00,-3.387488667742638793e+00
3.667399275129096914e+00,-5.889649533087778721e+00
3.886838314889970114e+00,-8.239571440440252914e+00
5.636879548633265458e+00,-1.000320963969642740e+01
7.780688422486020883e+00,-1.064041823275063514e+01
6.161620865140735148e+00,-1.309479394287279774e+01
4.720275288960619875e+00,-1.499196368090336406e+01
2.390390794734572388e+00,-1.338580329567764338e+01
3.458233891733383469e+00,-1.698949822222285633e+01
2.309059418903976812e+00,-1.725627885432294306e+01
1.807695409273832654e+00,-1.825990304537396725e+01
2.656856630807159725e+00,-1.720135041526202713e+01
2.561961475018143197e+00,-1.721674003635772365e+01
3.867531293214162780e+00,-1.644728115763197707e+01
4.159022497048062483e+00,-1.430366669506639354e+01
4.913486646083548237e+00,-1.193698820669975191e+01
5.964589220113799328e+00,-9.171068650378542131e+00
4.983894671063435311e+00,-4.009001933451129318e+00
1.046821559150188818e+00,-1.561205184457080719e+01
5.293804208242200993e+00,-3.946560177236699829e+00
5.236343403881951630e+00,-3.744036031568133360e+00
7.451590999824926342e+00,-5.653504643039068966e+00
7.657764604075904202e+00,-8.989053128958886418e+00
7.717533910135113473e+00,-8.975877990539846252e+00
6.195870218990283895e+00,-1.265408794623080269e+01
5.671703102924192663e+00,-1.454857520507295376e+01
5.365372534500737700e+00,-1.440136121283657289e+01
5.308194282678024400e+00,-1.484604188645396050e+01
6.480368829883472515e+00,-1.671149915688534549e+01
7.984168918514367164e-01,-1.582946076488580545e+01
6.784876761961586844e+00,-1.775229495725461959e+01
3.413129580437651800e+00,-1.610537194671692518e+01
3.023046853340696227e+00,-1.385897998485411975e+01
3.772620983363458524e+00,-1.299703642373645351e+01
4.555287005520455068e+00,-1.173232578083921673e+01
5.774763712269062488e+00,-1.126914522495485116e+01
4.921190171919597844e+00,-8.863042844994980740e+00
4.845846975774533050e+00,-6.864342052159084773e+00
4.840534844078325349e+00,-4.981057842194529073e+00
6.445888151621415929e+00,-5.681531215461879114e+00
3.497172756891350431e+00,-1.486587594997579842e+01
5.253292199786530503e+00,-8.439994021739643415e+00
4.183640319634351457e+00,-7.715791098518112179e+00
2.447832178604002706e+00,-1.517382370297161742e+01
4.368207112787518831e+00,-1.396658758204710082e+01
1.621476741520394782e+00,-8.577494850454510100e+00
2.322408968692410980e+00,-8.157796503792855702e+00
2.572645293144984358e+00,-9.628160370311857008e+00
2.138793391477786798e+00,-9.636225640060539277e+00
2.090477190814064912e+00,-9.441971064804667080e+00
2.006566941591605424e+00,-9.483796251294522861e+00
2.166555517716987733e+00,-9.793455376790431544e+00
1.802499270257690966e+00,-9.583098684831860226e+00
2.001412424696915160e+00,-9.580337847661493100e+00
2.858825162518387142e+00,-9.420827371066302192e+00
2.693726090661568318e+00,-9.750614102088563939e+00
2.351006689951740558e+00,-9.964093501767351313e+00
1.642328625298634215e+00,-8.528377367106530826e+00
2.770480748743745281e+00,-9.543149572447108042e+00
1.916406380583684843e+00,-1.013419145420898282e+01
2.190264687110111907e+00,-9.945077140007335004e+00
1.361871625010261599e+00,-1.014947348631738677e+01
2.179144060859970811e+00,-1.004676541279398982e+01
1.536323613377917674e+00,-1.068175905554514138e+01
1.264432628951873916e+00,-1.093121867680083348e+01
1.496057838807486551e+00,-1.005443841180943920e+01
1.167331106962786968e+00,-1.027144104310064421e+01
1.551292454396688392e+00,-1.035730678002573590e+01
1.785832117422794241e+00,-8.913686250573498171e+00
1.419263895140703724e+00,-9.922627112009660522e+00
1.698420528402148744e+00,-1.028690164050084732e+01
1.280157867052635456e+00,-1.041862051429490954e+01
1.190397574352463295e+00,-1.046045545793741383e+01
1.506792493224849316e+00,-1.097797621504264853e+01
1.492642882333288235e+00,-1.104876351663114420e+01
1.302161080846945040e+00,-1.083455605104293795e+01
1.808903300527461955e+00,-1.076535826241063454e+01
1.939155922752236805e+00,-1.094613061808539634e+01
1.956546732191084548e+00,-1.065147196066275370e+01
1.723654913053584536e+00,-8.770920132062865804e+00
1.797437690787239362e+00,-1.053912552865614849e+01
1.534113488233615819e+00,-1.055942292061838650e+01
1.570866159971106235e+00,-1.027148732167211698e+01
1.481510163534284885e+00,-1.035441128909507036e+01
1.560124482248193445e+00,-1.085195403030804329e+01
1.344720421368665875e+00,-1.056101266185106979e+01
1.179965723625245211e+00,-1.042331220649363743e+01
1.437536056653248018e+00,-1.042678910944063730e+01
1.631528796996707165e+00,-1.041355142271472012e+01
1.369377353549853460e+00,-9.719568670600267524e+00
2.226928163266590932e+00,-9.017404340918883321e+00
1.787568304733479607e+00,-9.623991687330178735e+00
1.633278849179734316e+00,-9.729194476163366190e+00
1.649310632701499024e+00,-9.676950969909665190e+00
1.650612842681911552e+00,-9.457981863776170783e+00
2.430873745335212277e+00,-9.501176960568113117e+00
1.860939924610397256e+00,-1.000167351910251767e+01
1.950799924092378568e+00,-9.924810192216050098e+00
2.133687840211762943e+00,-9.311150329943423287e+00
1.341777849402135736e+00,-9.899879053530471040e+00
1.938348609444914938e+00,-9.526035220136408910e+00
2.646410897063815160e+00,-9.172415083906839683e+00
1.503058412360461560e+00,-9.372451862891335139e+00
2.158504410755492930e+00,-9.690793949716809408e+00
2.263892500238800842e+00,-9.108363690365932186e+00
2.332895918832692761e+00,-9.649927376505877064e+00
1.824161410373160930e+00,-9.389153286991506420e+00
2.332802840030371083e+00,-9.312691700826936980e+00
1.550256437702971724e+00,-8.775929013500761044e+00
2.070285603717486822e+00,-8.889241986537564699e+00
1.607802472678852901e+00,-8.693966351814170324e+00
1.376790393035514093e+00,-8.397027434954546621e+00
2.276372563572483187e+00,-8.959053389235924314e+00
1.594830134775548025e+00,-8.334757491427485121e+00
2.023453352148368634e+00,-8.230811865872391664e+00
2.500287585207740193e+00,-9.389701974893524650e+00
2.284625919847655506e+00,-9.144256845387857879e+00
6.132142554152370195e+00,-1.069013265525387979e+01
6.841686423449178989e+00,-1.139829511264020212e+01
5.553351236802173574e+00,-9.863628574979317776e+00
6.029199495014680998e+00,-1.082070590739748361e+01
6.545845252390387614e+00,-1.098929344087665427e+01
6.413356497881617102e+00,-1.123461725376488474e+01
5.785726058413160011e+00,-1.120253263392769760e+01
6.056748263096418228e+00,-1.149732939678622579e+01
6.241568948393414473e+00,-1.131324264461144402e+01
6.340325627624484817e+00,-1.146117578198083464e+01
5.653611530196761770e+00,-1.105959735610402817e+01
5.909095053954617427e+00,-1.106739500089861394e+01
7.021013089941032348e+00,-1.166257505505136471e+01
5.744716389219618691e+00,-1.078361492561538881e+01
6.248997209543233566e+00,-1.102698997913729784e+01
6.146596438787579331e+00,-1.091441568410148477e+01
6.045051438847329095e+00,-1.082242561862974028e+01
5.938132977430261583e+00,-1.048722343236395638e+01
6.247483203853006373e+00,-1.046484538058554037e+01
5.956068292734160607e+00,-1.036768899506956210e+01
6.337821912124129042e+00,-1.035619240854218859e+01
6.480205387008303397e+00,-1.093947077823654901e+01
6.463854059418883580e+00,-1.067823016777444067e+01
6.486511078771783900e+00,-1.050618080143733657e+01
6.331003509440531474e+00,-1.074789132819634041e+01
6.456884567415476894e+00,-1.054826170531932839e+01
6.689865452184671213e+00,-1.025714679438063470e+01
6.349507021576489940e+00,-1.062338612277488892e+01
6.568876871585519694e+00,-1.081200716599777856e+01
6.753502272033372833e+00,-1.061831520016828279e+01
6.491043820289182698e+00,-1.061509652840458884e+01
6.850219520860668432e+00,-1.074700485505136349e+01
6.984931564752799638e+00,-1.108066975535296272e+01
6.987016536279922363e+00,-1.028795140917025464e+01
6.054644237309184440e+00,-9.711511192588552888e+00
6.955969369540925484e+00,-1.076964333548954755e+01
7.314703359335581467e+00,-1.056440213935592354e+01
7.107657788879850891e+00,-1.070033548245097066e+01
6.856878525081904208e+00,-1.081897602476164266e+01
7.494940866601025320e+00,-1.047217534279454654e+01
7.480581559155464078e+00,-1.079570367226412131e+01
7.402143766581795070e+00,-1.070567720865611250e+01
7.135372477304418481e+00,-1.052596809414874457e+01
7.058173513027115931e+00,-1.049597516217152915e+01
7.027083916278284548e+00,-1.068073652150624575e+01
5.952788531302088515e+00,-9.302558733005584557e+00
7.020797882751408814e+00,-1.057130667092986265e+01
7.341142853430921100e+00,-1.061672185134346869e+01
7.476248840132088347e+00,-1.046181178757404595e+01
7.317186243424158576e+00,-1.051862787117642029e+01
7.065587770659522704e+00,-1.067714926542225662e+01
7.293150056814022619e+00,-1.098862150438765362e+01
7.369626328220312494e+00,-1.102218356698367074e+01
7.177061406204864547e+00,-1.147427440994524517e+01
7.402439230623511612e+00,-1.100773248225436163e+01
6.720299706266994022e+00,-1.157182587759854009e+01
6.725103033498910143e+00,-1.009429925230596581e+01
6.604757485812623230e+00,-1.126101292340245053e+01
6.446639331080874058e+00,-1.145970077651550945e+01
6.375689763917153030e+00,-1.045854103758515308e+01
6.177166696875914020e+00,-1.063593053372764174e+01
5.958230610481984435e+00,-9.647322187937867000e+00
6.148052951091520058e+00,-9.559436667793860920e+00
5.724333365261962570e+00,-1.027582295603375506e+01
5.916925309125664612e+00,-9.982027134824610570e+00
6.681898599497871238e+00,-1.023731874965598543e+01
5.958548783482847000e+00,-1.158210924371411998e+01
6.922393645180692445e+00,-1.025756087183227194e+01
6.370701599859076580e+00,-1.067303875464287621e+01
6.378015917125863687e+00,-1.016871909150266085e+01
6.225505003807430882e+00,-1.049015512414899121e+01
5.998203516996339246e+00,-1.011818191128870836e+01
3.386006779771578934e+00,-1.002481889052425501e+01
3.096703090605494424e+00,-9.747793902941676691e+00
1.597043952634630060e+00,-7.509187830986712164e+00
1.766400151312065070e+00,-6.689603541447956658e+00
2.076014733619616859e+00,-6.909721708005104546e+00
2.096103610005878082e+00,-6.566526567643261814e+00
2.107623743507847980e+00,-7.543467366438335375e+00
2.268597618547727013e+00,-7.574057362706700047e+00
2.642375735077122201e+00,-8.639306552942738193e+00
2.568103685653674528e+00,-7.796394921119668808e+00
2.880058721212640283e+00,-8.951535631050068886e+00
2.505787190008907039e+00,-8.535802763554784178e+00
2.869470410793331538e+00,-9.715728714901205265e+00
2.611795879068820714e+00,-8.719443854224518731e+00
2.225413719284134118e+00,-8.003537521392775744e+00
1.882476020035878328e+00,-7.856069451619171140e+00
1.264867432822153859e+00,-7.599544354592698170e+00
1.636358079894325357e+00,-8.130554440452623766e+00
1.022107654916379893e+00,-7.659684125476397654e+00
8.033840094516779828e-01,-7.541576413138805890e+00
-7.174781675635850675e-01,-7.544868607197520838e+00
2.492406671086957459e-01,-7.786909319365095783e+00
2.459096407933179407e+00,-7.400247976927678550e+00
2.696627869676380129e+00,-9.791044491143974682e+00
5.035484414556501420e-01,-8.406282755343680080e+00
2.088111357198655149e+00,-7.395030710317266553e+00
1.909088090284840611e+00,-8.459891261217453717e+00
2.257655251379472094e+00,-8.398876687734849966e+00
2.837182846564915373e+00,-9.113069548639577633e+00
2.720560063411681551e+00,-9.505997920754506225e+00
2.834980562438046636e+00,-9.367292917633355032e+00
3.014581254691896639e+00,-8.209776039065012299e+00
3.522243554314957059e+00,-8.696483839068532617e+00
3.828440926672511235e+00,-8.376566534617134963e+00
1.915013452962282425e+00,-8.817719593074874851e+00
2.815725039255863038e+00,-7.736837298664029916e+00
3.259811354582671683e+00,-8.716137757797351782e+00
3.524222864977200498e+00,-8.460361491551227076e+00
3.602877445131676737e+00,-8.478738942399997924e+00
2.712267449614920167e+00,-7.600293005796065593e+00
1.223578369479248806e+00,-7.773206869444729605e+00
2.932125480631314396e+00,-8.323112425263712311e+00
1.166492879401365812e+00,-8.227956919690965876e+00
1.839119989093744856e+00,-8.494828321520008885e+00
2.990187635905457775e+00,-8.198815940762665733e+00
2.629988059163792080e+00,-9.115581334233516131e+00
2.476694416882567307e+00,-8.782282103285798058e+00
3.353422629582591519e+00,-9.620493533407225684e+00
3.350484191911518028e+00,-8.953799481807726224e+00
2.600595736089642340e+00,-9.252568482652010928e+00
3.106336299099272669e+00,-8.611585423574377174e+00
3.115006664560073801e+00,-8.604785803306540970e+00
2.406178321009795784e+00,-8.349577322588922712e+00
2.833944582662274225e+00,-8.600377506780404246e+00
2.502981092440283994e+00,-8.216249614144942370e+00
2.602018834928555346e+00,-9.232991919101268152e+00
2.092738514538527550e+00,-9.422996305225819214e+00
2.037656859915149887e+00,-9.250125172320439404e+00
2.206900565891103394e+00,-9.206527107507348262e+00
2.757528942037923869e+00,-9.264845716670221165e+00
2.103312824920476221e+00,-9.196944901016314233e+00
2.359126804191604698e+00,-9.263751713313229885e+00
2.140989500356045294e+00,-8.705679023805197758e+00
2.856367380779180731e+00,-8.215878236058768991e+00
2.915802318166454299e+00,-8.481102487853359406e+00
2.305909343126780975e+00,-8.968795036805611076e+00
2.562855415812717030e+00,-9.050245550063399591e+00
2.007225515057550869e+00,-8.318467588343036567e+00
2.511143192591370532e+00,-9.276419640045553194e+00
2.952715042294218772e+00,-1.033003386673750157e+01
1.694568355000098059e+00,-8.276012177322247254e+00
1.223742441695910621e+00,-8.350328767298092814e+00
2.358466363341911620e+00,-7.438924713659804677e-01
2.587640548222661430e+00,-1.719461879336485310e+00
3.430629532609998478e+00,-9.915367921388418271e-01
1.957850409931302327e+00,-1.206508348899341776e+00
2.937390517599637541e+00,-3.083443574083071237e+00
3.016333331941903673e+00,-3.878193768065314906e+00
2.770798460076746572e+00,-4.241056409575408637e+00
3.985325948511834859e+00,-4.350595311409170662e+00
2.782679211096568572e+00,-3.519708612339873532e+00
3.017681418108549174e+00,-1.820178666437370252e+00
3.222439155979973879e+00,-3.297611487549169773e+00
2.695028656171660320e+00,-4.625233891160164923e+00
3.208630288708264722e+00,-2.764824326870370719e+00
2.022971117321770151e+00,-5.060485452840783438e+00
2.114895965342358242e+00,-5.000664805245429889e+00
1.971906379273005383e+00,-4.083236319057575336e+00
2.059635826361771560e+00,-3.249911844012130846e+00
2.105632252759749523e+00,-2.469843787230602494e+00
3.656813380269767322e+00,-2.771069461372548837e+00
4.536689307214727407e+00,-1.930326662326717901e+00
4.198487920048711075e+00,-9.887982751989681240e-01
4.412439277650829439e+00,-3.190917382633829291e+00
3.790999235606734352e+00,-4.775945123315529450e+00
2.819242458018462294e+00,-3.556614536151819994e+00
4.695718970411564719e+00,-4.181237515814889782e+00
3.882088375952504222e+00,-2.599615385023318126e+00
4.467609866253109629e+00,-1.739300174498073837e+00
5.143560694012183632e+00,-1.632783509230294250e+00
4.590005050440309375e+00,-7.816877477526551488e-01
3.318000017953279368e+00,-4.653093095702054982e-01
3.292804176145792461e+00,-6.218046102737777581e-01
3.541306040951510692e+00,-2.981633178329272660e-01
4.895268702044793585e+00,-1.142987527984962393e+00
4.273436016866532405e+00,-5.610689026597257545e-01
2.953557061436360875e+00,-4.413093917229836904e+00
4.363926462321696675e+00,-9.717542831647540957e-01
3.752066602540272466e+00,-1.388022615115874103e+00
4.083720782197816312e+00,-2.030580589470385444e-01
4.185105475834113520e+00,-1.481487584587903861e+00
4.012777242823956314e+00,-2.228480454734838467e+00
4.003944199232907231e+00,-3.385408593170771141e+00
3.396482596171887636e+00,-3.118368219687249976e+00
3.711242871895532591e+00,-2.851441621705253393e+00
3.571371918490842123e+00,-3.035732007017397649e+00
3.973280762345681616e+00,-2.787128529999491455e+00
3.014117016193613274e+00,-3.896302473771620534e+00
4.271818121884139785e+00,-2.366711159482525861e+00
4.350584072253800727e+00,-2.909488624004278101e+00
4.560568389328128802e+00,-2.894258766601609079e+00
4.679733672326605642e+00,-3.012983034867727561e+00
4.783324354289738345e+00,-2.993586594766205700e+00
4.970407506991126212e+00,-3.299755526585096188e+00
4.368365513309790948e+00,-3.607487602999988496e+00
3.800197314686077910e+00,-3.307127990838915732e+00
3.782421500135460413e+00,-3.313375061388129872e+00
3.276262972403902740e+00,-2.932729500479009488e+00
2.785047935068624358e+00,-2.774494254283306205e+00
4.083167978877365378e+00,-3.697771696025423438e+00
3.161977319699889932e+00,-3.277249312881309162e+00
2.842058195206096816e+00,-2.883487840786417955e+00
3.507182477209518368e+00,-3.605736766787372538e+00
5.630561814634067019e+00,-5.720689738595699403e+00
4.102222516455100276e+00,-4.515235586747138541e+00
4.037007282457976132e+00,-2.890616174452943277e+00
3.453323656649611273e+00,-2.965295229572058489e+00
3.640772466502276927e+00,-1.761029577774698929e+00
2.673974168673782792e+00,-6.194006357662276141e-01
3.986533981454424058e+00,-2.857906671724269820e+00
2.495432046620036370e+00,-8.423107691036895162e-01
2.524570735245193820e+00,-9.275727376060396434e-01
4.339874297802135850e+00,-2.920982093409937086e+00
3.112939753730243453e+00,-1.247111938002072762e+00
4.424208647532109850e+00,2.796746031449189651e+00
1.569060209492848745e+00,3.329725926337617992e+00
4.418512594249341952e+00,-5.509066663159667421e+00
4.469459664206392624e+00,-3.163359562649705747e+00
4.338312093112718593e+00,-1.306059857004021385e+00
7.487490863490370074e+00,-2.788958208583558473e+00
9.691870733988000808e+00,-5.087937453807762189e+00
8.019088506194346877e+00,-9.170432963188440922e+00
3.245900985880586731e+00,-8.293814818432030833e+00
3.318957461138730913e+00,-8.352009517754787282e+00
1.156195583007014971e+00,-1.048942167618786669e+01
4.060140093881899226e+00,-1.215917674031292961e+01
2.341361965322398486e+00,3.904171788278368638e+00
5.545278492586101393e+00,-9.315601831550857526e+00
3.365852299731795672e+00,-4.389807896554151156e+00
8.642286815947066714e-01,-4.853205081527408815e+00
-4.880699752548408044e-01,-4.171227776547121735e+00
-2.648245381142893429e+00,-3.859332510454611231e+00
-3.260186234737166622e+00,-2.407682989560886888e+00
-1.072558463252111460e+00,-8.986160841341095384e-02
9.823471028693683271e-01,-4.102965755541889692e-01
3.842243969936379067e+00,-1.806539895181591415e-01
3.096300751459007294e+00,1.655070202261982537e+00
3.350155437021556271e+00,1.167274714811803227e+00
3.510950449724677291e+00,2.749162437841822904e+00
4.047004763183880804e+00,2.908177509719752418e+00
4.764692850584705042e+00,2.087026636689866432e+00
4.805796090877459292e+00,2.866132810634312023e+00
4.469310789765668979e+00,3.753932815755769870e+00
7.291581467749771228e+00,3.208991929939809307e+00
6.259553957752245879e+00,2.544265949831109541e+00
4.862880768381769414e+00,6.733828720387508016e-01
3.784523506440359064e+00,8.354034546232755876e-01
2.272217932225237824e+00,2.246211569575309319e+00
3.461183246957632687e+00,1.540223179874451453e-01
2.362022981041836722e+00,1.386538096927849573e+00
3.831219337143704884e+00,-6.139085266248105466e-01
3.868550939275376521e+00,1.306861167407344926e-01
3.810089058652931016e+00,2.579004247600606980e-01
4.429500510045647488e+00,-2.354327418565977936e+00
7.015720641309354910e+00,-4.686841305878127528e+00
6.672303291353880006e+00,-8.421461388321585417e+00
5.413946002572538774e+00,-4.096390078802921941e+00
6.954391640803015306e+00,-4.542106004466479163e+00
6.524715317939067560e+00,-5.708960312599820064e+00
4.045779743124515271e+00,1.220243327509340503e-01
6.669881883181292714e+00,-7.195373883127367698e+00
4.038584742090439939e+00,-3.484501090892875741e+00
7.441164507372604930e+00,-6.897130561420694583e+00
7.298555815110615796e+00,-8.136864708221516196e+00
5.418106633823035700e+00,-9.291710494310100543e+00
5.350427373797143282e+00,-9.421926804961481494e+00
3.591175469352791083e+00,-1.093507163380781577e+01
1.397229844211500538e+00,-5.826908821865766086e+00
1.390667189039039853e+00,-2.840650903674137417e+00
-5.157778183294590146e-01,-2.446318991890001904e+00
4.722105861328018683e+00,4.150393228467463835e-02
-3.736326174492867747e-01,-2.973662946995139222e+00
1.891657790028392627e-01,-2.562223852505354671e+00
6.401335871884523687e-01,-3.488843678995932063e-01
3.129320704053054070e-01,2.933068102908994446e-01
-8.524449208583506632e-02,1.702887475595784794e+00
1.063248554457412176e+00,3.069446477901593084e+00
1.951454705713447257e+00,4.008799469069480814e+00
2.431887055786444041e+00,4.459403461145925007e+00
2.365923437031377308e+00,4.775075344327992966e+00
2.374187220626938988e+00,5.065776890553478573e+00
4.146129366876131428e+00,-3.522259436335687166e+00
4.596048433864861060e+00,3.574696727549758979e+00
5.303142690780081381e+00,2.875020886645507812e+00
5.371330269815680403e+00,-3.514725942349304688e+00
4.413845786601831911e+00,-2.132506157424406190e+00
6.913495141163490842e+00,-1.021812526305355995e+01
6.169106374687283179e+00,-9.288309099311005568e+00
6.147642188333295010e+00,-9.761794081746627327e+00
8.326609290067283453e+00,-1.200299267620967392e+01
7.936876782369743921e+00,-1.256163528150009867e+01
7.850470210845563734e+00,-1.576664683112677423e+01
7.854190993327263115e+00,-1.522303159559005437e+01
7.748012820430034253e+00,-1.388625467015345194e+01
7.484619263910599507e+00,-1.339441216747732710e+01
6.773442517307891819e+00,-1.302320628606653230e+01
5.716552330003617399e+00,-1.101784398382905650e+01
5.293460562086528931e+00,-9.429733549132119919e+00
5.612975479386605571e+00,-7.853328148913343298e+00
5.447891134371863231e+00,-8.313886703294974367e+00
5.307551586102738028e+00,-7.026204150291278872e+00
5.635521452616228721e+00,-6.250130231696576999e+00
4.627101516362773559e+00,-6.228978146024168439e+00
4.408345898914691752e+00,-6.978740334239588172e+00
4.746263616619929238e+00,-9.044954150826159278e+00
5.689187718653160530e+00,-8.052990572365809285e+00
5.287725096627524657e+00,-7.273976225395021089e+00
5.349653607006294109e+00,-7.304726353385663451e+00
5.069567249848393686e+00,-7.996644820533491682e+00
6.981795658664525561e+00,-8.733585659671227575e+00
5.317871304894491225e+00,-9.146070255645543767e+00
5.354995925969575410e+00,-9.381321634223553474e+00
5.715762616233338811e+00,-1.045183008841478234e+01
7.245847450516786026e+00,-1.078510830496830764e+01
6.784459475024029018e+00,-8.808862243660776414e+00
6.022021837754863327e+00,-8.278865127612593966e+00
5.871643718235009857e+00,-7.616035673296327246e+00
4.980434502174782452e+00,-7.087674715946552517e+00
5.381342041480737137e+00,-7.722906117979162488e+00
5.969142668484399117e+00,-7.390349192424739755e+00
8.194110159302654850e+00,-1.006647940330810087e+01
7.665348861891286170e+00,-7.515522323358707624e+00
7.923350789903173208e+00,-7.269581717335150017e+00
7.661886798021909861e+00,-5.909544098310473004e+00
6.519979056293997211e+00,-4.833835227926483569e+00
7.659663273490504132e+00,-4.859564959616649915e+00
7.520399080855026064e+00,-5.729368053765787394e+00
7.127683028720293912e+00,-6.527593806859280257e+00
6.550395196807537346e+00,-1.043545216774644224e+01
5.620995095506389205e+00,-1.254769199154015169e+01
6.330911906626514707e+00,-1.212213832413557135e+01
8.236319350202851552e+00,-1.078568201182300612e+01
7.100645106339927182e+00,-1.258255402828547709e+01
6.417073956471186058e+00,-1.262516414700704814e+01
5.275193459804223828e+00,-1.283352550607492937e+01
5.013802905233925244e+00,-1.413467217053926106e+01
5.951577290767349204e+00,-1.530032359245604034e+01
6.781121195687177305e+00,-1.562492687250791512e+01
5.058200927007779235e+00,-1.433568416836233439e+01
5.771920993457142046e+00,-1.511369135711901990e+01
6.127070752593976266e+00,-1.524365508205664810e+01
4.885940642252306176e+00,-1.555180779726196683e+01
8.076441621193707121e+00,-1.054142556427471078e+01
6.041845707425848033e+00,-1.600975616896843690e+01
4.402115821644597027e+00,-1.536539170402670251e+01
3.293404037148716768e+00,-1.377950201010626863e+01
4.052890205872261120e+00,-1.510799373961192771e+01
5.294922369328149081e+00,-1.624848887161430611e+01
7.302908586177323969e+00,-1.581234640579574346e+01
9.101258932452861217e+00,-1.562486760388682683e+01
9.919873208934882669e+00,-1.459784169099287965e+01
1.132659652227035352e+01,-1.290703976167070266e+01
1.114158031594072540e+01,-1.190285242727480686e+01
7.377509037349583743e+00,-7.139227090621354854e+00
9.953900023482486148e+00,-1.079262363191849872e+01
8.615479582336703857e+00,-1.005076807951315487e+01
4.718183212088296941e+00,-6.874694170034523211e+00
4.745473791131431085e+00,-7.664794300818253525e+00
6.399236725221008726e+00,-4.468562290958638883e+00
7.454444718228760536e+00,-5.389673508523424417e+00
1.020245914169622736e+01,-4.098950099767360022e+00
9.483496777784907295e+00,-3.092442950932497325e+00
9.486929584369706348e+00,-3.833868867426231564e+00
1.017742218061438386e+01,-3.823379072602153705e+00
1.030140980909759740e+01,-2.196480778806551459e+00
9.423393348265554081e+00,-1.797480648118672697e+00
1.039071132049402024e+01,-9.363554141405487918e-01
1.100566352359069278e+01,-8.779492102556953892e-01
1.093371476126899111e+01,6.059148100843972928e-01
9.251232357518013316e+00,-9.730839567536705426e-01
7.193403777281862865e+00,-6.138503918233974233e+00
8.923577012957711219e+00,-1.932718842312984853e-01
1.054845909754495992e+01,-7.471797013038687929e-01
1.123126074174587430e+01,1.263438865810848633e-01
9.590567695195929332e+00,-2.036628144536890339e+00
7.841729960953062850e+00,-6.066107625332637365e-01
6.592798197306431796e+00,-9.358534374565447012e-01
7.757088294433229336e+00,-4.440202187941667544e-01
9.939129067808487150e+00,-2.772614341274014294e+00
7.916103746718509804e+00,-1.921894817554041790e+00
7.834703623416485740e+00,-9.641360471846804892e-02
8.367821621556110756e+00,-5.928363527600299498e+00
8.791163119342904508e+00,-1.076676961281257894e+00
9.778092157244262950e+00,-1.390941567461214889e+00
8.520625355568846260e+00,-2.119245153007877747e+00
8.302827471217710809e+00,-3.127539955125084425e+00
6.886795315622018521e+00,-1.986914344221696105e+00
7.640571833003863667e+00,-9.757034312963090983e-01
6.179105627101082909e+00,-1.093941710311555404e+00
5.842969771539449297e+00,-2.038082496733329974e-01
7.793445280930116681e+00,-4.755798174590520899e-01
7.798642434836587256e+00,-1.183066802282146224e+00
8.626690404831686365e+00,-5.532197794798451973e+00
7.327505778404295178e+00,-1.579255257359268860e+00
7.756304526769828733e+00,-3.312059489360815512e+00
8.293018664998974998e+00,-2.309280263565673064e+00
8.987520165622168378e+00,-2.400840193329738526e+00
7.966152137370052344e+00,-1.452689889545500712e+00
6.958454912011076132e+00,-1.197634306168193774e+00
6.845351804938825779e+00,-7.989703755675325869e-01
7.018829480830727441e+00,-9.135349903352305567e-01
7.105357481008709009e+00,-7.784341476113421088e-01
7.797624286065616417e+00,2.484877234297248050e-01
8.360502672612781794e+00,-5.102129723370207870e+00
8.388524152912056664e+00,-1.764558616946549918e-01
9.004581036950144224e+00,-1.088349609774952098e+00
9.094204574487193327e+00,-1.399133240676612377e+00
8.371556970046928114e+00,-2.789751894098601248e+00
8.676460888425244988e+00,-3.809104161336795080e+00
8.105346261288689291e+00,-3.890510407414502936e+00
6.611543752454629441e+00,-1.443399488395014751e+00
8.258554181988799314e+00,-1.588854266794548220e+00
8.364637834300545194e+00,-3.167372881613992774e+00
7.707912214494053948e+00,-2.408636769148460921e+00
1.022835896105437214e+01,-4.311337476739335983e+00
9.139350901814053074e+00,-3.891551008515268251e+00
9.537167366452433015e+00,-5.334326520373842584e+00
7.253741252906866777e+00,-2.810169700173318574e+00
7.422438716342808718e+00,-1.548053690719868758e+00
5.818835029884642296e+00,6.114344452376970773e-01
7.215715109300321117e+00,-2.091054574406820077e+00
6.759325227711237005e+00,-4.419549951838895652e+00
7.911013644681071710e+00,-5.889512928772322908e+00
8.050077652598769617e+00,-5.597835567213744312e+00
8.587683482792460410e+00,-7.419165370170659912e+00
1.069638872726931744e+01,-3.848690300217183946e+00
7.065046891579455313e+00,-6.300856568503204969e+00
5.511114113803029291e+00,-3.313459026488017489e+00
1.038297105861527569e+01,-3.594843528793923326e+00
9.787734687792505994e+00,-4.031070123012080231e+00
7.857310195767741590e+00,-8.890162001587071927e+00
7.631639874440931948e+00,-1.013489405226507323e+01
9.856208338921476297e+00,-1.410312601559381029e+01
9.796500854439649686e+00,-1.174308711189739718e+01
1.050512050420871724e+01,-8.627286194348087633e+00
1.062620165780331760e+01,-1.024073078923096247e+01
1.085521327449849061e+01,-1.165401854373493862e+01
1.085056117422863231e+01,-1.164848791347220214e+01
8.805396940630213720e+00,-8.994672294934552781e+00
6.172436933073313980e+00,-9.598023259472487467e+00
6.842536883089735511e+00,-9.347020856374506081e+00
6.599232623079990034e+00,-1.138937591990155163e+01
7.544589057703917412e+00,-1.047005897742230118e+01
3.021812677492281995e+00,-1.061107115266607792e+01
6.811383306716765063e-01,-8.983808490843514960e+00
9.873039769652587339e-01,-7.127979516630222001e+00
4.075021182491696869e+00,-7.823640174928167212e+00
3.587969286911864675e+00,-6.436846287924973709e+00
1.534167792791743423e+00,-5.847740339375529395e+00
5.888872879015867312e-01,-6.905553056543112689e+00
1.314618361644276590e+00,-8.362636143198791672e+00
2.894562006391614428e+00,-8.680961255588336201e+00
3.518430984738498246e+00,-8.619780403760461951e+00
7.705096790655296957e+00,-1.032631399112288939e+01
4.111073434385107639e+00,-9.493252612525154177e+00
4.367489171855898356e+00,-9.554318749877573680e+00
4.963958703258589900e+00,-1.092437519785279854e+01
5.142744688070354897e+00,-1.083878093569054357e+01
4.201167904113061624e+00,-9.774553725089207390e+00
4.262650991664173716e+00,-9.985905763934312063e+00
5.019477521837251821e+00,-8.595965914260471408e+00
5.969824890610220258e+00,-7.034954778299427502e+00
5.869778944419074662e+00,-7.531036312612251038e+00
4.566854014194969835e+00,-7.020545039260887243e+00
7.953276326827397824e+00,-1.207732059170978189e+01
3.608378023585265382e+00,-6.606908117935233804e+00
3.635697495271927870e+00,-4.495463651271346173e+00
2.782390397306833130e+00,-4.243871158940823562e+00
2.728286859047376112e+00,-3.862817402085868324e+00
4.199578761527711812e+00,-4.781014768060134479e-01
4.356882296666399590e+00,-1.850803738532376563e+00
2.700742005620171859e+00,-2.460234056844867290e+00
7.112367164272349385e+00,-4.863942834973721929e+00
6.840120180976982489e+00,-7.587264504744017479e+00
3.544587936987252608e+00,-8.973006411666428761e+00
7.927116694503001604e+00,-1.489491449593827532e+01
6.434590318747422266e+00,-1.000727115834440895e+01
5.912566396391427226e+00,-1.042857008581783340e+01
8.543690890022665130e+00,-1.123331129148712648e+01
1.022978066425678989e+01,-1.355875307135006302e+01
9.263437258877667446e+00,-1.400780552132522061e+01
6.539198451934275624e+00,-1.683616220043501954e+01
3.495414236785448381e+00,-1.435220999314864621e+01
2.486913912647122693e+00,-1.576296867660036227e+01
1.614069829325215366e+00,-1.226015600641073533e+01
1.779496854160373509e+00,-1.216913439804508990e+01
9.101590079002644273e+00,-1.557181132844076643e+01
4.383662898911548922e-01,-1.323604089289132801e+01
-2.168328345917896360e+00,-1.453566437092935004e+01
-2.428637240948997800e+00,-1.354783063148042288e+01
2.919476687723276953e-02,-1.382409573400768821e+01
9.527335901004980734e-01,-1.211134342825886634e+01
2.663689957757010784e+00,-1.084563719135248583e+01
3.775181137066593529e+00,-1.016717195305515986e+01
7.305789546120810662e+00,-1.038280155528307702e+01
9.435748924635605661e+00,-1.108448868444273749e+01
9.276410993656337922e+00,-1.116087223921395122e+01
7.204394543649925708e+00,-1.471014603617193117e+01
8.604387191120222766e+00,-8.876930433851764946e+00
8.256380101322681853e+00,-7.834386133401155305e+00
9.110517107144623594e+00,-1.468757444583739513e+01
1.088849847559723116e+01,-1.421469487492213446e+01
7.277460940292158398e+00,6.976187291320730122e-01
5.698765729775386646e+00,1.645873696526223284e-02
5.925449186281951164e+00,-4.493130698621685681e+00
2.316128692293725422e+00,-3.183489571962636155e+00
3.000038994845847906e+00,-1.090044574866919413e+00
5.659353308596256404e+00,-2.700679675573995020e+00
5.607170140462833352e+00,-5.035185787873396990e+00
2.621329491829766933e+00,-5.191833662975419372e+00
4.755911861430775822e+00,-6.086485565437133261e+00
5.912625654126397734e+00,-6.774587671826763469e+00
1.945026641251009103e+00,-8.963460403241420238e+00
3.580223042924362886e+00,-4.326835903536932371e+00
6.151663636022181691e+00,1.137178739208682066e+00
1.712982133341822477e+00,-5.311199774506314419e+00
5.142716319848883444e+00,-4.872174226677099540e+00
2.219060891989693918e+00,-7.431731448337060009e-01
-8.452941298456091435e-01,-1.656447795371945197e+00
-7.711371703408071987e-01,-1.892801458725719810e+00
3.732436698933958574e-01,-1.299002918722045097e+00
1.636291530992044718e+00,-8.365214565978773553e-01
5.202489062706938228e+00,-1.674085671135664644e+00
5.256151657114213727e+00,-1.223709812594913071e+00
7.195103101065372542e+00,-4.327066115719353512e-01
4.936579653704238346e+00,6.416342252305404781e-01
5.793635614658635191e+00,7.617899086308526080e-01
3.905251040512920824e+00,2.690707361076198900e+00
3.714635861658775795e+00,1.929755949065964593e+00
3.161460496025102707e+00,1.923053887958255936e+00
5.364555388701683469e+00,4.794701908337541951e-01
7.893926464097978268e+00,-6.424267554730711538e-02
6.572960581388385570e+00,-1.202464216155049170e+00
4.665160606530783127e+00,-2.181081262111506991e+00
4.609316818778925295e+00,8.793585867268416401e-02
3.980429241678005603e+00,1.450793013659844366e+00
4.756495491526407271e+00,-3.862555263205258438e-01
4.085610197111918751e+00,1.571023096353884041e+00
4.768687009030116108e+00,2.783819907978057895e-02
3.289236474530496057e+00,-1.138349595304342543e+00
2.118272706535135441e+00,-2.632858309221548065e+00
5.435128967225204555e+00,-5.238758748818287181e+00
5.332857767267642934e+00,-5.458523273731988645e+00
6.002543952605065014e-01,-2.855557829401247361e+00
3.047294056198289081e+00,-2.962074053163764376e+00
2.967838370062836795e+00,-2.135537217970411739e+00
4.255529465432605463e+00,-1.157848730150611516e+00
2.886139579561122215e+00,2.428949127484917314e-01
5.434482163342884142e+00,-2.461595126255735622e+00
5.176176205922368823e+00,-2.030526614330798285e+00
7.906128161193469062e+00,-5.212708509701444726e-01
4.575066546631029851e+00,-4.865211363800288957e+00
3.606588346593057715e+00,-5.157903861213572583e+00
5.522397123938380226e+00,-8.447786250760387361e+00
4.063708957013349554e+00,-7.360952881741523512e+00
1.071192255083835754e+00,-4.767557210527112233e+00
1.272924236073077253e+00,-8.278600479369917498e-01
-1.624579741095137031e+00,-1.108636951474797794e+00
2.197673994840629863e+00,-1.723681480685373968e+00
-5.881074517432050008e-01,-2.035930349843002585e+00
-8.672406048255184574e-01,-2.049883783231310375e+00
1.198987764567733816e+00,-9.070495887305461968e-01
2.410477390327485203e+00,6.072251110984994149e-01
3.745462640710114144e+00,2.640738204874639727e+00
4.297286425121575881e+00,1.926622780049263017e+00
5.527675755230170296e+00,3.455314950933303653e+00
4.743340740509000675e+00,3.473275937407284353e+00
4.012445423183255144e+00,2.905124550973380515e+00
4.458487302489126058e+00,3.588554252582418336e+00
2.118650015417515853e+00,-1.356868627358935431e+00
6.698110489389822675e+00,2.483130546527243965e+00
7.016541206965244193e+00,1.225209025369347948e+00
4.711407554741695591e+00,-4.435137873330226910e+00
6.764123531342083773e+00,-4.022798320168058162e+00
1.106398238667706835e+01,-1.312081889474000107e+01
1.324504383898015369e+01,-1.489114556991228788e+01
8.009741839523499607e+00,-8.648222622595769238e+00
7.008090322881791678e+00,-1.066194206263931932e+01
8.073077614882812725e+00,-1.166823618709888422e+01
8.261631649658339072e+00,-1.400255455970433438e+01
9.089539282706166290e+00,-1.384259344853139062e+01
9.149732120294739701e+00,-1.387481288782788269e+01
1.052575663377949589e+01,-1.473003113335163050e+01
1.106439449323418245e+01,-1.552108650889116603e+01
1.112933229319634876e+01,-1.533360427546330129e+01
9.059175975571434947e+00,-1.380268078107074103e+01
1.243055466863196656e+01,-1.671441503515072569e+01
7.980237905195701309e+00,-1.390425937876554485e+01
7.474494368623412655e+00,-1.386577056376355266e+01
7.525264522649148802e+00,-1.280806182793852521e+01
8.930895740991966036e+00,-1.376978980656168972e+01
1.024940948552479014e+01,-1.461407849182921481e+01
9.934645363652272465e+00,-1.393109872040543706e+01
1.047023090261663825e+01,-1.398725205339235522e+01
1.009926615857221321e+01,-1.479672264576998764e+01
1.025023370220281294e+01,-1.614483492887388394e+01
9.767422607592205708e+00,-1.545517702482019295e+01
1.271677516503008221e+01,-1.356506734684136006e+01
9.207661460343626203e+00,-1.706433444998770099e+01
9.274673794542522387e+00,-1.520411870957886080e+01
1.065633913417527268e+01,-1.328873588801670458e+01
1.026130610496418960e+01,-1.313255414847485625e+01
1.029370720011802831e+01,-1.345219243771921214e+01
1.124143290689503161e+01,-1.242674831752106179e+01
1.184029120662697387e+01,-1.329006322077677282e+01
1.134507524897165709e+01,-1.162913216215879331e+01
1.144454056925404117e+01,-1.176772673658473423e+01
1.106975174136970708e+01,-1.262601616627914680e+01
1.136292845940501550e+01,-8.284324119144827137e+00
9.667348729825565812e+00,-1.146638697245507998e+01
8.020378824795832529e+00,-1.142186433306003401e+01
8.649807888357308627e+00,-1.145295045170076698e+01
7.923119588922904022e+00,-1.059634724461288258e+01
5.973416619195081267e+00,-8.770754626525658182e+00
5.815435338730516435e+00,-9.802688164786584224e+00
6.270724616877592972e+00,-1.124380096565461962e+01
6.173558700417931533e+00,-1.135258235370113766e+01
5.631236036656268595e+00,-1.176588213067014443e+01
3.651349218511125372e+00,-1.381156233673714517e+01
7.660288520482751551e+00,-8.846221451529897806e+00
2.658078456291356861e+00,-1.407873974340973788e+01
1.817479614374291952e+00,-1.360106781320891400e+01
1.626162483506443213e+00,-1.325669569024236161e+01
2.058873108976416511e+00,-1.210715225634998404e+01
2.031458963933066908e+00,-1.100863860072876754e+01
1.175656294377853683e+00,-1.070828477550594116e+01
-4.060969648836545431e-01,-1.069658401549544102e+01
-1.178900502416684759e+00,-1.173322848861930012e+01
-1.826364879999067270e+00,-1.230571079991983474e+01
-5.646428217903061153e-01,-1.314470408699581405e+01
5.830051175415248643e+00,-1.129690827372547801e+01
1.994537254096435230e+00,-1.199890943020205825e+01
1.058207122622125462e+00,-1.329397887997423133e+01
1.591825796924054348e+00,-1.156299973605906928e+01
-1.003460931779132981e+00,-9.546570676539925415e+00
9.503938089980581427e-01,-7.178389221423588040e+00
4.526176147832286500e-02,-8.341095243297290907e+00
4.835173257996718821e-01,-8.204630965998045866e+00
2.646204173957093175e+00,-1.071075745215788011e+01
3.784322627682777274e+00,-1.465655200668367186e+01
5.737740428653237856e+00,-1.272991281952178610e+01
4.389130473738124039e+00,-1.032690142858672111e+01
6.726430708682585191e+00,-1.009934010678792582e+01
8.562828204835952306e+00,-1.022714985335132809e+01
5.307360959211421481e+00,-1.179082740116823658e+01
6.425861490369348061e+00,-9.906350681342054543e+00
2.764073107087512859e+00,-3.926171575264358005e+00
1.352999494790408264e+00,-1.795438166284794690e+00
2.290072019914305201e+00,-5.529752820940373681e+00
5.524844291043510935e+00,-4.453654769911764788e+00
6.224174765188084102e+00,-8.529129101323505324e+00
7.056559419263402688e+00,-4.818978073377671478e+00
9.669019658965670061e+00,-2.496196514409346534e+00
8.208350191809699936e+00,-6.844749032756261897e+00
6.403507854407402000e+00,-8.484010130947634565e+00
4.279887626878534412e+00,-8.630933978330848078e+00
9.186292733494422436e+00,-1.002937421802755225e+01
6.557939028386356561e+00,-7.835670756294592643e+00
2.723044868099672833e+00,-2.763276802901660556e+00
5.972323891235888915e+00,-1.127290151946316854e+01
5.443131424709967803e+00,-5.937093800812264455e+00
4.016143595136788313e+00,-7.559508940083331296e+00
8.641776331409325440e-01,-3.285592539951267543e+00
1.721710135101631511e+00,-2.782750226615017475e+00
-1.110126661227968548e+00,-9.063318076110400412e-01
-2.616317772529486607e+00,1.285094675375150652e+00
-1.409375906826412894e+00,2.926544980426915465e+00
2.280285742528578297e-01,1.392612772156349932e+00
-9.330178701485092319e-02,-4.436093500025223291e-01
1.505910196591923933e+00,-1.594838465893519963e+00
1.575609297682771803e-01,-9.774832067617297282e-01
1.375966483358137538e+00,-2.037462152337903731e+00
3.078367975472067197e+00,-1.970547257904244010e+00
2.450189988646732431e+00,-2.259320461007649605e+00
1.929014387379161199e+00,-3.697825914541261305e+00
2.755936168691275334e+00,-3.103444995488325198e+00
1.789092291179656513e+00,-1.817090316582836707e+00
5.165909323192908742e-01,-2.341188590049648077e+00
1.340685379073175643e+00,-4.148053693202443881e+00
3.473102775179977897e+00,-5.329520592602943196e+00
3.251136786126607170e+00,-3.773137265648070837e+00
5.079302272440554766e+00,-4.206112330300729063e+00
5.510149283201436710e+00,-4.704709561790463290e+00
5.081023470144256926e+00,-4.593287006812517781e+00
5.320030605242958011e+00,-6.751944355592696567e+00
6.092906299308703311e+00,-5.674395785953526783e+00
5.510303869326633297e+00,-3.877871143578135005e+00
9.628331568267153528e+00,-3.467950999527129152e+00
1.023531461021263311e+01,-6.419857035115791533e+00
8.849195201820178269e+00,-8.295874837545843761e+00
7.207037386066793339e+00,-9.338090694716729701e+00
3.406835156697766820e+00,-6.026383925050687651e+00
9.380870791590274038e+00,-7.384421358078050446e+00
7.955824047043991598e+00,-7.317893699084749848e+00
4.119078977489763815e+00,-3.393108087550319230e+00
3.776027978936226770e+00,-4.198035697123205345e+00
4.979807361669971399e+00,-4.103556187231801822e+00
5.676250322620331801e+00,-5.117609710615953489e+00
2.741731169573661475e+00,-4.847549609738108778e+00
1.342819858163724289e+00,-6.517166479979520588e+00
2.576321825821574762e+00,-5.009073604393091017e+00
-2.617457395721483060e-01,-3.724036792393090600e+00
4.310130516434245607e+00,-3.412697458935470607e+00
2.805823822113717725e-02,-4.560649833830071387e+00
5.595596700208170793e-01,-1.711257037350634613e+00
-1.185972749208336285e+00,-2.339257412892805199e+00
-8.321778409567472945e-01,-3.696485562480040787e-01
-5.014127145468538771e-02,-1.867311569686441741e+00
1.854991685230412468e+00,-3.317664881704383006e-01
1.866661943738241236e+00,1.266543574686457507e+00
2.470119605078242131e+00,-1.846789330241822569e-01
4.151498354475977592e+00,-2.621292476004571714e+00
5.218413212290709424e+00,-5.372529517527363296e+00
4.585702115065767082e+00,-1.601024561427933257e+00
3.975408793597944968e+00,-2.598486002698233932e+00
2.727516240775303302e+00,-4.065373729501500222e+00
6.980192386650801772e+00,-4.491645920696067940e+00
4.387819352601828982e+00,-5.484016158467831303e+00
5.045426436998007524e+00,7.245246327859329316e-01
5.331828771437537640e+00,-2.091053177475618252e+00
4.454460706127528091e+00,-4.235418422320904597e+00
4.021135398371376901e+00,-1.673868631869404044e+00
6.199218448634558953e+00,-1.607903424288084082e-01
7.050047280908508185e+00,-3.582978442438382594e-01
5.771988675717246942e+00,-4.528797355065315777e+00
4.978260818910015040e+00,-2.468219874614044684e+00
1.114675455527265102e+00,-2.980107431156935327e+00
3.912309830414111289e+00,-1.418943436884948062e+00
4.642950817113130846e+00,-7.107914015275165198e+00
3.528892218169297657e+00,-7.079090664693193702e+00
5.395860212521437660e+00,2.073371849416907331e-01
6.634934574359760973e+00,-7.861761001481023747e+00
6.439985439061077344e+00,-7.879550858272663660e+00
4.963686113571077030e+00,-3.790458087747390792e+00
2.416170623020375441e+00,-1.822272142930181360e+00
8.590666992549910175e-01,-1.610244584632421816e+00
-5.849426129115214978e-01,-3.100971665672992650e+00
3.608257359772133022e+00,-2.976077702443204132e+00
4.515386546859152972e+00,-9.650250642943185575e-01
6.053544806217151297e+00,-2.558766608920666652e+00
5.495731850769108640e+00,-1.425352838663759281e+00
5.727101553125135247e+00,-1.293579959436601756e+00
5.660361621042195424e+00,2.739840330972926896e-01
7.428124238453136741e+00,2.200061443601392774e+00
6.635389225127029889e+00,2.210237008406721770e+00
5.317997671800235082e+00,2.963995133589033770e+00
6.199934780854833960e+00,4.164794773222551427e+00
8.194645629116761754e+00,3.482183873939276086e+00
7.996767160583817535e+00,3.981695901692368533e+00
8.323754951205419417e+00,1.057123329934040346e+00
8.534053216300867106e+00,1.418927175935659424e+00
7.434035168378168912e+00,1.873893671666454486e+00
5.666552382263566834e+00,1.359576907357009645e-01
6.265858764536782033e+00,1.785648048175245695e+00
6.856853996549330255e+00,-1.192524503584630358e+00
6.106003535137904059e+00,-2.258326109873567411e+00
5.214571510139361266e+00,-2.177386585226757654e-01
4.550639780324987171e+00,2.446731376326479079e+00
6.283483963950929230e+00,1.004880122305554124e+00
6.047301870104448973e+00,-2.535324355203683488e+00
5.847878927225624857e+00,-1.974176612108472728e+00
5.026283815380630848e+00,2.906608634899833898e+00
3.990799657911542120e+00,-4.521749066713393606e-01
4.221813961197011800e+00,1.385796599014340824e+00
1.434403335529468526e+00,-1.922059426757298795e+00
8.391964727541033398e+00,-3.949164009034161760e-01
2.425776429263483358e+00,1.312323762975934560e+00
6.314973866578413642e+00,-9.209282144142827420e-01
5.131131130553373332e+00,-6.901215969499498115e+00
5.002366348724236467e+00,-4.184044418561822631e+00
3.777135155705172664e+00,-1.068292208802077781e+01
3.990195935528609184e+00,-6.731706165572708400e+00
2.250667181152802954e+00,-3.476129579818710624e+00
1.487058617870794075e+00,-8.055590809410752007e-01
4.267936951423202174e+00,1.364942344152441089e+00
2.530007516301188364e+00,-2.460655429518172177e+00
5.027551171053676882e+00,-1.587020543785473858e+00
3.452843724544372606e+00,-6.227443191328445593e-01
1.756339943763180589e+00,-9.347767246905230865e-01
1.815297908704101681e+00,1.061376257923172473e+00
2.609755829218369794e+00,2.087550849463327474e+00
4.764139117107821342e+00,3.717032298721985928e+00
6.444520164169646570e+00,3.051735289081918268e+00
5.537706306789615951e+00,3.528504077094120284e+00
5.402306895612063897e+00,3.422046906008791911e+00
6.190991503151642483e+00,-1.475048325316826059e+00
5.675654841473015466e+00,2.018233085476855315e+00
5.194969078229344284e+00,-6.183615352202065374e-01
8.259226489702227170e+00,-3.269221590177178172e+00
8.234666363000972211e+00,-3.840386739897839519e+00
9.153937687368218334e+00,-7.803088843322180779e+00
8.923345830982521321e+00,-9.928610711805944788e+00
-4.130497051873267544e-01,-9.311312003371570611e+00
1.655917550201839727e+00,-9.588704661330501366e+00
1.973903565984160835e+00,-9.714289965764777435e+00
2.388732677310838604e+00,-8.970062851897530720e+00
1.809625787860428492e+00,-8.487708263251640517e+00
2.396135496519365748e+00,-7.554301157443496173e+00
3.448414977916606450e+00,-7.008259012434070456e+00
4.144770583311957246e+00,-5.937806676628454738e+00
6.039631624098072749e+00,-6.125122685313112214e+00
7.533360908770335485e+00,-8.602256827624579216e+00
8.820411609770435035e+00,-9.677581025818756899e+00
6.753518366770406622e+00,-7.517484498239159763e+00
4.158620324915942135e+00,-7.264717570058530249e+00
3.324052742096539781e+00,-7.955440142837512774e+00
2.865427673966091771e+00,-6.611512617027401895e+00
3.772294814429409282e+00,-5.639487726851798222e+00
3.215908469156795846e+00,-4.885923116746825556e+00
3.542783847003566411e+00,-5.351594116619626362e+00
3.428792439704089645e+00,-5.400110556092020175e+00
4.394036138587571472e+00,-4.630240673475114477e+00
4.521955852403888088e+00,-5.144677026280845666e+00
6.282378576280129856e+00,-9.976189452632736376e+00
4.435891571898963548e+00,-5.335081238025333406e+00
4.757373313693980421e+00,-5.455808873987155749e+00
4.467772323207165996e+00,-6.755031691312217035e+00
4.634510253747345487e+00,-8.125084345134053976e+00
5.016011693889293355e+00,-7.396847032713917081e+00
4.871918603911332468e+00,-7.339978535777257562e+00
4.711337790184672691e+00,-7.662961451800807566e+00
4.026049528816532330e+00,-9.296186956972508852e+00
6.004161710261286089e+00,-1.336291951182159821e+01
3.313810104932507716e+00,-1.400961382660538490e+01
4.137172026683452408e+00,-1.003137007694519767e+01
2.965245597639460051e+00,-1.503013401988338416e+01
2.231079127103782866e+00,-1.512405466870512427e+01
2.171960807282457218e+00,-1.399096301795898611e+01
2.164044581803260314e+00,-1.156407351452873655e+01
2.094557074655226003e+00,-9.745794394644180514e+00
2.305787561942342911e+00,-8.354115371879583307e+00
2.132663368568048501e+00,-8.197554899598115341e+00
2.162104719146383580e+00,-6.704099193799931022e+00
3.845535180017271681e+00,-7.186340141598904552e+00
6.421800259288605872e+00,-8.740756050745988048e+00
4.272487051197709995e+00,-9.537896544036598812e+00
6.139611555394128395e+00,-9.020302022626069061e+00
6.945886975674422814e+00,-9.815666231599712077e+00
6.759644664737415098e+00,-9.396863045864101593e+00
7.325064050608845356e+00,-9.546575838447136420e+00
8.514956948712665508e+00,-9.109602511795605650e+00
7.768015513954029672e+00,-8.161684801079417184e+00
7.326942938857766485e+00,-9.090610764577098379e+00
7.178103890513200191e+00,-9.307625931919986328e+00
5.919163020269293085e+00,-1.065471215272829575e+01
4.043218831243812872e+00,-1.094794657722284370e+01
2.704362216750209491e+00,-8.801777303525472718e+00
3.822844233995894569e+00,-1.088124432912031203e+01
4.443338263549608591e+00,-1.117877862901024244e+01
4.816823003960688077e+00,-1.123836122057452691e+01
5.321407645214163651e+00,-1.161797910528159328e+01
6.122328433389191638e+00,-1.125856093507676547e+01
6.290421014234009789e+00,-1.111867258164711814e+01
7.293417845963377388e+00,-1.015806166104962038e+01
7.430743161754806536e+00,-1.064430205138840968e+01
8.472646802646041309e+00,-1.069172673689812036e+01
8.477757531948578062e+00,-9.502285906261443316e+00
1.183328222738579960e-01,-7.367000181262059577e+00
8.185677367191713572e+00,-8.004024906676082907e+00
9.195970030751359658e+00,-7.333367411224950061e+00
2.724693830815292372e-01,-8.147739414882089193e+00
-3.795108396516719829e-01,-8.211661877280208799e+00
1.213741040459525067e+01,-1.761940876258812949e+01
1.152672607448557685e+01,-1.757846591210327247e+01
7.204740900890637789e+00,-1.398869373109975811e+01
7.507720132880196573e+00,-1.415499414335516093e+01
7.076798023689272910e+00,-1.428046268149202902e+01
7.486300256839076184e+00,-1.402421919887173907e+01
8.127048956542996194e+00,-1.387576756875352935e+01
7.840831752680193389e+00,-1.310494743507371673e+01
7.588872265025513819e+00,-1.251529912664523003e+01
7.466787935546432387e+00,-1.228874234922043129e+01
6.884538974967524538e+00,-1.243099267854293188e+01
6.588763253317971191e+00,-1.379523554751623493e+01
9.962467172478845612e+00,-1.541663512593729202e+01
5.540519560688057510e+00,-1.465649902388922499e+01
4.807330280653279608e+00,-1.513900074636585913e+01
3.875592818771119052e+00,-1.478044918023868526e+01
4.060836563911975006e+00,-1.548118853817930685e+01
4.923301636275086324e+00,-1.511408427339788396e+01
5.434580080338916375e+00,-1.439147215778169731e+01
6.185087718739939788e+00,-1.387921965439538674e+01
6.503678959402177995e+00,-1.428356152590522221e+01
6.445508665521808567e+00,-1.349726686053920943e+01
7.010574860826137567e+00,-1.293179013568573765e+01
9.080700925566995707e+00,-1.475739477475718431e+01
7.155590178408153257e+00,-1.336037678708685306e+01
7.768020287742738006e+00,-1.303955969366040257e+01
8.055517072112323262e+00,-1.289138945441846396e+01
7.673419475502560871e+00,-1.197280048627587590e+01
8.843255208772321296e+00,-1.159570764427588507e+01
1.108660973608919598e+01,-1.296654895480420144e+01
1.120711922217247469e+01,-1.313183938555086883e+01
1.028428401388713453e+01,-1.362899458711554779e+01
9.830939005855618973e+00,-1.372295890074586566e+01
8.018557681873344833e+00,-1.475326699287248466e+01
7.171568348836384388e+00,-1.371583880038170555e+01
7.650086375665584804e+00,-1.403538822916653750e+01
7.940859424365657837e+00,-1.286627462754973550e+01
7.576969840589944383e+00,-1.188808434136821290e+01
6.775722412415420948e+00,-1.083244348741340524e+01
6.680208197498833655e+00,-1.085768475898638741e+01
6.790782169528740475e+00,-1.048535527969577075e+01
7.900121367279338891e+00,-1.188789902335362036e+01
8.178229606601126633e+00,-1.303730750328993437e+01
7.898061755391236005e+00,-1.360918049934167939e+01
6.944976569847499448e+00,-1.339580005847216526e+01
7.610986648338975868e+00,-1.382059497914212365e+01
6.135424370828317819e+00,-1.301994255419536017e+01
5.947232343700694202e+00,-1.260575306142481544e+01
5.774623148937861217e+00,-1.262918643866713353e+01
5.674561693828474418e+00,-1.301524516545179289e+01
5.107909610238600351e+00,-1.384090498074302289e+01
5.096645578701229695e+00,-1.494212984705720615e+01
5.705266663664585458e+00,-1.541885523442809358e+01
6.357531819260175077e+00,-1.667401958687484864e+01
6.843508823962812571e+00,-1.627219292717119004e+01
6.937834327125060874e+00,-1.623640315032428560e+01
6.383912993071392705e+00,-1.412231765553479690e+01
7.005068715436840066e+00,-1.596006246060376021e+01
6.901630835742073700e+00,-1.591778980114383479e+01
6.229357010154050300e+00,-1.654252415864629810e+01
7.084049759255707457e+00,-1.580363635518097354e+01
7.430892888868974033e+00,-1.561974425860574733e+01
8.803466449668926330e+00,-1.516705711109230137e+01
8.401130749978433343e+00,-1.493858303982371893e+01
9.327629956339396955e+00,-1.446805088266457773e+01
1.004944048735128881e+01,-1.511281339810618007e+01
1.121527832289638482e+01,-1.477826117354126012e+01
7.248276265543731611e+00,-1.334193144282910914e+01
9.215200952793891176e+00,-1.678928197408291112e+01
1.010293143922649151e+01,-1.831285565289681827e+01
6.565616176684979877e+00,-1.375734348394930429e+01
6.262837313485010604e+00,-1.355062431053992000e+01
6.845989005372084435e+00,-2.181687227738270174e+00
6.702357472263331672e+00,-1.514820618542795483e+00
7.014093913732018848e+00,-7.208256160142968660e+00
7.402531155207448421e+00,-6.227662259597408934e+00
5.212469923236947800e+00,-2.093918966485060817e+00
9.437632457596965452e+00,-4.297314507548475326e+00
3.901512553996427268e+00,-8.272613319857960335e+00
5.730688344410640234e+00,-9.706813794814106444e+00
6.056385600178223250e+00,-6.535510561906128224e+00
8.400275930945760194e+00,-9.837892361958937570e+00
1.227536460672114416e+01,-1.259135694343638967e+01
8.967198672233655188e+00,-6.305662749957077651e+00
4.591766912095836872e+00,4.740495934792310351e-01
4.565976241140159431e+00,-7.892777029758301310e+00
1.297794892089299212e+00,-8.549373014603212084e+00
1.438933503647696455e+00,-9.080394544063992157e+00
1.279336842754622339e+00,-7.077246135859565968e+00
3.206815809602164835e-03,-1.088056938422607445e+01
2.080790433732348177e+00,-8.611030539972297504e+00
3.454291792501929415e+00,-8.535127445882391584e+00
3.965083392999852130e+00,-8.762389446491901879e+00
5.567822259956042075e+00,-8.917477037316654531e+00
4.670506188527853375e+00,-6.194056824921503335e+00
5.571058990300313596e+00,-1.076075205340179863e+00
8.826724815755778719e-01,-3.792316762357118343e+00
2.037281073561526767e+00,-2.772977761602300362e+00
4.392960491247669630e+00,-3.792860276948024634e+00
5.361367492162140813e+00,-5.208384098182447630e+00
7.921796614858908292e+00,-5.058545944312232479e+00
7.883441568189191173e+00,-4.851309882378849636e+00
8.451665145062886353e+00,-4.127797781910055974e+00
3.136277496576772350e+00,-7.905151945020532978e+00
3.976201156377141999e+00,-4.127078353292112922e+00
6.353881087427850183e+00,-4.625854378818263335e+00
6.894366049847793221e+00,-3.919986236041322236e+00
6.787826114129627442e+00,-3.025302166008336791e+00
6.374386649795491522e+00,-2.442183066550441151e+00
3.218314874291034577e+00,-1.220322528743612800e+00
2.263700071434274763e-01,-3.833849683435968103e+00
3.068693930137107895e+00,-5.382653330068043473e+00
4.824058135662330216e+00,-6.120203029465883127e+00
6.257735623974857830e+00,-6.334903093283239528e+00
6.986430708243728027e+00,-4.692366263163574303e+00
4.520273108508493287e+00,-1.082315540828792777e+00
4.091716233608865494e+00,-3.866721322386869719e+00
6.676360972200732213e+00,-1.503910359822643983e+00
3.246281259691532473e+00,-6.350599030384193711e+00
5.537468101386219033e+00,-8.662224756557336036e+00
4.553519527663836719e+00,-8.894751858147980528e+00
5.532000787523492669e+00,-6.313785453558113048e+00
8.755838861687113450e+00,-3.531177637236106559e+00
9.115551184126536199e+00,-3.272711823648646767e+00
3.738925468629497928e+00,-6.255351508615072831e+00
3.757117250756817572e+00,-1.117310346999427395e+01
1.780411471338064988e+00,-1.031098114373997987e+01
5.214282746375713984e+00,-1.088987076727175207e+01
4.660930472958497717e+00,-3.731309414144670100e-01
7.164764511198537633e+00,-1.215217403771336535e+01
4.640206359371391365e+00,-8.625195920826719487e+00
6.681843257845109463e+00,-9.375226901458969309e+00
4.677158614613949439e+00,-9.095573783449093952e+00
4.578818990895092256e+00,-6.422894275853828994e+00
1.664739032027361842e+00,-4.330288614530918956e+00
9.742615200768198758e-01,-4.929298425159490904e+00
3.311168498368784796e+00,-4.863898282451872390e+00
4.300041556616731597e+00,-1.526880651689692003e+00
3.420229443629468236e+00,-4.397794441837149293e+00
8.258317872021253336e+00,-4.885844295808110083e+00
3.140650751498807569e+00,-4.078704967824227090e+00
4.015316870382726222e+00,-4.349421265069550735e+00
7.816927158721483693e+00,-5.110132979495977779e+00
8.581506222641824166e+00,-4.263735848533498185e+00
