4.275985434651374817e-02,-1.351337763480842113e-03
3.041672334074974060e-02,-6.090234965085983276e-03
4.322906583547592163e-02,-2.238630875945091248e-02
4.676562175154685974e-02,-3.026393987238407135e-02
3.178923949599266052e-02,-1.556281279772520065e-02
4.102388024330139160e-02,-1.653849892318248749e-02
4.461659118533134460e-02,-5.894171074032783508e-03
4.068424552679061890e-02,-2.353538293391466141e-03
5.361576378345489502e-02,-4.038936272263526917e-02
5.224125087261199951e-02,-9.387710131704807281e-03
6.008040904998779297e-02,-6.184799596667289734e-02
4.373414814472198486e-02,-7.654502522200345993e-03
5.730997398495674133e-02,-1.101199164986610413e-02
2.832886949181556702e-02,-4.538004286587238312e-03
7.717629522085189819e-02,-5.900843814015388489e-02
7.575855404138565063e-02,-4.937468096613883972e-02
3.100834041833877563e-02,-2.399664930999279022e-02
4.420683160424232483e-02,3.875464200973510742e-02
3.316473215818405151e-02,-2.202177233994007111e-02
6.172480434179306030e-02,-8.572289720177650452e-03
2.661134116351604462e-02,-2.076535858213901520e-02
3.352844342589378357e-02,-2.956247329711914062e-02
3.096936829388141632e-02,-2.633106894791126251e-02
7.663235813379287720e-02,-5.237103626132011414e-02
7.544059306383132935e-02,-6.577681005001068115e-02
4.251734539866447449e-02,-6.943564116954803467e-02
3.908806294202804565e-02,3.714630752801895142e-02
3.598409891128540039e-02,-2.502829022705554962e-02
5.378909781575202942e-02,-1.886928454041481018e-02
4.018370807170867920e-02,-2.998889423906803131e-02
4.953799024224281311e-02,-1.120552048087120056e-02
4.727968573570251465e-02,-3.184278681874275208e-02
2.809654735028743744e-02,-3.437602147459983826e-02
4.303162544965744019e-02,-7.748758047819137573e-02
5.013666301965713501e-02,-2.697874605655670166e-02
2.120435610413551331e-02,-3.036653064191341400e-02
7.123188674449920654e-02,-7.255876064300537109e-02
4.042736440896987915e-02,-3.516264632344245911e-02
5.715622007846832275e-02,-2.670445851981639862e-02
5.005704611539840698e-02,-1.416847296059131622e-02
4.082082957029342651e-02,-2.672378160059452057e-02
3.420514613389968872e-02,3.568807989358901978e-02
1.979486644268035889e-02,-3.909261524677276611e-02
5.313088744878768921e-02,-1.416379027068614960e-02
7.612467557191848755e-02,-4.520256444811820984e-02
4.258114472031593323e-02,-9.579887613654136658e-03
7.918024808168411255e-02,-5.877495557069778442e-02
7.305110991001129150e-02,-4.964637756347656250e-02
4.272927716374397278e-02,-2.095200121402740479e-02
5.705103278160095215e-02,-5.364636890590190887e-03
6.138810142874717712e-02,5.830236151814460754e-02
6.619219481945037842e-02,-6.375792622566223145e-02
6.033657491207122803e-02,-7.304303348064422607e-03
3.153942525386810303e-02,4.435187950730323792e-02
6.831819564104080200e-02,-5.225636437535285950e-02
6.018744036555290222e-02,-1.189968362450599670e-02
4.756513237953186035e-02,-1.766831986606121063e-02
6.585561484098434448e-02,-6.682862341403961182e-02
6.114243716001510620e-02,-5.520278215408325195e-02
3.185244277119636536e-02,3.344073519110679626e-02
3.739260509610176086e-02,-2.945106476545333862e-02
5.371088534593582153e-02,-7.500191032886505127e-02
3.432436287403106689e-02,-3.443944826722145081e-02
3.921708464622497559e-02,-3.035720251500606537e-02
4.450734332203865051e-02,-2.145884558558464050e-02
5.525196716189384460e-02,5.354443192481994629e-02
4.452682659029960632e-02,-1.866132952272891998e-02
4.680448025465011597e-02,-1.567063108086585999e-02
4.734186083078384399e-02,-3.236430510878562927e-02
4.466694220900535583e-02,-1.515752729028463364e-02
3.870837017893791199e-02,-2.271173149347305298e-02
4.151980206370353699e-02,-1.348897814750671387e-02
7.800707966089248657e-02,-5.735309794545173645e-02
4.447650164365768433e-02,-1.839871332049369812e-02
5.023273080587387085e-02,4.597449675202369690e-02
5.031972378492355347e-02,-2.579458244144916534e-02
4.683469608426094055e-02,-1.694329082965850830e-02
4.289058595895767212e-02,-3.305651992559432983e-02
4.859314113855361938e-02,-3.362070396542549133e-02
5.378323420882225037e-02,-1.468561869114637375e-02
4.673064872622489929e-02,-2.893327176570892334e-02
4.405671358108520508e-02,-1.396419852972030640e-02
4.537758976221084595e-02,-2.106132730841636658e-02
3.870029002428054810e-02,-1.775151118636131287e-02
7.597026228904724121e-02,-5.491845682263374329e-02
3.603256866335868835e-02,-1.492688432335853577e-02
1.182099618017673492e-02,-3.570077195763587952e-02
3.812200948596000671e-02,-1.312901359051465988e-02
4.140231758356094360e-02,2.087455941364169121e-03
1.849117502570152283e-02,-3.817616775631904602e-02
3.828075155615806580e-02,-1.182266324758529663e-02
3.897398337721824646e-02,-6.984471529722213745e-02
2.336899563670158386e-02,-3.281480446457862854e-02
4.924727231264114380e-02,-6.348414346575737000e-03
3.541537746787071228e-02,3.468162938952445984e-02
3.271003812551498413e-02,2.656648308038711548e-02
6.481208652257919312e-02,-6.510652601718902588e-02
5.060181394219398499e-02,-2.847459632903337479e-03
5.904874950647354126e-02,6.117844954133033752e-02
7.386111468076705933e-02,-6.343372911214828491e-02
4.840793088078498840e-02,1.974832266569137573e-03
4.820968583226203918e-02,6.186812371015548706e-02
3.436857461929321289e-02,-2.523518726229667664e-02
4.592034593224525452e-02,-1.149176526814699173e-02
4.354572668671607971e-02,-1.935103349387645721e-02
3.589366748929023743e-02,-2.453405410051345825e-02
3.907800093293190002e-02,-1.460668817162513733e-02
4.419198632240295410e-02,-2.316328324377536774e-02
3.297084569931030273e-02,-1.588029041886329651e-02
5.210922658443450928e-02,-6.432513240724802017e-03
3.885644674301147461e-02,-2.375627681612968445e-02
4.343918710947036743e-02,-1.139929983764886856e-02
3.445126116275787354e-02,-1.253054384142160416e-02
5.187158286571502686e-02,-2.033525332808494568e-02
5.466393008828163147e-02,-7.356576155871152878e-03
5.103388056159019470e-02,-3.637015074491500854e-02
4.550827294588088989e-02,-1.686664111912250519e-02
3.616009280085563660e-02,-1.131021697074174881e-02
4.441719129681587219e-02,5.330317839980125427e-02
3.202633932232856750e-02,-3.296140208840370178e-02
3.468057140707969666e-02,-2.806255966424942017e-02
4.791921004652976990e-02,-3.018926456570625305e-02
3.226682916283607483e-02,-2.981470152735710144e-02
4.115957021713256836e-02,-2.650558017194271088e-02
3.973813354969024658e-02,-7.667523343116044998e-03
3.130342066287994385e-02,-3.835590928792953491e-02
4.158459231257438660e-02,-3.019991330802440643e-02
3.533311188220977783e-02,-1.170665584504604340e-02
5.241313204169273376e-02,-1.582680456340312958e-02
3.601147979497909546e-02,-3.065957874059677124e-02
3.308492526412010193e-02,-2.948665060102939606e-02
3.535612672567367554e-02,-2.723424509167671204e-02
5.092384666204452515e-02,-3.303869441151618958e-02
3.151961043477058411e-02,-4.538505524396896362e-02
3.450479358434677124e-02,5.208606272935867310e-02
4.078153148293495178e-02,5.685854330658912659e-02
4.271245747804641724e-02,-1.624420098960399628e-02
4.890357702970504761e-02,5.484341457486152649e-02
4.204240068793296814e-02,-2.259880304336547852e-02
4.040218889713287354e-02,-1.562329009175300598e-02
3.910924866795539856e-02,3.494649007916450500e-02
2.749641053378582001e-02,-3.143711015582084656e-02
4.739397764205932617e-02,4.855795204639434814e-02
5.758777633309364319e-02,-7.627232372760772705e-02
5.794969946146011353e-02,-8.190009742975234985e-02
5.614786967635154724e-02,3.931089118123054504e-02
4.222198948264122009e-02,-1.142667885869741440e-02
3.922352939844131470e-02,-3.817123547196388245e-02
3.747241944074630737e-02,-2.120308764278888702e-02
2.906922250986099243e-02,-4.365827888250350952e-02
2.436540089547634125e-02,-3.053779713809490204e-02
3.426043689250946045e-02,5.239616706967353821e-02
4.062234610319137573e-02,-2.043636702001094818e-02
3.765514865517616272e-02,-2.620847336947917938e-02
4.077217355370521545e-02,-1.791221089661121368e-02
2.904812805354595184e-02,-3.636076301336288452e-02
2.365470118820667267e-02,-3.800898045301437378e-02
3.234677389264106750e-02,-1.754344440996646881e-02
2.774822153151035309e-02,-3.925746306777000427e-02
2.867111191153526306e-02,-2.547668293118476868e-02
4.188565909862518311e-02,-2.049526385962963104e-02
4.262596741318702698e-02,-2.957124449312686920e-02
4.466404765844345093e-02,-2.279392816126346588e-02
4.683183133602142334e-02,-6.270375102758407593e-02
2.501165121793746948e-02,-3.052627481520175934e-02
5.135428160429000854e-02,4.420369863510131836e-02
3.887427970767021179e-02,-2.383385971188545227e-02
3.388456255197525024e-02,-1.871249824762344360e-02
4.461976885795593262e-02,-1.330183260142803192e-02
4.418979212641716003e-02,-1.680702343583106995e-02
3.738634288311004639e-02,-2.720851823687553406e-02
4.905045032501220703e-02,-2.370730228722095490e-02
6.081943213939666748e-02,-6.182247027754783630e-02
4.776037484407424927e-02,4.556785523891448975e-02
4.566147923469543457e-02,-2.433372661471366882e-02
4.855769500136375427e-02,5.069123208522796631e-02
2.772211469709873199e-02,-3.533075749874114990e-02
4.001644253730773926e-02,-2.217040583491325378e-02
2.394325844943523407e-02,-2.855950593948364258e-02
2.007198520004749298e-02,-4.163352400064468384e-02
4.183678701519966125e-02,-2.350894175469875336e-02
2.210635691881179810e-02,-3.406074643135070801e-02
3.580586984753608704e-02,-4.231046885251998901e-02
5.535225570201873779e-02,-6.899132579565048218e-02
1.825936697423458099e-02,-4.267420992255210876e-02
3.769969567656517029e-02,-2.394756115972995758e-02
5.741403251886367798e-02,-7.677951455116271973e-02
5.035502836108207703e-02,-2.052729390561580658e-02
5.148747190833091736e-02,4.412303492426872253e-02
3.649491816759109497e-02,-1.751944981515407562e-02
3.422391042113304138e-02,-2.471985109150409698e-02
4.153024032711982727e-02,-2.416213788092136383e-02
4.868763685226440430e-02,-1.719591207802295685e-02
3.978388383984565735e-02,-1.707888767123222351e-02
4.129740223288536072e-02,-2.516359649598598480e-02
5.451381579041481018e-02,-6.638330221176147461e-02
3.732474893331527710e-02,-8.243358880281448364e-02
3.121688216924667358e-02,-3.030800633132457733e-02
4.533474519848823547e-02,3.756178170442581177e-02
5.098733305931091309e-02,-2.505614235997200012e-02
5.025098472833633423e-02,4.080036655068397522e-02
4.943866655230522156e-02,4.487894102931022644e-02
6.315160542726516724e-02,-2.134305424988269806e-02
5.145879462361335754e-02,-5.955230910331010818e-03
4.318625107407569885e-02,3.574068099260330200e-02
2.062452584505081177e-02,-2.874674648046493530e-02
5.094840005040168762e-02,-2.104368060827255249e-02
4.799134284257888794e-02,-1.212691329419612885e-02
2.938287332653999329e-02,-2.909138053655624390e-02
3.619370609521865845e-02,-2.357626147568225861e-02
4.231351241469383240e-02,-1.948656141757965088e-02
2.756497822701931000e-02,-2.955161035060882568e-02
5.447624996304512024e-02,-1.405657082796096802e-02
4.562053829431533813e-02,-4.503703210502862930e-03
5.222680419683456421e-02,-7.058194838464260101e-03
5.091822147369384766e-02,-2.494899742305278778e-02
4.145746305584907532e-02,-2.541020512580871582e-02
3.688759729266166687e-02,-2.062927372753620148e-02
4.534132778644561768e-02,-2.477033063769340515e-02
2.871955372393131256e-02,-4.015996679663658142e-02
2.558598667383193970e-02,-3.143512830138206482e-02
2.104677073657512665e-02,-2.645850181579589844e-02
5.357484892010688782e-02,-1.549764350056648254e-02
5.891540274024009705e-02,-1.575150899589061737e-02
4.652460291981697083e-02,-2.588673494756221771e-02
3.808104246854782104e-02,-2.821337059140205383e-02
5.821560323238372803e-02,4.292338341474533081e-02
5.478417128324508667e-02,-2.845251001417636871e-02
3.994418680667877197e-02,-2.648935280740261078e-02
5.942959338426589966e-02,-1.468658819794654846e-02
4.962744936347007751e-02,-1.049632299691438675e-02
4.092226549983024597e-02,-2.086847461760044098e-02
3.351517021656036377e-02,-3.359271213412284851e-02
2.803387306630611420e-02,-3.391230478882789612e-02
5.183230713009834290e-02,-2.217211946845054626e-02
6.420949846506118774e-02,5.038496851921081543e-02
3.236411884427070618e-02,-1.142025273293256760e-02
2.939032763242721558e-02,-1.341025065630674362e-02
5.004170909523963928e-02,4.996106773614883423e-02
3.409887850284576416e-02,-2.494239620864391327e-02
2.789626643061637878e-02,-3.510037437081336975e-02
3.476937860250473022e-02,-1.297743991017341614e-02
3.644151985645294189e-02,-1.226719096302986145e-02
3.874499350786209106e-02,-2.351787872612476349e-02
5.400490015745162964e-02,-2.876442484557628632e-02
5.949529260396957397e-02,-6.406047847121953964e-03
6.248099729418754578e-02,4.713224992156028748e-02
4.601965844631195068e-02,5.161062348634004593e-03
4.849918186664581299e-02,5.675897002220153809e-02
6.263709068298339844e-02,-8.482878096401691437e-03
6.373581290245056152e-02,-1.139963883906602859e-02
5.247701704502105713e-02,5.584788694977760315e-02
7.309959828853607178e-02,6.015464290976524353e-02
4.010576754808425903e-02,-1.053097378462553024e-02
4.253308475017547607e-02,-1.944670826196670532e-02
3.178583085536956787e-02,-3.107755817472934723e-02
5.310531705617904663e-02,-1.787793077528476715e-02
5.659928917884826660e-02,4.734438657760620117e-02
4.008015617728233337e-02,-2.802385389804840088e-02
3.932532668113708496e-02,-2.294431254267692566e-02
5.738272145390510559e-02,-1.183620095252990723e-02
6.229719892144203186e-02,-1.523289643228054047e-02
7.148917764425277710e-02,5.407664552330970764e-02
4.268570989370346069e-02,-1.941046677529811859e-02
6.296714395284652710e-02,-7.219930645078420639e-03
7.679302245378494263e-02,6.207212433218955994e-02
5.635053664445877075e-02,-8.602181449532508850e-03
5.245420709252357483e-02,-2.354033105075359344e-02
5.785950645804405212e-02,-1.474084332585334778e-02
7.130347937345504761e-02,5.368208885192871094e-02
5.949251726269721985e-02,-6.351891905069351196e-03
6.107751280069351196e-02,-1.559171359986066818e-02
6.899265944957733154e-02,5.899526551365852356e-02
6.208233907818794250e-02,-1.588830165565013885e-02
4.633153229951858521e-02,-1.580544747412204742e-02
5.352666229009628296e-02,-6.565445102751255035e-03
2.428674325346946716e-02,-2.759801223874092102e-02
3.596805781126022339e-02,-2.286802232265472412e-02
4.830770194530487061e-02,-2.256499789655208588e-02
5.231216549873352051e-02,-2.326389960944652557e-02
5.771353468298912048e-02,-1.458393130451440811e-02
5.381443724036216736e-02,-1.360674668103456497e-02
6.420280039310455322e-02,5.890413001179695129e-02
4.256573691964149475e-02,4.970457777380943298e-02
6.883770972490310669e-02,7.004909962415695190e-02
5.453225225210189819e-02,-4.619168117642402649e-03
6.271947175264358521e-02,-1.476227119565010071e-02
3.937670215964317322e-02,-2.861504442989826202e-02
4.434866085648536682e-02,-1.452284958213567734e-02
3.976522386074066162e-02,-1.802352070808410645e-02
5.895594134926795959e-02,-2.260055020451545715e-02
6.218519434332847595e-02,-1.386133208870887756e-02
4.831425100564956665e-02,6.231360509991645813e-02
4.042972624301910400e-02,-1.058147102594375610e-02
5.686842277646064758e-02,-3.965549170970916748e-03
6.221526116132736206e-02,-3.766201436519622803e-03
5.771370604634284973e-02,-1.039699127431958914e-04
4.195965081453323364e-02,3.120138496160507202e-02
5.444689840078353882e-02,-1.475458871573209763e-02
3.476893901824951172e-02,-3.695535659790039062e-02
4.994329437613487244e-02,4.530096054077148438e-02
5.348735302686691284e-02,-1.633356139063835144e-02
5.897054821252822876e-02,4.519233107566833496e-02
6.502781063318252563e-02,-1.563311181962490082e-02
3.871333971619606018e-02,-9.395810775458812714e-03
6.112133711576461792e-02,-8.581551723182201385e-03
3.983441367745399475e-02,-1.846362836658954620e-02
6.586457043886184692e-02,5.361234396696090698e-02
7.265139371156692505e-02,6.163033097982406616e-02
5.963670089840888977e-02,4.897455498576164246e-02
5.183776095509529114e-02,-2.140850201249122620e-02
3.498215973377227783e-02,-7.213876582682132721e-03
4.986824467778205872e-02,-2.463325671851634979e-02
5.522099882364273071e-02,4.333956912159919739e-02
4.361522197723388672e-02,-2.084810100495815277e-02
5.243411660194396973e-02,-2.127728424966335297e-02
2.629072405397891998e-02,-3.889758884906768799e-02
3.140842542052268982e-02,3.796278685331344604e-02
4.236793890595436096e-02,-1.613964885473251343e-02
2.221400663256645203e-02,-3.207845240831375122e-02
6.278932839632034302e-02,4.338892549276351929e-02
6.569327414035797119e-02,5.691179633140563965e-02
6.375003606081008911e-02,5.146131664514541626e-02
4.983663931488990784e-02,-9.146781638264656067e-03
5.994925275444984436e-02,-1.295888610184192657e-02
4.878713563084602356e-02,2.528642362449318171e-04
7.190191000699996948e-02,5.434308573603630066e-02
7.303173840045928955e-02,5.758882313966751099e-02
4.342873767018318176e-02,-2.046748250722885132e-02
5.949278548359870911e-02,6.881725788116455078e-02
5.659649521112442017e-02,4.546878114342689514e-02
2.426161617040634155e-02,-2.818826772272586823e-02
4.840914905071258545e-02,-2.786719985306262970e-02
3.175203502178192139e-02,-2.535352855920791626e-02
4.560037702322006226e-02,-3.309300914406776428e-02
5.482667684555053711e-02,4.272045940160751343e-02
4.292231053113937378e-02,-3.620300441980361938e-02
6.007005274295806885e-02,-2.151602134108543396e-02
5.967301875352859497e-02,-1.560972630977630615e-02
6.137716025114059448e-02,-1.221946720033884048e-02
2.736712247133255005e-02,-2.985652722418308258e-02
4.420100897550582886e-02,5.253114178776741028e-02
3.261137753725051880e-02,-3.120587393641471863e-02
2.062230743467807770e-02,-3.638304397463798523e-02
6.824171543121337891e-02,5.121146515011787415e-02
2.822009287774562836e-02,-1.773655787110328674e-02
6.641405820846557617e-02,6.356047838926315308e-02
3.426925092935562134e-02,-2.173109911382198334e-02
3.348117694258689880e-02,-4.469574242830276489e-02
2.492188103497028351e-02,-2.880941331386566162e-02
2.622064575552940369e-02,-3.185168281197547913e-02
3.783877193927764893e-02,-2.335661463439464569e-02
3.089510463178157806e-02,-3.781409189105033875e-02
3.542221337556838989e-02,-3.359074145555496216e-02
5.612642690539360046e-02,4.787860810756683350e-02
2.408942952752113342e-02,-3.181188181042671204e-02
2.718115597963333130e-02,-2.682263590395450592e-02
2.405580319464206696e-02,-2.932135760784149170e-02
4.352499544620513916e-02,3.673209995031356812e-02
2.822003141045570374e-02,-3.221446648240089417e-02
2.660545334219932556e-02,-3.089982271194458008e-02
2.710269577801227570e-02,-3.240932524204254150e-02
4.855097457766532898e-02,-5.816687829792499542e-03
4.982289671897888184e-02,-1.915345154702663422e-02
5.216925591230392456e-02,3.955145552754402161e-02
3.589762747287750244e-02,-1.834255456924438477e-02
1.958233490586280823e-02,-2.788351662456989288e-02
4.671864211559295654e-02,-2.700661122798919678e-02
4.448238760232925415e-02,-3.321589529514312744e-02
3.952495381236076355e-02,4.189575463533401489e-02
3.093268908560276031e-02,-2.924709208309650421e-02
4.974529519677162170e-02,-2.608129754662513733e-02
7.216957956552505493e-02,5.718876048922538757e-02
3.181792795658111572e-02,3.419490158557891846e-02
4.024249315261840820e-02,3.419905155897140503e-02
7.321110367774963379e-02,5.958546325564384460e-02
6.172120571136474609e-02,-9.824014268815517426e-03
2.992900647222995758e-02,-3.014274500310420990e-02
4.532312974333763123e-02,-1.910461485385894775e-02
5.071061477065086365e-02,-1.419364754110574722e-02
3.309092670679092407e-02,-3.535531088709831238e-02
5.224334821105003357e-02,-2.869550697505474091e-02
5.462443083524703979e-02,5.244132131338119507e-02
7.143784314393997192e-02,5.473834276199340820e-02
7.221440225839614868e-02,5.943421274423599243e-02
4.676632210612297058e-02,-2.843536809086799622e-02
5.133154615759849548e-02,4.664217680692672729e-02
5.247836932539939880e-02,-1.681677810847759247e-02
7.609917968511581421e-02,5.876038223505020142e-02
3.695086389780044556e-02,-2.002212218940258026e-02
4.358296841382980347e-02,-1.003892719745635986e-02
4.950072988867759705e-02,-5.368171725422143936e-03
1.752125285565853119e-02,-3.079033829271793365e-02
4.190998151898384094e-02,-2.802983485162258148e-02
3.348897397518157959e-02,-3.153135627508163452e-02
4.483900219202041626e-02,-2.538878098130226135e-02
2.818684466183185577e-02,-3.603466972708702087e-02
5.645906552672386169e-02,7.060176134109497070e-02
4.880565404891967773e-02,-1.475156564265489578e-02
5.458817631006240845e-02,4.165399819612503052e-03
3.472177311778068542e-02,-8.986677974462509155e-03
5.454726517200469971e-02,-1.740200910717248917e-03
2.167015522718429565e-02,-2.872450277209281921e-02
4.349150508642196655e-02,2.369758905842900276e-03
2.475387230515480042e-02,-2.989498153328895569e-02
3.673098981380462646e-02,3.700767830014228821e-02
4.396471381187438965e-02,5.480424501001834869e-03
5.743340402841567993e-02,4.981141164898872375e-02
4.912114143371582031e-02,-1.343837566673755646e-02
3.423307463526725769e-02,-2.323991805315017700e-02
6.059878692030906677e-02,-1.412992458790540695e-02
3.786804154515266418e-02,-1.526733208447694778e-02
5.264110863208770752e-02,-1.731520332396030426e-02
5.416994914412498474e-02,4.467580094933509827e-02
5.634450539946556091e-02,-7.144177332520484924e-03
4.182100296020507812e-02,-1.903064735233783722e-02
3.320766985416412354e-02,-2.538313530385494232e-02
4.670612141489982605e-02,-1.028623199090361595e-03
4.273806884884834290e-02,-1.346891000866889954e-02
5.037807300686836243e-02,-3.041582927107810974e-02
5.667053535580635071e-02,4.848873987793922424e-02
3.582100197672843933e-02,4.301314800977706909e-02
5.355221033096313477e-02,-1.692990399897098541e-02
4.463853314518928528e-02,-2.469635568559169769e-02
1.975128240883350372e-02,-2.694208920001983643e-02
5.596673861145973206e-02,-1.242438331246376038e-02
6.066886335611343384e-02,5.416474863886833191e-02
6.914347410202026367e-02,5.623449385166168213e-02
5.816492438316345215e-02,-1.366316247731447220e-02
4.469497501850128174e-02,-2.058691531419754028e-02
6.151365861296653748e-02,-7.257210090756416321e-03
4.191125929355621338e-02,1.743515022099018097e-03
6.801303476095199585e-02,5.914516001939773560e-02
5.313425883650779724e-02,2.374811796471476555e-03
2.881271950900554657e-02,-3.047056682407855988e-02
6.065941229462623596e-02,5.786494165658950806e-02
2.849507331848144531e-02,-3.079768083989620209e-02
2.915778756141662598e-02,-1.535045914351940155e-02
5.194611847400665283e-02,-2.275067847222089767e-03
4.478614032268524170e-02,-1.241564378142356873e-02
5.607319250702857971e-02,-1.818739064037799835e-02
6.846009939908981323e-02,5.872966349124908447e-02
5.544618889689445496e-02,-1.697428710758686066e-02
5.155225843191146851e-02,4.810849204659461975e-02
4.985670745372772217e-02,-1.389587949961423874e-02
3.664686530828475952e-02,-1.811185479164123535e-02
3.448753431439399719e-02,-2.612654119729995728e-02
3.453319147229194641e-02,-2.441554144024848938e-02
2.088438905775547028e-02,-1.163985114544630051e-02
5.975156277418136597e-02,5.230992287397384644e-02
4.915823787450790405e-02,5.772071704268455505e-02
4.158769920468330383e-02,-2.352804318070411682e-02
4.088757932186126709e-02,-2.044581808149814606e-02
2.740851975977420807e-02,-1.742690429091453552e-02
6.307531148195266724e-02,5.539031699299812317e-02
2.950588986277580261e-02,-1.982228271663188934e-02
6.301043927669525146e-02,5.628092214465141296e-02
6.374283879995346069e-02,5.422344803810119629e-02
4.825025424361228943e-02,4.241569433361291885e-03
3.289865329861640930e-02,2.313030418008565903e-03
4.836754500865936279e-02,3.882828168570995331e-03
2.938389778137207031e-02,7.835387805243954062e-05
3.463008999824523926e-02,-3.538116347044706345e-03
5.682639777660369873e-02,6.970244646072387695e-02
5.629211291670799255e-02,6.483789533376693726e-02
5.948765948414802551e-02,7.418902218341827393e-02
6.149766966700553894e-02,6.376795470714569092e-02
4.437971860170364380e-02,-1.890886947512626648e-02
6.240778043866157532e-02,7.283809781074523926e-02
6.361103802919387817e-02,5.797543004155158997e-02
4.979130625724792480e-02,-7.437649182975292206e-03
4.163055494427680969e-02,1.053957361727952957e-02
5.868787690997123718e-02,-3.114817664027214050e-03
3.722666203975677490e-02,-6.468120962381362915e-03
5.228015035390853882e-02,3.606766695156693459e-03
5.538500100374221802e-02,5.820354074239730835e-02
5.140776932239532471e-02,6.704212725162506104e-02
5.135382711887359619e-02,4.306316841393709183e-03
4.769163206219673157e-02,9.325940161943435669e-03
5.018206685781478882e-02,-2.353892102837562561e-02
4.982171952724456787e-02,-2.795304358005523682e-02
6.162450090050697327e-02,-8.718235767446458340e-05
5.872016027569770813e-02,2.320268424227833748e-03
6.119339540600776672e-02,7.931852340698242188e-02
6.530658900737762451e-02,-1.302335760556161404e-03
6.243156641721725464e-02,-2.309207571670413017e-03
7.571972161531448364e-02,6.316833198070526123e-02
5.736915394663810730e-02,5.773939192295074463e-02
4.504488408565521240e-02,-1.235951762646436691e-02
4.218439757823944092e-02,-1.775093562901020050e-02
6.668526679277420044e-02,1.927205012179911137e-03
4.343381896615028381e-02,5.208999291062355042e-02
5.008481070399284363e-02,5.132764205336570740e-02
7.164065539836883545e-02,6.078312546014785767e-02
6.634536385536193848e-02,6.829385459423065186e-02
3.371015191078186035e-02,3.564451588317751884e-03
5.063731223344802856e-02,-1.448053307831287384e-02
7.607084512710571289e-02,5.580902099609375000e-02
5.555277690291404724e-02,8.585423231124877930e-03
4.355341941118240356e-02,5.860376171767711639e-03
5.959424003958702087e-02,7.232116907835006714e-02
3.342229500412940979e-02,-4.298565443605184555e-03
5.540667474269866943e-02,-9.777114726603031158e-03
6.625580042600631714e-02,2.435842528939247131e-03
4.643631353974342346e-02,-2.601691335439682007e-02
6.173235550522804260e-02,7.891181856393814087e-02
5.284188315272331238e-02,9.180679917335510254e-03
3.273159638047218323e-02,3.115749917924404144e-03
4.891180247068405151e-02,-1.384312845766544342e-02
5.252692475914955139e-02,-8.071762509644031525e-03
3.961776196956634521e-02,-1.185347698628902435e-02
4.405628889799118042e-02,6.762406975030899048e-02
5.138472467660903931e-02,1.904070028103888035e-03
5.362559482455253601e-02,-6.528477184474468231e-03
3.949983045458793640e-02,-9.610811248421669006e-03
6.596328318119049072e-02,6.450486183166503906e-02
4.127870872616767883e-02,-7.840367034077644348e-03
4.053703695535659790e-02,-1.139500178396701813e-02
5.203476920723915100e-02,-1.151270512491464615e-02
4.378906264901161194e-02,-1.129980850964784622e-02
3.450989723205566406e-02,1.705199596472084522e-03
5.445761233568191528e-02,5.024505406618118286e-02
6.448962539434432983e-02,6.876483559608459473e-02
3.912469372153282166e-02,5.774066224694252014e-02
5.051603913307189941e-02,-1.708914712071418762e-02
4.855212196707725525e-02,-1.988704688847064972e-02
7.606507837772369385e-02,6.146841496229171753e-02
3.910755738615989685e-02,-1.467087212949991226e-02
6.578274816274642944e-02,7.856572419404983521e-02
3.120394237339496613e-02,-3.290127962827682495e-03
4.896754398941993713e-02,5.957406386733055115e-02
5.978393182158470154e-02,8.178990334272384644e-03
4.804511740803718567e-02,1.392162777483463287e-02
7.492192834615707397e-02,7.837257534265518188e-02
6.459724903106689453e-02,7.986176759004592896e-02
4.226659983396530151e-02,-1.287658378714695573e-04
3.516043722629547119e-02,-4.061336163431406021e-03
6.210559234023094177e-02,1.197489211335778236e-03
4.527371376752853394e-02,-1.322599244304001331e-03
5.845976248383522034e-02,1.112909615039825439e-02
7.290312647819519043e-02,6.812021881341934204e-02
6.370650231838226318e-02,6.226124614477157593e-02
5.662760511040687561e-02,7.761769741773605347e-02
3.443737328052520752e-02,-1.228581275790929794e-02
5.554601177573204041e-02,6.942807231098413467e-03
5.781337991356849670e-02,6.466747075319290161e-02
4.400476813316345215e-02,-1.102078892290592194e-02
4.318187385797500610e-02,-1.051608845591545105e-02
3.542678430676460266e-02,-3.887820988893508911e-03
4.567881301045417786e-02,7.020292431116104126e-02
4.331367835402488708e-02,-6.003172602504491806e-03
4.207404702901840210e-02,-2.635641722008585930e-03
5.347064137458801270e-02,6.257522106170654297e-02
5.832447484135627747e-02,-3.345293516758829355e-04
5.610226094722747803e-02,8.275866508483886719e-03
5.512981116771697998e-02,3.031342523172497749e-03
5.765754729509353638e-02,8.496361970901489258e-02
4.786007478833198547e-02,1.397099811583757401e-02
4.413798823952674866e-02,4.423227626830339432e-03
4.728360474109649658e-02,-3.302681725472211838e-03
3.558973222970962524e-02,1.073645893484354019e-02
3.748391196131706238e-02,1.790801179595291615e-03
4.831169545650482178e-02,-6.653604214079678059e-04
6.547609716653823853e-02,7.480624318122863770e-02
6.193827837705612183e-02,6.833343952894210815e-02
3.919094800949096680e-02,-1.201662328094244003e-02
7.158488780260086060e-02,6.787835806608200073e-02
4.609301686286926270e-02,8.808098733425140381e-03
5.050653219223022461e-02,-1.189894415438175201e-02
5.579800903797149658e-02,-4.441537428647279739e-03
6.756104528903961182e-02,6.953000277280807495e-02
4.914896190166473389e-02,-1.287735998630523682e-02
4.133024066686630249e-02,-1.949630328454077244e-03
2.859499864280223846e-02,3.012913744896650314e-03
4.608844220638275146e-02,6.685069203376770020e-02
5.395697429776191711e-02,3.901049727573990822e-03
2.770856395363807678e-02,4.883027635514736176e-03
4.358758032321929932e-02,-1.207954250276088715e-02
6.180794164538383484e-02,7.465077936649322510e-02
4.363238066434860229e-02,-4.762198776006698608e-03
4.858319461345672607e-02,3.784617409110069275e-02
4.124111682176589966e-02,7.586326450109481812e-02
4.674997180700302124e-02,6.682080775499343872e-02
4.574941843748092651e-02,-1.316724345088005066e-02
4.762297496199607849e-02,6.354003399610519409e-02
3.804942965507507324e-02,5.500471964478492737e-02
5.029843747615814209e-02,3.750078380107879639e-03
4.479464516043663025e-02,-3.406538453418761492e-04
4.493346810340881348e-02,-2.030013129115104675e-02
5.993540212512016296e-02,7.412028312683105469e-02
5.360022559762001038e-02,6.824220716953277588e-02
3.615632653236389160e-02,-1.110522542148828506e-02
3.529329225420951843e-02,6.584215164184570312e-02
1.626534946262836456e-02,-1.912719942629337311e-02
7.391100376844406128e-02,6.285350769758224487e-02
3.860430419445037842e-02,-2.843702211976051331e-03
4.089195653796195984e-02,-1.383506972342729568e-02
5.645825341343879700e-02,7.746173441410064697e-02
4.327926039695739746e-02,-2.596211619675159454e-03
6.704597920179367065e-02,6.038010120391845703e-02
7.135007530450820923e-02,7.154621183872222900e-02
6.049935892224311829e-02,7.359985262155532837e-02
5.594378337264060974e-02,-5.766677786596119404e-04
3.545627743005752563e-02,-2.456831932067871094e-02
5.611789226531982422e-02,4.524349234998226166e-03
6.148187816143035889e-02,5.700242891907691956e-02
2.791418693959712982e-02,-2.290124632418155670e-02
3.769053891301155090e-02,-4.286393988877534866e-03
3.810616582632064819e-02,-1.421674434095621109e-02
6.274310499429702759e-02,5.907208845019340515e-02
3.268188238143920898e-02,5.695261526852846146e-03
5.857979878783226013e-02,5.333902686834335327e-02
3.474102169275283813e-02,-1.482025021687150002e-03
5.003318190574645996e-02,7.180972397327423096e-02
4.356619343161582947e-02,-8.225902915000915527e-03
5.020883306860923767e-02,2.723160199820995331e-03
4.186005145311355591e-02,6.591109931468963623e-02
6.052908673882484436e-02,3.882402379531413317e-04
4.228423535823822021e-02,-6.122725550085306168e-03
3.515568748116493225e-02,-1.434844452887773514e-02
4.056277498602867126e-02,5.043316166847944260e-03
5.170164257287979126e-02,8.142793667502701283e-04
3.270170092582702637e-02,-2.305236272513866425e-02
2.694142423570156097e-02,-1.892796345055103302e-02
3.317023813724517822e-02,-5.563620477914810181e-03
3.342724964022636414e-02,2.385851927101612091e-03
6.577952951192855835e-02,6.005286052823066711e-02
3.965153917670249939e-02,4.458118975162506104e-02
4.185412451624870300e-02,-6.436387542635202408e-03
6.001134961843490601e-02,5.847261287271976471e-03
5.989560857415199280e-02,5.432054400444030762e-02
2.842416986823081970e-02,-3.872511908411979675e-03
3.202774748206138611e-02,-2.067759819328784943e-02
5.954531207680702209e-02,1.034298795275390148e-03
3.519409522414207458e-02,5.568852275609970093e-02
4.948453977704048157e-02,1.430381205864250660e-03
4.104813933372497559e-02,-4.017529543489217758e-03
4.919634014368057251e-02,5.651837587356567383e-02
2.426027134060859680e-02,-1.172786671668291092e-02
2.711545117199420929e-02,-2.215706370770931244e-02
4.592996835708618164e-02,-5.301986355334520340e-03
5.138798058032989502e-02,5.517679080367088318e-02
4.565720260143280029e-02,-8.008481934666633606e-03
2.998746559023857117e-02,-7.304417435079813004e-03
3.261768817901611328e-02,-3.115685656666755676e-02
3.412430360913276672e-02,-4.413612652570009232e-03
3.497516363859176636e-02,5.223017558455467224e-02
3.332244232296943665e-02,5.453372374176979065e-02
3.477444499731063843e-02,-1.617122069001197815e-02
7.543826848268508911e-02,6.656432896852493286e-02
5.068875104188919067e-02,-1.309155113995075226e-02
4.310690239071846008e-02,-4.478454589843750000e-03
2.916722372174263000e-02,-2.818845957517623901e-02
4.284817352890968323e-02,-1.438289135694503784e-02
4.271574690937995911e-02,-1.195478532463312149e-02
2.232714369893074036e-02,-6.636460311710834503e-03
5.357696488499641418e-02,3.199033206328749657e-03
4.410449042916297913e-02,-1.558355521410703659e-03
6.087679043412208557e-02,5.123019590973854065e-02
6.058423221111297607e-02,5.105938017368316650e-02
4.751151427626609802e-02,1.587731530889868736e-03
4.755395278334617615e-02,6.221571564674377441e-02
4.351606220006942749e-02,-7.389582227915525436e-03
7.085803896188735962e-02,7.697071880102157593e-02
3.615042194724082947e-02,-3.588315565139055252e-03
5.554608628153800964e-02,5.891158431768417358e-02
6.244835257530212402e-02,5.659592524170875549e-02
3.229014575481414795e-02,-2.959632501006126404e-02
3.673473745584487915e-02,-2.437850227579474449e-03
3.704829886555671692e-02,-1.690130680799484253e-02
7.544937729835510254e-02,6.193910166621208191e-02
4.153111949563026428e-02,5.631091073155403137e-03
3.459398448467254639e-02,-3.133135661482810974e-02
2.703685499727725983e-02,-1.011927891522645950e-02
2.839670702815055847e-02,-2.178124524652957916e-02
5.558123067021369934e-02,7.095587998628616333e-02
5.250078067183494568e-02,6.256538629531860352e-02
5.522708222270011902e-02,6.540667731314897537e-03
4.449090734124183655e-02,6.895500421524047852e-02
5.822628736495971680e-02,7.857172936201095581e-02
4.989413172006607056e-02,5.852547287940979004e-02
4.264480993151664734e-02,-4.495558328926563263e-03
5.542196333408355713e-02,7.611993700265884399e-03
5.136958509683609009e-02,6.257940083742141724e-02
4.893177375197410583e-02,2.646527253091335297e-03
4.867324233055114746e-02,9.886169806122779846e-03
4.752122983336448669e-02,6.107844039797782898e-02
6.300958245992660522e-02,6.094294413924217224e-02
3.445178642868995667e-02,2.051927003776654601e-04
5.901115760207176208e-02,7.072145491838455200e-02
4.921997711062431335e-02,-9.556885808706283569e-03
2.726571261882781982e-02,-1.794501394033432007e-02
4.242558032274246216e-02,-1.520356629043817520e-02
5.739584192633628845e-02,5.334836989641189575e-02
2.767129056155681610e-02,-2.441533282399177551e-02
4.190590977668762207e-02,-2.214737609028816223e-02
7.663624733686447144e-02,6.041380390524864197e-02
5.669267475605010986e-02,5.108790472149848938e-02
4.324197396636009216e-02,-1.770903728902339935e-02
4.350394383072853088e-02,-2.296734042465686798e-02
3.513778001070022583e-02,1.843471691245213151e-04
5.238834768533706665e-02,-2.104554325342178345e-02
1.354579720646142960e-02,-9.857757017016410828e-03
3.916213661432266235e-02,-1.420268882066011429e-02
4.491211846470832825e-02,-1.105528883635997772e-02
2.398311719298362732e-02,-1.289076358079910278e-02
4.858629778027534485e-02,4.362683743238449097e-02
2.931926026940345764e-02,-2.016565948724746704e-02
4.507786035537719727e-02,-1.948716584593057632e-03
4.672402888536453247e-02,5.125698074698448181e-02
1.819343492388725281e-02,-1.972356066107749939e-02
4.579375311732292175e-02,-1.789403893053531647e-02
3.300312906503677368e-02,-2.803899906575679779e-02
4.208527877926826477e-02,-2.153978869318962097e-02
2.758448570966720581e-02,-1.589706353843212128e-02
2.730096131563186646e-02,-9.302999824285507202e-03
4.364057630300521851e-02,-2.736333943903446198e-02
3.851956874132156372e-02,-5.517988000065088272e-03
7.552897185087203979e-02,6.036686897277832031e-02
5.383459106087684631e-02,-1.401687879115343094e-02
4.844327270984649658e-02,6.341110914945602417e-02
4.888219386339187622e-02,6.595215201377868652e-02
3.978044539690017700e-02,-6.413276772946119308e-03
2.744277566671371460e-02,-2.675959374755620956e-03
4.200412705540657043e-02,-1.043503405526280403e-03
3.326590359210968018e-02,-1.475701294839382172e-02
3.817586973309516907e-02,-4.498260561376810074e-03
3.664556890726089478e-02,-1.024478301405906677e-02
3.348073735833168030e-02,3.738527745008468628e-02
3.294504806399345398e-02,-3.667086130008101463e-03
5.446857213973999023e-02,6.915783137083053589e-02
3.262265026569366455e-02,-8.891276083886623383e-03
4.877283424139022827e-02,7.541748881340026855e-02
4.973129555583000183e-02,6.208785623311996460e-02
2.958542481064796448e-02,-4.815435968339443207e-03
4.783044755458831787e-02,3.966134041547775269e-03
2.374893240630626678e-02,-1.999698393046855927e-02
3.346464782953262329e-02,4.467428475618362427e-02
2.045756950974464417e-02,-1.295880787074565887e-02
2.461950294673442841e-02,-3.286033868789672852e-02
1.922022178769111633e-02,-2.657318487763404846e-02
2.298787608742713928e-02,-1.078168954700231552e-02
1.761679351329803467e-02,-2.547924779355525970e-02
3.538230061531066895e-02,3.889947384595870972e-02
2.758314460515975952e-02,-1.323650218546390533e-02
2.188896946609020233e-02,-2.657459862530231476e-02
2.176220715045928955e-02,-2.704465389251708984e-02
2.895273268222808838e-02,-2.713373489677906036e-02
3.192897513508796692e-02,-1.245801616460084915e-02
2.034131623804569244e-02,-3.172477707266807556e-02
3.124517016112804413e-02,4.107812419533729553e-02
1.612854748964309692e-02,5.061847344040870667e-02
3.808287531137466431e-02,-2.078133635222911835e-02
4.018881916999816895e-02,-1.364079676568508148e-02
3.145217150449752808e-02,-1.340505667030811310e-02
2.647924982011318207e-02,-8.923429064452648163e-03
3.567761555314064026e-02,-9.685815311968326569e-03
2.300253696739673615e-02,2.514658030122518539e-03
2.801347337663173676e-02,-1.683865301311016083e-02
1.491991151124238968e-02,-2.242999710142612457e-02
1.304723788052797318e-02,-1.610585115849971771e-02
3.193752467632293701e-02,-4.421029239892959595e-03
1.414044201374053955e-02,-5.301260389387607574e-03
9.894981049001216888e-03,-2.331957779824733734e-02
2.386322617530822754e-02,5.386592447757720947e-02
3.323411941528320312e-02,-1.230311486870050430e-02
3.458542749285697937e-02,4.418148100376129150e-02
1.095804199576377869e-02,-2.691305615007877350e-02
3.108255751430988312e-02,3.849909082055091858e-02
2.426017634570598602e-02,-3.306763246655464172e-02
2.213495969772338867e-02,-2.465508133172988892e-02
2.009017206728458405e-02,-1.357296761125326157e-02
2.718987315893173218e-02,-1.017982698976993561e-02
-5.976490303874015808e-02,1.369742210954427719e-02
8.637799881398677826e-03,-2.615898475050926208e-02
3.010647371411323547e-02,-4.111561866011470556e-04
-8.037566393613815308e-02,4.033172503113746643e-03
2.930003684014081955e-03,-2.025277167558670044e-02
2.010535914450883865e-03,-2.147881314158439636e-02
2.069634199142456055e-02,5.737720802426338196e-02
4.578497260808944702e-02,-1.275837700814008713e-02
-6.432685256004333496e-02,6.935709714889526367e-02
1.819127239286899567e-02,-2.121294103562831879e-02
-7.984357327222824097e-02,1.455279719084501266e-02
9.265379980206489563e-03,-2.386562898755073547e-02
3.414237871766090393e-02,6.819453090429306030e-02
3.249706700444221497e-02,4.573016613721847534e-02
1.827784255146980286e-02,-3.829644620418548584e-02
2.170968800783157349e-02,-4.104764387011528015e-02
1.042036712169647217e-02,-4.031957685947418213e-02
-6.880212575197219849e-02,7.859645783901214600e-02
4.034739360213279724e-02,5.371744558215141296e-02
4.297792166471481323e-02,4.593863710761070251e-02
4.621959850192070007e-02,5.482593178749084473e-02
4.156026244163513184e-02,5.021074786782264709e-02
1.116438489407300949e-02,-2.102598361670970917e-02
1.601880416274070740e-02,-3.399802371859550476e-02
1.421370729804039001e-02,-1.763968169689178467e-02
1.804192923009395599e-02,-1.418773643672466278e-02
-6.947914510965347290e-02,2.146757766604423523e-02
6.237930431962013245e-02,4.471366293728351593e-03
5.562919005751609802e-02,6.606973707675933838e-02
4.060763493180274963e-02,-1.637439243495464325e-02
4.289649054408073425e-02,4.701331257820129395e-02
-5.282169207930564880e-02,7.583186775445938110e-02
-6.369303166866302490e-02,2.377420663833618164e-02
-8.147667348384857178e-02,1.729400595650076866e-03
-7.065550982952117920e-02,1.114201918244361877e-02
2.489974722266197205e-02,-2.558660693466663361e-02
4.171403497457504272e-02,3.995979204773902893e-02
4.047652706503868103e-02,3.932813927531242371e-02
-5.962699651718139648e-02,8.419176191091537476e-02
-5.581936240196228027e-02,9.182328730821609497e-02
-6.364861130714416504e-02,9.201430529356002808e-02
3.913738206028938293e-02,5.386790633201599121e-02
2.810927107930183411e-02,-1.113977842032909393e-02
-6.190047785639762878e-02,9.463541209697723389e-02
-6.241556629538536072e-02,7.768609561026096344e-03
2.911016345024108887e-02,-3.502702340483665466e-02
1.384747680276632309e-02,-1.333508267998695374e-02
-7.063779979944229126e-02,8.704692870378494263e-02
-6.873282045125961304e-02,8.468498289585113525e-02
-6.722692400217056274e-02,6.955013610422611237e-03
-6.393813341856002808e-02,5.999146029353141785e-03
-8.281076699495315552e-02,4.137390293180942535e-03
1.730696298182010651e-02,-3.617523238062858582e-02
-5.092793330550193787e-02,7.202479243278503418e-02
2.433159016072750092e-02,3.900261223316192627e-02
1.392347272485494614e-02,-3.666065260767936707e-02
3.776664286851882935e-02,6.230907887220382690e-02
-5.916589498519897461e-02,7.012640684843063354e-02
3.329315036535263062e-02,-1.568859629333019257e-02
-8.826438337564468384e-02,-3.751351032406091690e-03
-6.078066676855087280e-02,1.233447343111038208e-02
2.819910086691379547e-02,-8.109357208013534546e-03
-8.471091091632843018e-02,1.894257217645645142e-02
2.175124920904636383e-02,-8.856444037519395351e-04
-2.201826078817248344e-03,-1.993506401777267456e-02
-5.700981616973876953e-02,9.572952985763549805e-02
2.434097044169902802e-02,-3.097074665129184723e-02
4.551357030868530273e-02,5.602285638451576233e-02
4.524685442447662354e-02,5.620488524436950684e-02
-5.908128246665000916e-02,2.214738540351390839e-02
-6.020046025514602661e-02,1.774214394390583038e-02
2.869027107954025269e-02,-1.575053296983242035e-02
-8.367262035608291626e-02,2.012900449335575104e-02
-7.445856928825378418e-02,7.832669466733932495e-02
-6.852677464485168457e-02,2.106245420873165131e-02
2.401696518063545227e-02,4.991305246949195862e-02
2.078909054398536682e-02,-6.104176864027976990e-03
-7.843652367591857910e-02,1.639586687088012695e-02
1.642051525413990021e-02,-3.639989346265792847e-02
-7.301992177963256836e-02,5.475868936628103256e-03
-7.105715572834014893e-02,2.041055075824260712e-02
3.845224902033805847e-02,3.940792381763458252e-02
-5.718747153878211975e-02,7.213113456964492798e-02
5.381943285465240479e-02,6.632764637470245361e-02
3.193936869502067566e-02,-1.137674227356910706e-02
-5.522793903946876526e-02,7.827780395746231079e-02
-6.817515194416046143e-02,7.457819581031799316e-02
-6.334372609853744507e-02,8.966078609228134155e-02
2.238901890814304352e-02,5.064873024821281433e-02
3.470882773399353027e-02,4.119635000824928284e-02
3.887708112597465515e-02,-6.186918821185827255e-03
-6.322936713695526123e-02,1.337387971580028534e-02
7.835527881979942322e-03,5.023409798741340637e-02
1.155820488929748535e-02,3.911526501178741455e-02
1.383992563933134079e-02,-2.322205528616905212e-02
-7.976999878883361816e-02,2.031462825834751129e-02
1.363321393728256226e-02,-4.913202300667762756e-02
-8.603282272815704346e-02,-8.796489797532558441e-03
-6.701537966728210449e-02,-1.079127076081931591e-03
-6.855251640081405640e-02,8.570273965597152710e-02
3.001943416893482208e-02,3.768245875835418701e-02
2.019631862640380859e-02,-3.620094805955886841e-02
4.529657587409019470e-02,-7.795312441885471344e-03
1.929330639541149139e-02,-1.405086182057857513e-02
3.472496941685676575e-02,6.420017778873443604e-02
1.814045757055282593e-02,-1.109160017222166061e-02
-7.776300609111785889e-02,7.763869315385818481e-02
-7.820933312177658081e-02,1.883445307612419128e-02
2.351737953722476959e-02,-1.114700920879840851e-02
-8.716186881065368652e-02,1.135998591780662537e-02
3.787037357687950134e-02,-1.901999674737453461e-02
4.259812831878662109e-02,4.955372959375381470e-02
-6.958106160163879395e-02,2.986417710781097412e-02
1.869438961148262024e-02,-1.073042117059230804e-02
2.329939976334571838e-02,-4.087852779775857925e-03
-7.402553409337997437e-02,1.555381435900926590e-02
2.615690603852272034e-02,-3.602230176329612732e-02
2.474529854953289032e-02,-2.028097212314605713e-02
1.044281199574470520e-02,-2.227421291172504425e-02
-8.417401462793350220e-02,1.076302211731672287e-02
-7.871866226196289062e-02,1.474685035645961761e-02
-7.570408284664154053e-02,2.514548227190971375e-02
2.950506098568439484e-02,5.632380023598670959e-02
-7.106867432594299316e-02,1.826765574514865875e-02
-5.483896657824516296e-02,8.951224386692047119e-02
1.707906462252140045e-02,-3.782331477850675583e-03
-7.234767079353332520e-02,6.056915223598480225e-02
2.567432262003421783e-02,-7.484998088330030441e-03
1.884424872696399689e-02,-2.919647097587585449e-02
-7.350441813468933105e-02,3.166647627949714661e-02
-7.379684597253799438e-02,1.232183072715997696e-02
-6.678394228219985962e-02,2.896202355623245239e-02
2.211054041981697083e-02,1.891535357572138309e-04
3.099900484085083008e-02,-2.697383984923362732e-02
-7.840645313262939453e-02,2.476415038108825684e-02
2.927009202539920807e-02,-1.449030172079801559e-02
-7.629036158323287964e-02,2.465990744531154633e-02
6.179448217153549194e-02,-8.379979990422725677e-03
6.283494085073471069e-02,-8.384773507714271545e-03
4.579287767410278320e-02,4.862364009022712708e-02
3.949023783206939697e-02,-1.084366068243980408e-02
-7.310473918914794922e-02,2.244991064071655273e-02
-7.280714064836502075e-02,-6.194892339408397675e-03
-7.982221245765686035e-02,-8.428491652011871338e-03
-7.369866222143173218e-02,-1.069379411637783051e-02
-7.295721769332885742e-02,-1.526627875864505768e-02
-7.931200414896011353e-02,2.133445255458354950e-02
-6.148553267121315002e-02,7.565609365701675415e-02
-7.800730317831039429e-02,-4.649850074201822281e-03
-8.140355348587036133e-02,2.850080095231533051e-02
-7.192089408636093140e-02,3.240672126412391663e-02
-4.762245714664459229e-02,7.880913466215133667e-02
-6.732553243637084961e-02,3.569807857275009155e-02
-6.056290864944458008e-02,8.591160178184509277e-02
2.266403660178184509e-02,-9.343333542346954346e-03
1.344991475343704224e-02,4.778848588466644287e-02
-6.328895688056945801e-02,2.778471447527408600e-02
-8.298899978399276733e-02,3.192591294646263123e-02
2.101795561611652374e-02,-1.085628103464841843e-02
-8.306301385164260864e-02,2.499054558575153351e-02
-6.239688396453857422e-02,2.499659545719623566e-02
-7.249461114406585693e-02,-7.017695810645818710e-03
-7.942198216915130615e-02,2.203907445073127747e-02
6.073685362935066223e-03,-1.531407609581947327e-02
1.430201716721057892e-02,-2.585394866764545441e-02
-7.840120792388916016e-02,2.190222591161727905e-02
1.953405700623989105e-02,-7.772065233439207077e-03
-6.356713920831680298e-02,-6.611635326407849789e-04
1.884147152304649353e-02,-2.167087234556674957e-02
4.055432043969631195e-03,-1.355808693915605545e-02
1.417052559554576874e-02,-1.113796792924404144e-02
-4.612120613455772400e-02,-8.410852402448654175e-03
1.453712489455938339e-02,-2.819428406655788422e-02
-8.005990087985992432e-02,1.889469102025032043e-02
-4.913177341222763062e-02,-8.178574033081531525e-03
2.548165060579776764e-02,-2.920881099998950958e-02
3.048121742904186249e-02,-4.981627687811851501e-03
2.376314811408519745e-02,5.680105835199356079e-02
-6.124708056449890137e-02,2.405888400971889496e-03
-6.096899881958961487e-02,4.819637630134820938e-03
-8.541930466890335083e-02,1.293786615133285522e-02
3.410829976201057434e-02,-2.014890871942043304e-02
-4.785646125674247742e-02,-1.090815872885286808e-03
-9.143900126218795776e-02,5.472894757986068726e-03
-8.011106401681900024e-02,1.908206008374691010e-02
3.134294599294662476e-02,-2.169586531817913055e-02
-7.130105048418045044e-02,-6.059268023818731308e-03
1.934537105262279510e-02,-1.601517386734485626e-02
1.040721684694290161e-02,-1.993922889232635498e-02
-7.748405635356903076e-02,2.515360899269580841e-02
3.008930198848247528e-02,-2.825878188014030457e-02
2.926769293844699860e-02,-1.966715045273303986e-02
-4.919924959540367126e-02,-3.893759567290544510e-03
1.873784884810447693e-02,-2.619189955294132233e-02
-8.959740400314331055e-02,1.900982111692428589e-02
3.568795323371887207e-02,-1.523100584745407104e-02
-5.068029463291168213e-02,-7.307470776140689850e-03
3.012415766716003418e-02,-1.970274746417999268e-02
4.491777718067169189e-02,-8.853401057422161102e-03
3.012827970087528229e-02,-1.711398176848888397e-02
-6.387083977460861206e-02,8.503239601850509644e-03
-7.314430922269821167e-02,-1.391467056237161160e-03
4.112033918499946594e-02,-2.971635013818740845e-02
-7.710501551628112793e-02,-9.940872900187969208e-03
2.319637313485145569e-02,-1.189244817942380905e-02
-7.811385393142700195e-02,-8.752612397074699402e-03
-6.816452741622924805e-02,-3.041826887056231499e-03
-7.361608743667602539e-02,-6.692919880151748657e-03
1.961622387170791626e-02,-1.376410201191902161e-02
-9.564815461635589600e-02,9.847636334598064423e-03
-7.774511724710464478e-02,2.378663979470729828e-02
-5.898552760481834412e-02,-4.075015604030340910e-04
-6.635723263025283813e-02,8.552283048629760742e-02
-8.347757905721664429e-02,1.170918159186840057e-02
4.022127762436866760e-02,-2.540505118668079376e-02
-7.523835450410842896e-02,-1.506934175267815590e-03
-7.473458349704742432e-02,-3.689614357426762581e-03
1.531823351979255676e-02,-2.697269618511199951e-02
-8.740532398223876953e-02,1.427385676652193069e-02
4.670765250921249390e-03,-2.117930166423320770e-02
1.220113970339298248e-02,-1.053904462605714798e-02
-9.232420474290847778e-02,4.815222229808568954e-03
-8.160047978162765503e-02,2.358496561646461487e-02
1.248954422771930695e-02,-8.741064928472042084e-03
-8.081421256065368652e-02,1.146712899208068848e-02
-5.544242635369300842e-02,9.011256508529186249e-03
3.782238066196441650e-02,-2.752427570521831512e-02
-8.137376606464385986e-02,1.013286970555782318e-02
2.359434030950069427e-02,-2.874980913475155830e-03
2.089936472475528717e-02,-1.150216441601514816e-03
-6.542173773050308228e-02,-4.694660659879446030e-03
5.150640849024057388e-03,-2.115350030362606049e-02
-7.508717477321624756e-02,1.986209861934185028e-02
-7.843247801065444946e-02,-9.348217397928237915e-03
2.827630378305912018e-02,3.326406329870223999e-02
2.623029612004756927e-02,-3.655490651726722717e-02
2.443779818713665009e-02,-3.333089128136634827e-02
-7.459998875856399536e-02,2.347655966877937317e-02
2.861522138118743896e-02,-1.344711054116487503e-02
-6.184722855687141418e-02,-2.012406289577484131e-02
-7.210762053728103638e-02,-4.222029820084571838e-03
2.027475461363792419e-02,-2.599888481199741364e-02
3.787480294704437256e-02,-2.157533541321754456e-02
-5.915272980928421021e-02,-1.504250522702932358e-02
2.543030679225921631e-02,-1.010286156088113785e-02
1.927498914301395416e-02,-2.101705595850944519e-02
-5.510719865560531616e-02,4.591414704918861389e-03
-6.102069094777107239e-02,-1.544495485723018646e-02
-8.715519309043884277e-02,1.775104179978370667e-02
-7.087647169828414917e-02,1.909394050016999245e-03
-9.041713178157806396e-02,2.228836156427860260e-02
-7.329049706459045410e-02,-3.045780817046761513e-03
1.793636009097099304e-02,-2.838319912552833557e-02
-7.989913225173950195e-02,-1.013913284987211227e-02
-9.292623400688171387e-02,9.040582925081253052e-03
-8.982156217098236084e-02,8.894926868379116058e-03
2.197085693478584290e-02,-2.328426577150821686e-02
-7.452262192964553833e-02,-1.522557158023118973e-02
-7.941704988479614258e-02,-4.773406777530908585e-03
-6.305743753910064697e-02,-1.992233883356675506e-04
-7.503408938646316528e-02,-1.270051859319210052e-02
5.489722359925508499e-03,-1.552745886147022247e-02
-7.033956795930862427e-02,-1.015166472643613815e-02
2.643190324306488037e-02,-2.779485471546649933e-02
1.503692008554935455e-02,-3.068248368799686432e-02
1.150654535740613937e-02,-3.777574002742767334e-02
1.245193369686603546e-02,-3.151649609208106995e-02
7.661622483283281326e-03,-1.984375901520252228e-02
-6.857835501432418823e-02,-4.816249478608369827e-03
2.881618682295084000e-03,-1.751573011279106140e-02
4.355235397815704346e-02,-1.557365246117115021e-02
-4.574701562523841858e-02,-1.701475307345390320e-02
-5.072684958577156067e-02,-1.140276249498128891e-02
-6.607899814844131470e-02,-3.242947161197662354e-03
-9.558193385601043701e-02,7.975469343364238739e-03
-7.652520388364791870e-02,-3.837941912934184074e-03
2.074021287262439728e-02,-3.233881294727325439e-02
-6.626694649457931519e-02,8.937962120398879051e-04
-6.763812899589538574e-02,-1.928901113569736481e-02
-7.132890075445175171e-02,-3.985157702118158340e-03
-7.552795112133026123e-02,-7.497469894587993622e-03
-8.075871318578720093e-02,-1.089400332421064377e-02
2.817968279123306274e-02,-1.557055208832025528e-02
-6.480275839567184448e-02,2.154585346579551697e-02
-7.506281137466430664e-02,-6.141028832644224167e-03
2.238476835191249847e-02,-3.706854069605469704e-03
-6.252750754356384277e-02,-1.904876343905925751e-02
-9.767405688762664795e-02,1.138283032923936844e-02
-5.295107886195182800e-02,-1.188481040298938751e-02
-7.286623120307922363e-02,2.381406258791685104e-03
-7.092552632093429565e-02,-7.023112848401069641e-03
7.355863228440284729e-03,-3.533510491251945496e-02
-4.749280586838722229e-02,-1.639760471880435944e-02
3.639789670705795288e-02,-1.622445322573184967e-02
1.251485943794250488e-02,-3.570633381605148315e-02
2.528637833893299103e-02,-1.517186779528856277e-02
-9.533844143152236938e-02,1.640391908586025238e-02
-7.046797871589660645e-02,-1.700647524558007717e-03
-4.972928389906883240e-02,-1.110168639570474625e-02
-7.049069553613662720e-02,-7.315565366297960281e-03
-7.020352780818939209e-02,-1.684877322986721992e-03
-8.772130310535430908e-02,1.814809255301952362e-02
2.016507275402545929e-02,-8.617769926786422729e-03
2.680058404803276062e-02,-9.395986795425415039e-03
-7.438845187425613403e-02,-1.041465438902378082e-02
-6.704367697238922119e-02,-1.531330682337284088e-02
-6.681811064481735229e-02,-1.151287555694580078e-02
-8.989940583705902100e-02,1.605721749365329742e-02
1.035165600478649139e-02,-4.431438073515892029e-02
-9.271834045648574829e-02,1.249874755740165710e-02
-6.926524639129638672e-02,-1.067488733679056168e-02
1.989216729998588562e-02,-3.150912746787071228e-02
-6.887169182300567627e-02,-5.125672090798616409e-03
-8.711946010589599609e-02,1.189466286450624466e-02
-9.242621064186096191e-02,1.318133715540170670e-02
-5.972724407911300659e-02,-1.422869041562080383e-02
6.515558343380689621e-04,-3.217802196741104126e-02
-8.789528161287307739e-02,4.938279744237661362e-03
-5.903413891792297363e-02,2.147891791537404060e-03
-8.045721799135208130e-02,-1.959658972918987274e-02
-9.375975281000137329e-02,1.102238427847623825e-02
-9.069914370775222778e-02,9.053319692611694336e-03
-6.399086117744445801e-02,1.846286118961870670e-03
-7.044342160224914551e-02,-5.898661445826292038e-03
-8.845799416303634644e-02,1.030040252953767776e-02
2.013530209660530090e-02,-1.312883198261260986e-02
-6.817266345024108887e-02,-7.899745367467403412e-03
-8.630930632352828979e-02,-7.038763142190873623e-04
-6.121485680341720581e-02,3.065216820687055588e-03
2.080873213708400726e-02,-1.959479786455631256e-02
2.485816366970539093e-02,-8.875588886439800262e-03
1.841887272894382477e-02,-1.636118628084659576e-02
2.256597951054573059e-02,-2.492884919047355652e-02
-6.844378262758255005e-02,-4.280596971511840820e-03
-8.034957945346832275e-02,-1.381935831159353256e-02
-7.963868230581283569e-02,-8.356180973351001740e-03
-8.947519212961196899e-02,5.586007609963417053e-03
-5.388232693076133728e-02,-1.325632538646459579e-02
-5.687461793422698975e-02,3.343533491715788841e-03
-6.702187657356262207e-02,-2.242302522063255310e-02
-4.928218200802803040e-02,-5.224939901381731033e-03
-6.399661302566528320e-02,-2.411933802068233490e-02
-6.150154769420623779e-02,-2.307519875466823578e-02
-6.740192323923110962e-02,-2.060697181150317192e-03
1.512577198445796967e-02,-1.987489312887191772e-02
3.023844445124268532e-03,-2.738115750253200531e-02
-8.165532350540161133e-02,9.573675692081451416e-03
1.143164746463298798e-02,-1.065861899405717850e-02
-7.772514969110488892e-02,-6.710496265441179276e-03
-7.465984672307968140e-02,-1.049216650426387787e-02
-1.485357759520411491e-03,-2.099196240305900574e-02
-7.544040679931640625e-02,-2.403313852846622467e-02
-7.453127205371856689e-02,-6.621393375098705292e-03
8.097706362605094910e-03,-3.138390555977821350e-02
-7.012066245079040527e-02,-1.419788319617509842e-02
2.174733206629753113e-02,-1.462830230593681335e-02
-8.576696366071701050e-02,-7.974809966981410980e-03
-6.289684772491455078e-02,9.200262138620018959e-04
-7.018178701400756836e-02,-5.675960797816514969e-03
-5.841650813817977905e-02,5.599178839474916458e-03
-4.718356952071189880e-02,-1.022420544177293777e-02
-8.876107633113861084e-02,1.325969304889440536e-02
-4.406058869790285826e-04,-2.053505927324295044e-02
-8.524017781019210815e-02,1.759999804198741913e-02
-1.007072776556015015e-01,1.033871155232191086e-02
3.063047537580132484e-03,-2.546177059412002563e-02
2.373624406754970551e-02,3.131711483001708984e-02
2.382850274443626404e-02,-3.413831815123558044e-02
8.000404573976993561e-03,-2.488395199179649353e-02
-5.712285265326499939e-02,5.940004251897335052e-03
-7.837070524692535400e-02,2.044090069830417633e-02
-7.458073645830154419e-02,-1.790525205433368683e-02
1.264978665858507156e-02,-3.849871084094047546e-02
-4.763929173350334167e-02,-6.125954445451498032e-03
8.550719358026981354e-03,-3.576994314789772034e-02
-9.374856948852539062e-02,6.654038559645414352e-03
-6.463572382926940918e-02,2.521969610825181007e-03
-6.253574788570404053e-02,-1.768135838210582733e-02
-8.108661323785781860e-02,-6.013731937855482101e-03
3.363975323736667633e-03,-2.700714208185672760e-02
1.920983940362930298e-02,-9.101388975977897644e-03
-7.943387329578399658e-02,-3.538003191351890564e-03
-9.051769971847534180e-02,1.616629771888256073e-02
-6.241296231746673584e-02,2.647109795361757278e-04
-7.652086019515991211e-02,-5.123054608702659607e-03
1.591438986361026764e-02,-1.474803406745195389e-02
1.250036060810089111e-02,-3.466364741325378418e-02
-7.549776881933212280e-02,-6.848989054560661316e-03
1.468748087063431740e-04,-1.990667358040809631e-02
-7.439550757408142090e-02,-1.011250913143157959e-02
-6.634780019521713257e-02,-5.490034818649291992e-03
-7.633370161056518555e-02,1.607285253703594208e-02
-7.962441444396972656e-02,-4.751913715153932571e-03
1.399720180779695511e-02,-8.761538192629814148e-03
8.331588469445705414e-03,-2.198677323758602142e-02
-7.362228631973266602e-02,-1.367499306797981262e-02
1.608742028474807739e-02,-3.717336803674697876e-02
-7.953003048896789551e-02,2.452286891639232635e-02
-8.195625990629196167e-02,1.982643827795982361e-02
-5.487990379333496094e-02,-9.526235982775688171e-03
1.788019202649593353e-02,-4.116852302104234695e-03
-9.923942387104034424e-02,9.852373972535133362e-03
-7.807867228984832764e-02,-8.336393162608146667e-03
-6.924445927143096924e-02,1.174472388811409473e-03
-9.158635139465332031e-02,5.544289946556091309e-03
-8.655666559934616089e-02,-1.062583760358393192e-03
-8.492756634950637817e-02,-1.001140195876359940e-02
-6.856941431760787964e-02,8.312560617923736572e-03
1.769758947193622589e-02,-2.048213221132755280e-02
-8.685702830553054810e-02,3.977847285568714142e-03
-5.995859950780868530e-02,-8.450347930192947388e-03
-8.100157231092453003e-02,1.845496892929077148e-02
-6.454177945852279663e-02,-1.533981971442699432e-02
1.214549783617258072e-02,-1.596364006400108337e-02
2.297255210578441620e-02,-2.301445789635181427e-02
2.407007664442062378e-02,-3.874206915497779846e-02
-5.373355373740196228e-02,-1.472311466932296753e-02
1.489980239421129227e-02,-3.956112638115882874e-02
-5.277363955974578857e-02,-2.410508226603269577e-03
-6.302444636821746826e-02,1.651452109217643738e-02
1.948282495141029358e-02,-3.209918364882469177e-02
-6.947778910398483276e-02,-1.223138347268104553e-02
-5.654068663716316223e-02,-1.224636565893888474e-02
-7.593109458684921265e-02,-7.128607481718063354e-03
-5.060955882072448730e-02,-1.656452752649784088e-02
-6.810288876295089722e-02,-2.220929600298404694e-02
-5.752322450280189514e-02,-5.442361347377300262e-03
2.680266834795475006e-02,-2.621774189174175262e-02
3.273418545722961426e-02,-3.046045452356338501e-02
-8.583332598209381104e-02,-3.638207679614424706e-03
-4.847485199570655823e-02,-7.828561589121818542e-03
-6.556776165962219238e-02,-2.152578160166740417e-02
-6.336708366870880127e-02,-1.097611524164676666e-02
-7.901679724454879761e-02,1.230987021699547768e-03
-6.234678998589515686e-02,-2.670231834053993225e-02
-8.219041675329208374e-02,-9.412285871803760529e-03
2.448850311338901520e-02,-2.025168202817440033e-02
-6.918113678693771362e-02,-2.224361896514892578e-02
3.369178622961044312e-02,-1.877025514841079712e-02
-5.610105395317077637e-02,-1.199536304920911789e-02
-8.295200020074844360e-02,1.296998560428619385e-02
8.863115683197975159e-03,-1.200006436556577682e-02
1.581180468201637268e-02,-1.300746854394674301e-02
1.534473896026611328e-02,-1.275139022618532181e-02
-4.998310655355453491e-02,1.498980075120925903e-02
3.188385441899299622e-02,-1.529779518023133278e-03
-5.263591557741165161e-02,-1.137773739174008369e-03
2.728848531842231750e-02,-7.527193520218133926e-03
3.517903760075569153e-02,-1.579390838742256165e-02
-7.682937383651733398e-02,2.036518789827823639e-02
-5.882750824093818665e-02,-1.238988433033227921e-02
-6.267765164375305176e-02,-2.112610824406147003e-02
-4.742820188403129578e-02,-4.442449659109115601e-03
-7.152988016605377197e-02,-1.707170158624649048e-02
4.131073504686355591e-02,-1.483250968158245087e-02
-8.213637024164199829e-02,2.100998908281326294e-02
-6.660693138837814331e-02,3.046300029382109642e-03
1.027284376323223114e-02,-3.078469820320606232e-02
-7.749782502651214600e-02,-5.794608499854803085e-03
2.919960767030715942e-02,-1.655617356300354004e-02
2.183335274457931519e-02,-2.808717638254165649e-02
-8.801997452974319458e-02,1.271620858460664749e-02
2.318155579268932343e-02,-2.583655528724193573e-02
-8.341529965400695801e-02,1.304565463215112686e-02
7.205917034298181534e-03,-1.094562746584415436e-02
-8.547713607549667358e-02,-1.479137875139713287e-02
-4.622215777635574341e-02,1.956315152347087860e-02
2.390037290751934052e-02,-5.658100824803113937e-03
-7.485745847225189209e-02,4.467703693080693483e-04
-7.812751084566116333e-02,4.213653970509767532e-03
-6.514509767293930054e-02,-1.945059746503829956e-02
-6.363260000944137573e-02,-2.723154239356517792e-02
-5.300853773951530457e-02,-8.724609389901161194e-03
-4.329328611493110657e-02,5.885817809030413628e-04
-7.024684548377990723e-02,-1.045596785843372345e-03
-6.813891977071762085e-02,-1.960758864879608154e-02
2.769780904054641724e-02,-1.589083299040794373e-02
-7.757028937339782715e-02,-8.799265138804912567e-03
-6.926937401294708252e-02,-2.381784096360206604e-02
-5.393191426992416382e-02,-8.292113430798053741e-03
-8.460292220115661621e-02,8.133270894177258015e-04
-4.377860575914382935e-02,-1.068542059510946274e-02
-8.561583608388900757e-02,2.222647657617926598e-03
-6.984908878803253174e-02,4.574763588607311249e-03
-7.243999838829040527e-02,-1.351474132388830185e-02
-6.775297224521636963e-02,-1.023720018565654755e-02
-5.809173360466957092e-02,-1.773356273770332336e-02
-5.788540467619895935e-02,-1.100310683250427246e-02
-8.211736381053924561e-02,1.826669462025165558e-02
2.230777591466903687e-02,-2.501051872968673706e-02
-9.335850924253463745e-02,4.931837785989046097e-03
-6.137600913643836975e-02,-2.407872863113880157e-02
-8.671198040246963501e-02,1.323264557868242264e-02
-7.832802087068557739e-02,-8.127076551318168640e-03
-7.197043299674987793e-02,7.872191781643778086e-05
-6.859339028596878052e-02,-9.057953953742980957e-03
-6.225605681538581848e-02,-1.505049318075180054e-02
-6.456236541271209717e-02,-9.581768885254859924e-03
-7.095498591661453247e-02,2.037720754742622375e-03
-6.733296811580657959e-02,2.943052211776375771e-03
1.689405553042888641e-02,-2.764146216213703156e-02
1.048847683705389500e-03,-1.879326440393924713e-02
1.211666222661733627e-02,-3.559287264943122864e-02
1.246779132634401321e-02,-2.720185555517673492e-02
6.452267058193683624e-03,-1.772720180451869965e-02
9.068225510418415070e-03,-3.303619474172592163e-02
-7.030650973320007324e-02,2.068286063149571419e-03
-7.214473187923431396e-02,1.352618332020938396e-03
-6.474760174751281738e-02,-1.304659526795148849e-02
-5.832104012370109558e-02,-5.181677173823118210e-03
-8.123215287923812866e-02,-1.584963058121502399e-03
-8.288828283548355103e-02,-8.048359304666519165e-03
-7.754917442798614502e-02,-6.833517923951148987e-03
-6.473375111818313599e-02,-1.488708890974521637e-02
1.655577495694160461e-02,-3.009156137704849243e-02
-5.697764828801155090e-02,-1.273612678050994873e-02
-7.714895904064178467e-02,-4.212296102195978165e-03
1.548289880156517029e-02,-2.504651807248592377e-02
-1.413920987397432327e-02,1.870275358669459820e-03
-7.804757356643676758e-02,-7.327457424253225327e-03
-9.203819185495376587e-02,5.117748863995075226e-03
-6.789345294237136841e-02,5.504321772605180740e-03
-6.319249421358108521e-02,5.879292730242013931e-03
-6.254204362630844116e-02,-1.809518411755561829e-02
-6.934361904859542847e-02,-6.630719639360904694e-03
3.489918308332562447e-03,-3.633857518434524536e-02
-7.050126045942306519e-02,2.695080591365695000e-03
-7.803823798894882202e-02,2.068559452891349792e-02
-8.955568820238113403e-02,1.031711604446172714e-02
-7.419954240322113037e-02,1.393541926518082619e-03
-6.843232363462448120e-02,4.020729102194309235e-03
-9.670425206422805786e-02,1.356584019958972931e-02
-6.708651781082153320e-02,9.023289312608540058e-04
-7.570794224739074707e-02,-2.496398228686302900e-04
-8.217822760343551636e-02,7.240111008286476135e-03
-8.101761341094970703e-02,-8.997303433716297150e-03
-4.286214709281921387e-02,-3.835297888144850731e-03
1.139845233410596848e-03,-1.883778534829616547e-02
-6.762149930000305176e-02,-2.012470364570617676e-02
1.680511422455310822e-02,-3.099101595580577850e-02
3.367873607203364372e-03,-2.283971384167671204e-02
-8.051253110170364380e-02,-1.453477423638105392e-02
1.125138811767101288e-02,-1.711163111031055450e-02
7.992120459675788879e-03,-1.734705269336700439e-02
-8.540851622819900513e-02,1.120936824008822441e-03
2.107269596308469772e-03,-1.560345944017171860e-02
-7.867614179849624634e-02,5.888811312615871429e-03
-7.477556914091110229e-02,-1.039961632341146469e-02
-4.865641891956329346e-02,-9.152684360742568970e-03
-8.188891410827636719e-02,1.370311621576547623e-02
1.577116735279560089e-02,-2.583754993975162506e-02
-5.604134872555732727e-02,1.016628555953502655e-02
-6.999316066503524780e-02,-7.542171981185674667e-03
-4.890074953436851501e-02,-1.101608108729124069e-02
-8.851303160190582275e-02,7.119774818420410156e-03
-7.950999587774276733e-02,-1.312652043998241425e-02
-7.722885906696319580e-02,1.712605357170104980e-02
1.611183583736419678e-02,-1.544455345720052719e-02
1.416396815329790115e-02,-3.041867539286613464e-02
-7.342311739921569824e-02,-3.203877713531255722e-03
8.345128968358039856e-03,-7.598045282065868378e-03
-6.318130344152450562e-02,-2.186715835705399513e-03
8.290258236229419708e-03,-1.155259553343057632e-02
-9.484361857175827026e-02,2.199080307036638260e-03
6.563527975231409073e-03,-1.016600988805294037e-02
-7.518599182367324829e-02,-7.806168869137763977e-04
-8.969926834106445312e-02,1.353890448808670044e-02
-5.904040485620498657e-02,-1.771568693220615387e-02
-7.191452383995056152e-02,2.584452042356133461e-03
-7.153253257274627686e-02,-2.427424071356654167e-03
-7.214318215847015381e-02,2.295734127983450890e-03
-9.129661135375499725e-03,-1.289980020374059677e-02
-7.331921905279159546e-02,5.416445783339440823e-04
-6.987606734037399292e-02,5.450241733342409134e-04
-1.391870528459548950e-02,6.318239495158195496e-03
1.399973407387733459e-02,-1.018385775387287140e-02
-8.695559203624725342e-02,1.543908473104238510e-02
-8.285008370876312256e-02,1.610021479427814484e-02
-8.384181559085845947e-02,-5.680075846612453461e-03
-7.598979026079177856e-02,-5.842040758579969406e-03
-6.831553578376770020e-02,-2.245884761214256287e-02
-7.202471047639846802e-02,-1.486899610608816147e-02
-4.922899603843688965e-02,6.202327087521553040e-02
6.341302301734685898e-03,-2.746406942605972290e-02
2.044571936130523682e-02,-2.741496637463569641e-02
3.588255727663636208e-03,5.016324110329151154e-03
-9.146473556756973267e-02,1.698945462703704834e-02
-6.886229664087295532e-02,-8.172483649104833603e-04
-7.393291592597961426e-02,-3.778979182243347168e-03
-1.182580552995204926e-02,-2.371971728280186653e-03
-6.648879498243331909e-02,-6.645160727202892303e-03
-8.306726068258285522e-02,-8.323531597852706909e-03
-5.668610706925392151e-02,-1.801127381622791290e-02
-5.214396119117736816e-02,7.272353861480951309e-03
-7.053482532501220703e-02,-4.772313404828310013e-03
-6.058592349290847778e-02,-4.919260274618864059e-03
-6.830557435750961304e-02,5.271142348647117615e-03
-7.374999672174453735e-02,-8.467220701277256012e-03
-6.422331184148788452e-02,6.445091217756271362e-02
-7.583013921976089478e-02,-4.150978755205869675e-03
-7.040973752737045288e-02,1.093168277293443680e-03
1.632081903517246246e-02,-2.659945189952850342e-02
-6.790457665920257568e-02,-1.924626529216766357e-03
-6.483031809329986572e-02,-1.814709417521953583e-02
-5.346853286027908325e-02,8.207107894122600555e-03
-9.855193085968494415e-03,-1.528608426451683044e-02
1.721010357141494751e-02,-3.129000961780548096e-02
-7.894103974103927612e-02,-6.601527333259582520e-03
-7.770936936140060425e-02,2.759014442563056946e-02
-6.779926270246505737e-02,-2.642301376909017563e-03
-8.832340687513351440e-02,2.049232274293899536e-02
-5.441500246524810791e-02,-2.282029576599597931e-02
-5.669753998517990112e-02,-1.461725402623414993e-02
-6.896113604307174683e-02,-1.142376195639371872e-02
-8.610295504331588745e-02,-7.486640824936330318e-04
-7.584813982248306274e-02,-4.679775331169366837e-03
-7.298360019922256470e-02,2.665561158210039139e-03
-7.942378520965576172e-02,-8.267750032246112823e-03
-9.779381006956100464e-02,1.161702908575534821e-02
-7.766896486282348633e-02,-8.174755610525608063e-03
-8.575331419706344604e-02,1.262858044356107712e-02
-7.283873111009597778e-02,-5.323417484760284424e-03
-7.961469143629074097e-02,-8.946835063397884369e-03
-5.672697722911834717e-02,-2.165374718606472015e-02
-7.319285720586776733e-02,3.450479125604033470e-04
-9.290929138660430908e-02,7.894871756434440613e-03
-9.191000461578369141e-02,9.782187640666961670e-03
-8.267235755920410156e-02,1.709031499922275543e-02
-9.808505326509475708e-02,1.194954011589288712e-02
-8.053264021873474121e-02,-1.672998256981372833e-02
-8.833298087120056152e-02,7.536968681961297989e-03
-7.943017780780792236e-02,-3.270435379818081856e-03
-6.921034306287765503e-02,6.407196819782257080e-02
-6.878678500652313232e-02,-1.426644902676343918e-02
-6.800248473882675171e-02,-2.104073762893676758e-02
-8.648808300495147705e-02,-5.226235371083021164e-03
-5.336215347051620483e-02,-1.681593246757984161e-02
-6.773021072149276733e-02,-1.900386810302734375e-02
-7.714740931987762451e-02,-1.511118467897176743e-02
-7.152612507343292236e-02,-7.265437860041856766e-03
-7.411085814237594604e-02,2.000892534852027893e-02
-7.736652344465255737e-02,-6.076505873352289200e-03
-7.834164798259735107e-02,-8.400276419706642628e-04
-5.568536370992660522e-02,-1.725007407367229462e-02
-7.414247840642929077e-02,-6.344331428408622742e-03
-6.897567212581634521e-02,9.347147424705326557e-04
-8.065396547317504883e-02,-1.335817109793424606e-02
-8.351148664951324463e-02,1.447332929819822311e-02
-7.737836241722106934e-02,8.157474920153617859e-03
-9.180283546447753906e-02,1.840296573936939240e-02
-8.114033937454223633e-02,1.863186806440353394e-02
4.169237799942493439e-03,-2.668056264519691467e-02
-7.594667375087738037e-02,-7.109422702342271805e-03
5.180233158171176910e-03,-2.116154506802558899e-02
-7.680720835924148560e-02,1.311136875301599503e-03
-7.788657397031784058e-02,-6.635447498410940170e-03
-7.523819804191589355e-02,-9.211649186909198761e-03
1.654632017016410828e-02,-1.969243958592414856e-02
-7.311227172613143921e-02,2.790425671264529228e-03
-8.503363281488418579e-02,6.965706590563058853e-03
-6.481489539146423340e-02,-1.277645956724882126e-02
-9.075584262609481812e-02,1.618101075291633606e-02
-6.376206874847412109e-02,-2.217840217053890228e-02
-6.173202395439147949e-02,-1.238603889942169189e-02
-6.451775133609771729e-02,-1.635325700044631958e-02
-6.529486924409866333e-02,-1.364916190505027771e-02
-7.071796804666519165e-02,-4.444475285708904266e-03
-8.478843420743942261e-02,7.959327660501003265e-03
-5.598575621843338013e-02,5.868510901927947998e-02
-6.627320498228073120e-02,-1.325673540122807026e-03
-7.527676969766616821e-02,-7.427465636283159256e-03
-6.579591333866119385e-02,3.884665493387728930e-04
-6.702618300914764404e-02,-7.999317720532417297e-03
-3.105280047748237848e-04,-2.787450328469276428e-02
-7.207324355840682983e-02,-6.757968105375766754e-03
-8.750674128532409668e-02,1.584381423890590668e-02
-7.349957525730133057e-02,-4.526574630290269852e-03
-7.745610922574996948e-02,-6.810409948229789734e-03
-6.552617996931076050e-02,-2.311450662091374397e-03
-6.278991699218750000e-02,-1.399834826588630676e-02
-7.151065021753311157e-02,2.214526757597923279e-03
-5.587924271821975708e-02,-1.178967487066984177e-02
-7.168581336736679077e-02,-4.771268926560878754e-03
-8.631201833486557007e-02,-6.585678551346063614e-03
-5.763833224773406982e-02,-1.678308285772800446e-02
7.870783098042011261e-03,-2.230376377701759338e-02
-5.063449032604694366e-03,-9.955858811736106873e-03
-6.490365415811538696e-02,-8.672643452882766724e-03
-7.098968327045440674e-02,-1.674000360071659088e-02
-6.456171721220016479e-02,-4.929608199745416641e-03
-6.508657336235046387e-02,-7.796969264745712280e-03
-7.014453411102294922e-02,-1.049423497170209885e-02
-6.321568042039871216e-02,-7.376141380518674850e-03
-7.963459938764572144e-02,-2.284398302435874939e-03
-6.849723309278488159e-02,-1.114319078624248505e-02
-8.620135486125946045e-02,8.941500447690486908e-03
-7.834768295288085938e-02,-6.853858008980751038e-03
-7.801882177591323853e-02,-3.498161910101771355e-03
-8.484740555286407471e-02,9.729768149554729462e-03
-9.168043732643127441e-02,1.482207234948873520e-02
1.470752153545618057e-02,-1.473305094987154007e-02
-8.962634205818176270e-02,9.089607745409011841e-03
-7.366859912872314453e-02,-1.828389358706772327e-03
-5.912009254097938538e-02,9.472107631154358387e-04
-9.590238332748413086e-02,1.280223205685615540e-02
-7.531399279832839966e-02,-6.931969895958900452e-03
-7.739577442407608032e-02,-1.119772531092166901e-02
-7.214064896106719971e-02,-2.472944557666778564e-03
-6.421189755201339722e-02,-2.117459848523139954e-02
-8.139392733573913574e-02,-1.829551532864570618e-02
-7.466651499271392822e-02,-8.244940079748630524e-03
-7.810855656862258911e-02,-6.358763203024864197e-03
-8.054105192422866821e-02,-5.402779206633567810e-03
-7.867539674043655396e-02,-1.914770109578967094e-03
-7.881716638803482056e-02,-1.474896213039755821e-03
6.011893507093191147e-03,-2.259482629597187042e-02
-7.588027417659759521e-02,-9.199340827763080597e-03
-8.598830550909042358e-02,1.007817126810550690e-02
-8.133845776319503784e-02,-5.850050598382949829e-03
-7.730326056480407715e-02,-9.807283058762550354e-03
-5.633082613348960876e-02,6.106641888618469238e-02
-7.761216908693313599e-02,-6.142550613731145859e-03
-7.052715867757797241e-02,-3.537819487974047661e-03
2.059643901884555817e-02,-5.689769517630338669e-03
-8.303487300872802734e-02,1.137460488826036453e-02
-8.021349459886550903e-02,-1.225669216364622116e-02
-8.284498006105422974e-02,-3.362396091688424349e-04
-8.545068651437759399e-02,-6.592586170881986618e-03
-1.026884019374847412e-01,1.396926771849393845e-02
-8.436979353427886963e-02,9.430367499589920044e-03
-6.554598361253738403e-02,-1.690224744379520416e-02
-6.552492827177047729e-02,-2.687264932319521904e-03
-7.371555268764495850e-02,-1.540485490113496780e-02
-1.020069420337677002e-01,1.400185562670230865e-02
-9.881953895092010498e-02,5.567058455199003220e-03
-7.482570409774780273e-02,-2.847208175808191299e-03
-9.218855202198028564e-02,5.907545797526836395e-03
-7.135923951864242554e-02,-5.215471610426902771e-03
-7.934986054897308350e-02,-8.149695582687854767e-03
-7.479609549045562744e-02,-5.540633108466863632e-03
-7.696874439716339111e-02,-3.276822622865438461e-03
2.940045483410358429e-02,-1.493953168392181396e-02
-9.309061616659164429e-02,1.142357755452394485e-02
-9.286137670278549194e-02,1.086832489818334579e-02
1.697536744177341461e-02,-3.740667365491390228e-03
-7.891774922609329224e-02,-1.246219407767057419e-02
2.726700389757752419e-03,-1.789240166544914246e-02
-6.704077869653701782e-02,-1.628522388637065887e-02
-7.745753973722457886e-02,-1.374137215316295624e-02
-8.158441632986068726e-02,-8.885607239790260792e-04
-6.621681898832321167e-02,-1.098950393497943878e-02
-7.133477926254272461e-02,-1.786542497575283051e-02
-7.509298622608184814e-02,-5.809749010950326920e-03
-7.285108417272567749e-02,-4.631156101822853088e-03
-9.416168183088302612e-02,7.314760703593492508e-03
-8.320432156324386597e-02,-4.566669929772615433e-03
-7.827033102512359619e-02,-5.662898183800280094e-04
-9.705863147974014282e-02,1.398353651165962219e-02
-9.449639916419982910e-02,1.253408286720514297e-02
-7.701513916254043579e-02,-6.244135089218616486e-03
1.800401136279106140e-02,-9.821898303925991058e-03
-8.658780157566070557e-02,1.141276210546493530e-02
-8.480955660343170166e-02,-4.263891372829675674e-03
-7.697675377130508423e-02,-1.246229512616991997e-03
-6.352294981479644775e-02,-1.770060323178768158e-02
-7.819937169551849365e-02,-2.527786418795585632e-03
-9.206133335828781128e-02,3.442785236984491348e-03
-7.209465652704238892e-02,-8.377353660762310028e-03
-6.869722902774810791e-02,6.129788234829902649e-04
-7.682488113641738892e-02,-9.192559868097305298e-03
-6.968662887811660767e-02,-4.719911608844995499e-03
-9.226234257221221924e-02,1.626647822558879852e-02
-7.049398869276046753e-02,-1.144384872168302536e-02
-9.081496298313140869e-02,6.026607006788253784e-03
-7.440692931413650513e-02,-8.055663201957941055e-04
-6.472828984260559082e-02,-1.758559048175811768e-02
-7.368063181638717651e-02,-3.664138494059443474e-03
-7.344122231006622314e-02,-5.531383212655782700e-03
-7.521035522222518921e-02,-7.288708817213773727e-03
-6.072141975164413452e-02,1.364863757044076920e-02
-6.669802218675613403e-02,-5.628147162497043610e-03
-7.726603746414184570e-02,-2.028401475399732590e-03
-7.684577256441116333e-02,-3.576508956030011177e-03
-9.723936766386032104e-02,1.459724828600883484e-02
-8.817434310913085938e-02,5.683821626007556915e-03
-5.960166826844215393e-02,-1.428891066461801529e-02
-1.010922417044639587e-01,5.343793891370296478e-03
-6.796300411224365234e-02,-3.826882690191268921e-03
-5.285632237792015076e-02,2.535841893404722214e-03
-8.224278688430786133e-02,-1.151646487414836884e-02
-5.164321139454841614e-02,-1.942157186567783356e-02
-8.510755002498626709e-02,2.221985021606087685e-03
-7.911636680364608765e-02,1.058224937878549099e-03
-7.025280594825744629e-02,-8.980697020888328552e-03
