9.299500000000000099e+00,-3.598632999999999971e+00
5.085566000000000031e+00,-6.212399500000000074e+00
3.533960800000000013e+00,-1.039583000000000013e+01
4.103979999999999961e+00,-1.063983999999999952e+01
6.950994999999999813e+00,-7.133826000000000001e+00
4.643538000000000388e+00,-1.024695900000000037e+01
7.099586500000000022e+00,-4.852240000000000109e+00
4.041220700000000221e+00,-9.903833000000000553e+00
1.268786899999999918e+01,-1.073818699999999904e+00
3.952547800000000056e+00,-9.463041999999999732e+00
1.739723800000000153e+01,2.095292999999999850e+00
5.167486000000000246e+00,-8.341829000000000605e+00
5.619665000000000354e+00,-9.560724999999999696e+00
5.273607700000000342e+00,-7.101403000000000354e+00
1.729414999999999836e+01,1.825216799999999973e+00
1.718862700000000032e+01,1.773173899999999970e+00
3.996014999999999873e+00,-9.685565000000000424e+00
4.961360499999999618e+00,-1.461432600000000015e+01
3.049706700000000215e+00,-6.201389299999999771e+00
5.413465999999999667e+00,-9.320498000000000616e+00
1.419321199999999950e+00,-8.018960999999999117e+00
3.016843999999999859e+00,-7.909466700000000294e+00
3.091011799999999976e+00,-6.076862000000000208e+00
1.498877500000000040e+01,3.207703000000000082e-01
1.715908400000000000e+01,2.142125800000000080e+00
1.507175400000000032e+01,3.386015299999999839e-01
2.455485599999999824e+00,-1.368481350000000063e+01
1.578583599999999976e+00,-9.613649000000000555e+00
3.614261400000000179e+00,-8.532128000000000156e+00
2.472865000000000091e+00,-1.021454499999999932e+01
5.660180999999999685e+00,-9.640667999999999793e+00
2.627375100000000074e+00,-1.111038800000000037e+01
1.932468499999999922e+00,-9.964104999999999990e+00
1.509835799999999928e+01,5.512385400000000546e-01
2.516201000000000132e+00,-9.945956000000000685e+00
3.290402700000000014e+00,-8.612273999999999319e+00
1.749201199999999901e+01,2.213437599999999783e+00
2.334882299999999855e+00,-1.060873300000000086e+01
4.364340999999999582e+00,-9.264300000000000423e+00
5.095392000000000365e+00,-8.058277999999999608e+00
2.811748699999999879e+00,-1.020599299999999943e+01
1.724040500000000087e+00,-1.464318699999999929e+01
2.628610999999999809e+00,-1.065135100000000001e+01
5.568984000000000378e+00,-9.877150999999999570e+00
1.701337600000000094e+01,1.672069900000000109e+00
1.630168099999999898e+00,-9.281596999999999653e+00
1.702602999999999867e+01,1.881064899999999929e+00
1.492439099999999996e+01,2.813009599999999888e-01
3.450661399999999990e+00,-9.165288000000000324e+00
4.396232600000000268e+00,-7.191899300000000217e+00
6.720094999999999708e+00,-1.211552799999999941e+01
1.511703400000000030e+01,7.296576999999999646e-01
3.757088200000000100e+00,-8.399613999999999692e+00
5.603500999999999621e+00,-1.544039599999999979e+01
1.516088899999999917e+01,4.465364499999999737e-01
5.475079000000000029e+00,-7.895991300000000379e+00
1.449616000000000016e+00,-9.259543000000000745e+00
1.969491599999999920e+01,3.935964999999999936e+00
1.711647999999999925e+01,2.097024400000000011e+00
3.790602400000000038e+00,-1.389911500000000011e+01
1.211880899999999928e+00,-9.347433000000000547e+00
1.746815499999999943e+01,2.433923200000000175e+00
1.261083399999999966e+00,-9.248849999999999127e+00
3.662691800000000164e+00,-1.049187300000000000e+01
3.115482800000000108e+00,-1.074891200000000069e+01
5.886470300000000044e+00,-1.515724600000000066e+01
4.138602699999999857e+00,-1.051805799999999991e+01
2.730646600000000035e+00,-1.047590399999999988e+01
3.725996499999999934e+00,-1.098137900000000045e+01
3.336600499999999858e+00,-9.983527000000000484e+00
3.286872600000000144e+00,-1.064161900000000038e+01
2.094195399999999818e+00,-8.078464999999999563e+00
1.707915300000000158e+01,1.934876299999999993e+00
1.396450299999999922e+00,-9.878280999999999423e+00
5.232122399999999729e+00,-1.442753399999999964e+01
2.850038500000000141e+00,-8.815206999999999127e+00
5.327377000000000251e+00,-1.070729350000000046e+01
3.115777299999999972e+00,-1.016788799999999959e+01
2.579840200000000028e+00,-9.938110999999999251e+00
3.920138600000000029e+00,-8.004791000000000878e+00
3.777367400000000153e+00,-9.956094999999999473e+00
2.861511000000000138e+00,-1.078882600000000025e+01
3.510944100000000123e+00,-9.400353000000000847e+00
5.122605000000000075e+00,-9.660211999999999577e+00
1.717980999999999980e+01,1.809254200000000035e+00
2.262500499999999803e+00,-5.866473000000000049e+00
-6.143073000000000006e-01,-6.651829199999999886e+00
4.792000299999999768e+00,-9.444072000000000244e+00
6.406975000000000087e+00,-7.968078000000000216e+00
-3.161694999999999922e-01,-8.546739000000000530e+00
3.275559700000000074e+00,-6.950495199999999762e+00
1.506768399999999986e+01,3.495566500000000243e-01
2.263151000000000135e+00,-7.996192500000000258e+00
4.000656600000000118e+00,-1.528981899999999960e+01
3.794017600000000101e+00,-1.185521999999999920e+01
2.692202800000000007e+00,-1.486960099999999940e+01
1.516536999999999935e+01,5.980073999999999668e-01
5.613795999999999786e+00,-7.318633600000000072e+00
7.319313000000000180e+00,-1.052602599999999988e+01
1.720680000000000121e+01,1.980466400000000071e+00
6.143250000000000099e+00,-7.665035699999999785e+00
6.017611999999999739e+00,-1.285313200000000045e+01
1.736380599999999941e+00,-7.728482699999999816e+00
5.968341399999999908e+00,-6.088373999999999953e+00
3.851590999999999987e+00,-8.811230999999999369e+00
3.602548399999999873e+00,-8.550492000000000203e+00
4.940981400000000079e+00,-1.013107300000000066e+01
3.298866499999999924e+00,-1.148487949999999991e+01
4.402649000000000257e+00,-9.738578999999999652e+00
5.488421400000000006e+00,-7.916675999999999824e+00
1.222660499999999928e+00,-9.539799999999999613e+00
3.608600000000000030e+00,-9.088593499999999992e+00
4.800637700000000230e+00,-8.952652000000000498e+00
4.408872599999999586e+00,-8.721705000000000041e+00
6.770806999999999576e+00,-6.264303700000000141e+00
6.130192799999999664e+00,-8.493926999999999339e+00
3.819065300000000107e+00,-9.300352999999999426e+00
5.210257499999999986e+00,-9.909788000000000707e+00
5.452381599999999828e+00,-1.413395599999999952e+01
1.299898299999999951e+00,-1.002828700000000062e+01
3.460236500000000159e+00,-1.140475600000000078e+01
3.570768999999999860e+00,-9.547344000000000719e+00
2.143496299999999799e+00,-9.829117999999999356e+00
3.063788199999999851e+00,-1.043506050000000052e+01
4.541819000000000273e+00,-9.721270000000000522e+00
2.838423699999999883e+00,-9.999750999999999834e+00
3.002621200000000101e+00,-1.041917600000000022e+01
3.465559700000000021e+00,-1.043671100000000074e+01
4.928929000000000116e+00,-7.367492999999999626e+00
2.237787500000000041e+00,-1.014615599999999951e+01
-2.650615599999999739e-01,-8.634636000000000422e+00
1.125619300000000100e+00,-9.090324000000000737e+00
5.429299999999999571e+00,-8.796428000000000580e+00
2.065363000000000060e+00,-1.169148200000000060e+01
4.669482699999999653e+00,-1.423814899999999994e+01
5.393583999999999712e+00,-1.529475399999999929e+01
3.577945999999999849e+00,-8.803293999999999286e+00
5.647960699999999612e+00,-1.447699399999999947e+01
1.977777399999999908e+00,-8.209517500000000467e+00
3.771349999999999980e+00,-9.935518000000000072e+00
3.643953799999999799e+00,-1.321309950000000022e+01
3.111887499999999918e+00,-8.862951999999999941e+00
5.311540599999999834e+00,-1.416478200000000065e+01
1.741705299999999923e+01,2.395643699999999932e+00
1.787826000000000093e+01,2.636631299999999900e+00
6.041804299999999905e+00,-1.514500400000000013e+01
4.293103999999999587e+00,-8.207363000000000852e+00
2.359199999999999964e+00,-1.022621700000000011e+01
4.946316000000000379e+00,-9.926852999999999483e+00
2.929222799999999793e+00,-8.248347000000000762e+00
3.198370499999999783e+00,-8.840414000000000883e+00
6.572341999999999906e+00,-1.039333199999999913e+01
3.550163700000000144e+00,-9.476122999999999408e+00
2.130565600000000170e+00,-1.015999799999999986e+01
4.301025400000000332e+00,-7.494150000000000311e+00
3.187951299999999932e+00,-8.953547999999999618e+00
2.639069000000000109e+00,-8.856885000000000119e+00
3.565148799999999785e+00,-1.023496150000000071e+01
2.359087999999999852e+00,-8.888806000000000651e+00
1.810274799999999962e+00,-8.075456000000000856e+00
3.524525399999999919e+00,-9.014725999999999573e+00
2.756745599999999907e+00,-1.089758100000000063e+01
2.819508299999999856e+00,-8.637484999999999857e+00
1.786473700000000164e+01,2.099372999999999934e+00
2.111452599999999791e+00,-8.060257999999999257e+00
4.529865700000000217e+00,-1.390905799999999992e+01
2.523439600000000116e+00,-8.704380999999999702e+00
2.931779999999999831e+00,-1.052926899999999932e+01
2.275103800000000120e+00,-8.493710999999999345e+00
4.020894000000000190e+00,-8.890684999999999505e+00
2.974880699999999933e+00,-1.008534700000000051e+01
4.389473999999999876e+00,-6.451797499999999630e+00
1.759848200000000062e+01,2.486229999999999940e+00
5.395896399999999815e+00,-1.385184699999999935e+01
3.855602699999999938e+00,-8.453920999999999353e+00
6.113579999999999792e+00,-1.280249799999999993e+01
1.947903600000000068e+00,-8.434746999999999773e+00
4.732419000000000153e+00,-7.478482200000000191e+00
1.532835399999999959e+00,-7.675405999999999729e+00
2.924696400000000196e+00,-8.300302999999999543e+00
3.498046399999999778e+00,-9.428893999999999664e+00
1.389282700000000093e+00,-7.239068999999999754e+00
3.508471000000000117e+00,-9.151911999999999381e+00
1.759508699999999948e+01,2.291259300000000110e+00
3.352704999999999824e+00,-9.241564000000000334e+00
3.869564800000000027e+00,-8.746615000000000251e+00
1.957398399999999938e+01,4.022789500000000018e+00
4.164275599999999855e+00,-8.198664000000000840e+00
4.946480300000000163e+00,-1.475286700000000017e+01
3.140525799999999812e+00,-1.088151200000000074e+01
1.783310399999999962e+00,-8.584784000000000859e+00
3.174249200000000215e+00,-8.900178999999999618e+00
4.826071299999999731e+00,-7.197244600000000325e+00
2.607652700000000046e+00,-6.252161000000000080e+00
2.865901000000000032e+00,-1.029205299999999923e+01
1.786628699999999981e+01,2.123408799999999985e+00
1.743325400000000158e+01,2.327080200000000154e+00
3.506539300000000026e+00,-6.518379000000000367e+00
6.004821299999999695e+00,-1.134057100000000062e+01
3.835981600000000213e+00,-7.536945000000000228e+00
4.847737000000000407e+00,-1.200288699999999942e+01
4.302654699999999721e+00,-1.171948000000000079e+01
4.860368000000000244e+00,-7.076970000000000205e+00
4.096616700000000222e+00,-7.125884499999999733e+00
6.003103000000000300e+00,-1.304359600000000086e+01
2.388838499999999865e+00,-7.261955699999999680e+00
2.255765699999999985e+00,-7.814553000000000083e+00
2.617811199999999783e+00,-6.427049600000000140e+00
1.763760599999999901e+00,-1.009332500000000010e+01
2.477223899999999812e+00,-8.167239999999999611e+00
4.671324700000000441e+00,-7.444336400000000076e+00
2.165059600000000195e+00,-7.810946500000000015e+00
4.692053300000000426e+00,-7.327473600000000253e+00
4.310997500000000038e+00,-7.612181699999999829e+00
4.310012999999999650e+00,-6.600787600000000310e+00
4.153049499999999838e+00,-6.643532300000000390e+00
3.387769000000000030e+00,-8.848551000000000499e+00
3.407121699999999809e+00,-9.517125999999999308e+00
3.470969699999999936e+00,-8.964123999999999981e+00
2.986074700000000082e+00,-8.250996999999999915e+00
2.158980800000000144e+00,-8.212028500000000619e+00
2.784315299999999826e+00,-8.255321500000000867e+00
4.298304599999999809e+00,-7.151889299999999672e+00
4.254336000000000340e+00,-7.048777600000000199e+00
3.033234000000000208e+00,-1.064124200000000009e+01
1.798090299999999919e+00,-8.199275999999999343e+00
4.526980400000000238e+00,-1.561480800000000002e+01
4.062008999999999759e+00,-8.339261999999999730e+00
2.756908000000000136e+00,-1.021040299999999945e+01
4.361751599999999840e+00,-7.461386700000000261e+00
4.284118000000000315e+00,-7.336652800000000418e+00
3.475480800000000148e+00,-1.004284200000000027e+01
3.222147500000000164e+00,-8.576349999999999696e+00
3.000766000000000044e+00,-1.075136299999999956e+01
3.558427599999999913e+00,-8.718695999999999557e+00
7.613531599999999955e+00,-1.479449600000000054e+01
3.693297600000000180e+00,-9.567598000000000269e+00
3.683367300000000011e+00,-8.876986000000000487e+00
3.318069700000000122e+00,-1.336687000000000047e+01
1.269755399999999979e+00,-9.301937999999999818e+00
3.121449999999999836e+00,-7.971393599999999857e+00
4.083184700000000333e+00,-7.984812999999999938e+00
3.477005500000000193e+00,-9.470665999999999585e+00
3.639596000000000053e+00,-1.023966599999999971e+01
3.148749000000000020e+00,-6.917384000000000199e+00
4.980471999999999788e+00,-7.465261500000000439e+00
5.791758999999999880e+00,-1.372806800000000038e+01
5.399295300000000353e+00,-7.002777000000000029e+00
6.176582299999999748e+00,-1.612656199999999984e+01
2.699047800000000219e+00,-7.576410000000000089e+00
4.403064299999999598e+00,-6.745190000000000019e+00
5.592160699999999984e+00,-1.479702400000000040e+01
6.559063400000000321e+00,-1.248763899999999971e+01
4.012503299999999884e-01,-7.654618300000000097e+00
2.774280000000000079e+00,-1.034850400000000015e+01
3.330262700000000020e+00,-8.502589000000000397e+00
3.471749799999999997e+00,-7.513597999999999999e+00
3.530672599999999939e+00,-1.235602399999999967e+01
1.299754999999999994e+00,-1.015671299999999988e+01
2.226202699999999979e+00,-7.969960999999999629e+00
3.541743299999999817e+00,-6.876160999999999746e+00
4.775604699999999703e+00,-7.251311300000000237e+00
6.219960000000000377e+00,-1.214584299999999928e+01
1.811674500000000076e+00,-9.155433000000000376e+00
4.378853999999999580e+00,-7.130621399999999888e+00
5.377148599999999945e+00,-9.135127999999999915e+00
4.683322399999999774e+00,-7.092000500000000152e+00
3.428606300000000218e+00,-8.727254000000000289e+00
4.971458400000000388e+00,-8.746161000000000740e+00
6.245027000000000328e+00,-1.385236100000000015e+01
6.195753999999999984e+00,-7.667906999999999584e+00
4.823618399999999973e+00,-7.316175499999999943e+00
4.957569600000000243e+00,-1.084534500000000001e+01
4.245668000000000220e+00,-8.906836000000000197e+00
3.440552999999999972e+00,-7.631523600000000407e+00
5.952118399999999809e+00,-8.403187000000000850e+00
1.181597800000000031e+00,-9.317773000000000749e+00
3.400902499999999828e-01,-7.624709000000000181e+00
2.334804300000000055e+00,-8.499202999999999619e+00
2.488834100000000049e+00,-6.463811399999999985e+00
4.059592999999999563e+00,-8.316584999999999894e+00
6.083595299999999817e+00,-7.691054300000000232e+00
6.814477400000000351e+00,-1.296160399999999946e+01
5.321722000000000286e+00,-1.492112099999999941e+01
6.809969399999999951e+00,-1.288884700000000016e+01
3.693559000000000037e+00,-8.246290999999999372e+00
4.791976499999999639e+00,-7.233069000000000415e+00
3.151074400000000164e+00,-9.039256999999999209e+00
4.738873500000000405e+00,-7.568074000000000190e+00
3.587332700000000152e+00,-9.304572999999999539e+00
4.708654400000000351e+00,-7.351521499999999598e+00
2.828511499999999845e+00,-6.210434399999999577e+00
4.103435000000000166e+00,-1.209236399999999989e+01
1.930056800000000017e+00,-8.809055999999999997e+00
4.999112000000000222e+00,-7.467730000000000423e+00
4.603078400000000237e+00,-9.228619999999999379e+00
5.446856999999999616e+00,-5.621749000000000329e+00
3.776641099999999973e+00,-1.308803200000000011e+01
4.595482299999999576e+00,-7.310343699999999778e+00
3.186123999999999956e+00,-9.208031000000000077e+00
5.232351999999999670e+00,-1.542472500000000046e+01
2.232279500000000194e+00,-8.540798000000000556e+00
3.765223699999999951e+00,-1.323699700000000057e+01
5.916313999999999851e+00,-7.733525300000000158e+00
3.972094999999999931e+00,-1.028631599999999935e+01
4.469127000000000294e+00,-7.491105000000000125e+00
1.975576500000000069e+00,-8.295697000000000543e+00
7.213159600000000005e+00,-1.290650800000000054e+01
6.865975999999999857e+00,-1.193152199999999930e+01
5.594859600000000377e+00,-1.378408100000000047e+01
2.472678000000000154e+00,-9.421036000000000854e+00
3.767846299999999982e+00,-1.031189900000000037e+01
2.908901999999999877e+00,-1.029801100000000069e+01
5.398068399999999656e+00,-1.440413200000000060e+01
3.117996999999999908e+00,-8.866058999999999912e+00
3.833561700000000183e+00,-8.773263000000000034e+00
3.351202699999999979e+00,-9.025391000000000830e+00
4.059123500000000107e+00,-1.342594000000000065e+01
3.313299000000000216e+00,-8.917348999999999748e+00
2.885213100000000086e+00,-8.151213999999999515e+00
4.308303999999999689e+00,-1.333674500000000052e+01
6.290928000000000075e+00,-1.165963200000000022e+01
8.129086499999999660e+00,-1.523789599999999922e+01
2.527866099999999783e+00,-6.601875299999999669e+00
4.394497000000000320e+00,-7.157325000000000159e+00
6.377242999999999995e+00,-6.681401000000000145e+00
5.859555699999999590e+00,-1.373239000000000054e+01
6.364811999999999692e+00,-1.163308900000000001e+01
4.388150999999999691e+00,-9.499795999999999907e+00
8.356676999999999467e+00,-1.392648600000000059e+01
3.542349999999999888e+00,-1.282139899999999955e+01
1.651810599999999907e+00,-8.140432999999999808e+00
5.430570000000000119e-01,-7.687912999999999997e+00
3.147340999999999944e+00,-9.230895000000000294e+00
3.502761399999999803e+00,-8.669726000000000710e+00
4.499519300000000221e+00,-1.076509399999999950e+01
3.261079000000000061e+00,-1.128104100000000010e+01
5.032704999999999984e+00,-5.237194500000000197e+00
5.303128000000000064e+00,-6.872308300000000258e+00
4.929424299999999981e+00,-7.012752500000000389e+00
3.471569999999999823e+00,-9.090569500000000858e+00
5.434662999999999577e+00,-1.521307299999999962e+01
3.176411199999999990e+00,-8.261017000000000721e+00
1.444040999999999908e+00,-7.920104499999999881e+00
6.606984599999999652e+00,-1.262446399999999969e+01
3.576144999999999907e+00,-9.692470999999999393e+00
6.692337499999999828e+00,-1.236700599999999994e+01
1.988688999999999929e+00,-7.628070000000000128e+00
3.315548000000000162e+00,-8.474372999999999934e+00
2.732949000000000073e+00,-1.037161399999999922e+01
3.128962500000000091e+00,-8.381180999999999770e+00
3.101313999999999904e+00,-1.065281700000000065e+01
3.076011999999999968e+00,-8.202977999999999881e+00
3.506388700000000025e+00,-8.422019999999999840e+00
5.046813000000000216e+00,-1.436542599999999936e+01
1.116302799999999928e+00,-9.751051999999999609e+00
2.252957599999999783e+00,-8.485811999999999244e+00
1.128233999999999959e+00,-9.550831999999999766e+00
4.722970000000000113e+00,-1.513929300000000033e+01
2.065842200000000073e+00,-8.500387999999999167e+00
2.948752600000000168e+00,-8.074540999999999968e+00
3.027731399999999962e+00,-9.175058999999999187e+00
4.244320400000000326e+00,-7.160291700000000148e+00
3.080589200000000139e-01,-7.453989499999999602e+00
4.633162500000000072e+00,-1.651167999999999836e+01
2.007080600000000103e+00,-6.528037499999999937e+00
2.769096100000000060e+00,-8.892220500000000527e+00
3.762825299999999817e+00,-9.844253000000000142e+00
3.196929499999999980e+00,-1.074975700000000067e+01
5.710008000000000195e+00,-1.265516299999999994e+01
3.023210300000000128e+00,-1.143831800000000065e+01
3.759642100000000209e+00,-8.906548499999999535e+00
7.226907699999999934e+00,-1.490251100000000051e+01
2.990301000000000098e+00,-1.264318399999999976e+01
5.653201000000000143e+00,-1.436117899999999992e+01
7.424237699999999940e+00,-1.302056900000000006e+01
4.530045999999999573e+00,-7.082976999999999634e+00
3.010922199999999993e+00,-8.346071999999999491e+00
3.627508199999999849e+00,-8.457179999999999254e+00
4.253425000000000011e+00,-8.330723000000000766e+00
1.044633300000000098e+00,-9.414986000000000743e+00
2.388753400000000138e+00,-8.333303000000000793e+00
6.145279999999999632e+00,-1.278556200000000054e+01
5.884598999999999691e+00,-1.256243100000000013e+01
5.726861500000000049e+00,-1.112431400000000004e+01
1.298756100000000080e+00,-9.710442000000000462e+00
3.223310999999999815e+00,-1.322404200000000074e+01
2.119962699999999867e+00,-7.478724999999999845e+00
6.559958499999999582e+00,-1.308889699999999934e+01
3.395100999999999924e+00,-8.176434999999999675e+00
3.253261600000000087e+00,-8.941399000000000541e+00
4.164952999999999683e+00,-7.240694500000000033e+00
2.640282599999999924e+00,-8.541002999999999901e+00
2.744473499999999788e-01,-7.385318299999999780e+00
3.474324999999999886e+00,-7.041433299999999562e+00
3.171483799999999853e+00,-1.124322300000000041e+01
3.557245500000000060e+00,-1.037657899999999955e+01
7.286788500000000113e+00,-1.152480399999999960e+01
2.011463399999999790e+00,-9.461850999999999345e+00
6.925451999999999941e+00,-6.317161999999999722e+00
2.627904200000000134e+00,-7.615836599999999734e+00
4.728535700000000119e+00,-6.153713999999999906e+00
1.389577999999999980e+00,-9.167520500000000183e+00
5.944632000000000360e+00,-7.952691999999999872e+00
2.940784499999999912e+00,-9.019021000000000399e+00
2.508144000000000151e+00,-1.137573700000000088e+01
6.043703999999999965e+00,-8.540649999999999409e+00
5.422715700000000361e+00,-1.471856999999999971e+01
3.111950900000000075e+00,-9.073055999999999344e+00
1.742181999999999897e+00,-7.706926000000000165e+00
4.805598999999999954e+00,-7.285312000000000232e+00
3.974948599999999832e+00,-7.135204299999999833e+00
1.930637699999999901e+00,-8.237707000000000335e+00
3.650403299999999795e+00,-1.376305100000000081e+01
4.066034300000000101e+00,-6.909637000000000029e+00
1.786722300000000097e+00,-8.712339000000000055e+00
2.787577000000000194e+00,-9.356415999999999400e+00
6.190746299999999813e+00,-7.902564500000000436e+00
3.634065000000000101e+00,-8.959270999999999319e+00
3.676507500000000039e+00,-9.152696999999999861e+00
5.431318000000000090e+00,-1.471260499999999993e+01
4.933081600000000400e+00,-1.395665100000000081e+01
4.797196399999999805e+00,-1.014331699999999969e+01
1.503186200000000028e+00,-9.911222000000000421e+00
2.460705499999999990e+00,-8.520785000000000053e+00
5.141815000000000246e+00,-7.676102000000000203e+00
3.864500000000000046e+00,-1.362902500000000039e+01
6.400788300000000319e+00,-1.175665000000000049e+01
3.938128199999999968e+00,-8.474296000000000717e+00
3.643153700000000050e+00,-1.087450199999999967e+01
5.156683000000000128e+00,-6.154814199999999680e+00
6.402097699999999669e+00,-8.582753000000000299e+00
6.258449999999999847e+00,-1.386660099999999929e+01
6.597798300000000005e+00,-6.034934999999999938e+00
3.115935299999999852e+00,-9.248393000000000086e+00
5.871583000000000219e+00,-1.129944500000000041e+01
3.137684300000000093e+00,-9.025465999999999767e+00
4.206584499999999949e+00,-9.429714000000000595e+00
5.102042700000000153e+00,-7.367735999999999841e+00
2.123057800000000217e+00,-8.401517000000000124e+00
3.017745699999999864e+00,-6.295933200000000340e+00
6.664773499999999906e+00,-1.298238199999999942e+01
4.998299000000000269e+00,-7.630647999999999875e+00
4.009896799999999928e+00,-1.400910949999999922e+01
4.418031700000000228e+00,-6.793320699999999768e+00
3.112770799999999838e+00,-9.585692999999999131e+00
3.110433000000000003e+00,-8.212569999999999482e+00
2.922492300000000043e+00,-1.006400200000000034e+01
3.536187599999999875e+00,-9.246335999999999444e+00
5.666373300000000057e+00,-1.418473999999999968e+01
5.953206500000000290e+00,-1.582783500000000032e+01
1.746190399999999920e+00,-8.588848000000000482e+00
1.975478599999999973e+00,-8.992278999999999911e+00
2.808139300000000116e+00,-1.069059999999999988e+01
6.047968400000000244e+00,-1.182074800000000003e+01
2.880123100000000047e+00,-1.084690950000000065e+01
5.458001600000000231e+00,-1.481937800000000038e+01
4.982495000000000118e+00,-1.462144299999999930e+01
6.223584999999999923e+00,-7.651520699999999842e+00
4.521346000000000309e+00,-9.980147000000000546e+00
5.722150000000000070e+00,-5.876648999999999567e+00
3.609331399999999856e+00,-1.019319199999999981e+01
4.103931399999999563e+00,-9.974448999999999899e+00
6.117789300000000097e+00,-1.461526600000000009e+01
5.455702999999999747e+00,-1.507454899999999931e+01
7.960845499999999575e+00,-1.487976699999999930e+01
7.930941599999999703e+00,-1.662162199999999856e+01
4.630649599999999921e+00,-8.650057000000000329e+00
7.350036000000000236e+00,-1.278024199999999944e+01
5.463859000000000243e+00,-1.527925699999999942e+01
4.158413399999999704e+00,-8.919365000000000876e+00
4.584140999999999799e+00,-7.813628999999999714e+00
5.581364599999999676e+00,-6.633711299999999866e+00
3.700985999999999887e+00,-1.002807499999999941e+01
7.191651000000000238e+00,-6.431237699999999613e+00
3.621792300000000075e+00,-1.301172500000000021e+01
6.074249000000000009e+00,-1.472449300000000072e+01
6.513616999999999990e+00,-6.164378000000000135e+00
6.427664799999999623e+00,-8.723354999999999748e+00
3.224043399999999782e+00,-7.230655999999999750e+00
2.509202499999999780e+00,-8.747721999999999554e+00
7.413522200000000062e+00,-6.890823400000000376e+00
7.176754500000000370e+00,-6.445482700000000342e+00
7.867160000000000153e+00,-1.422914399999999979e+01
6.756164599999999965e+00,-6.328753999999999991e+00
5.082029300000000305e+00,-7.923993600000000193e+00
6.644819299999999984e+00,-1.137927499999999981e+01
5.371077999999999797e+00,-1.516941399999999973e+01
3.330157999999999952e+00,-9.974121999999999488e+00
3.498050999999999799e+00,-9.007922000000000651e+00
6.223172700000000113e+00,-8.301259999999999195e+00
5.041312999999999711e+00,-1.485847799999999985e+01
5.437022999999999939e+00,-1.536937099999999923e+01
6.325680300000000145e+00,-1.385464400000000040e+01
5.689718000000000053e+00,-1.343506299999999953e+01
4.701477999999999824e+00,-1.047015400000000085e+01
4.283870000000000289e+00,-8.245789000000000257e+00
6.073498700000000028e+00,-1.476462399999999953e+01
7.305770400000000109e+00,-6.915838700000000117e+00
4.870964500000000363e+00,-8.649069000000000784e+00
8.666162500000000435e+00,-1.406740899999999961e+01
4.123934700000000397e+00,-1.056289699999999954e+01
3.893948799999999988e+00,-8.443220999999999421e+00
5.992116499999999846e+00,-8.087961999999999207e+00
7.045398400000000283e-01,-7.698349999999999582e+00
8.447205999999999548e+00,-1.321097400000000022e+01
6.853152999999999828e+00,-7.098530300000000182e+00
3.733734000000000108e+00,-1.013428599999999946e+01
3.487755500000000008e+00,-9.459956999999999283e+00
4.134852000000000416e+00,-9.430768000000000484e+00
3.552279200000000081e+00,-7.320779299999999878e+00
6.210897000000000112e+00,-1.702145399999999853e+01
6.662773999999999752e+00,-8.051904000000000394e+00
7.074375599999999764e+00,-6.706642000000000436e+00
2.314233300000000160e+00,-9.091233000000000786e+00
8.141590000000000771e+00,-1.328378299999999967e+01
4.834283000000000108e+00,-8.675781999999999883e+00
2.204932200000000009e+00,-9.457879999999999399e+00
4.668268999999999558e+00,-7.701421299999999803e+00
3.521046899999999980e+00,-8.885585000000000733e+00
3.931944800000000129e+00,-1.019282300000000063e+01
4.160233500000000362e+00,-1.129560799999999965e+01
5.920410000000000394e+00,-1.240253399999999928e+01
5.877487999999999602e+00,-1.536183699999999952e+01
1.393578500000000053e+00,-5.579931000000000196e+00
3.673298099999999788e+00,-9.114599000000000117e+00
8.384230999999999767e+00,-1.372217750000000080e+01
4.288114000000000203e+00,-7.603695400000000326e+00
8.786789999999999878e+00,-1.313664299999999940e+01
3.661265100000000050e+00,-1.003549199999999963e+01
5.760148499999999672e+00,-1.566970350000000067e+01
6.323324999999999640e+00,-6.006220299999999845e+00
6.567203499999999750e+00,-9.128705000000000069e+00
7.965165599999999735e+00,-1.013884599999999914e+01
7.208832000000000129e+00,-1.115616499999999967e+01
4.695497999999999728e+00,-8.721778999999999726e+00
3.967462300000000219e+00,-1.060881400000000063e+01
4.165412400000000126e+00,-4.687306000000000417e+00
6.430154299999999878e+00,-8.434552999999999301e+00
6.346871400000000385e+00,-9.663100999999999274e+00
6.648004499999999872e+00,-1.316846600000000045e+01
5.577314399999999672e+00,-1.398871399999999987e+01
6.943414999999999893e+00,-1.258382600000000018e+01
2.632086500000000218e+00,-6.703844000000000136e+00
6.249346300000000021e+00,-7.732148999999999717e+00
6.645838699999999655e+00,-1.304290300000000080e+01
3.349253699999999778e+00,-7.756582299999999819e+00
2.552289200000000147e+00,-7.780795600000000256e+00
3.896835999999999967e+00,-1.077899599999999936e+01
5.957855699999999644e+00,-1.320332200000000000e+01
4.023122299999999818e+00,-9.853925000000000267e+00
5.996505700000000161e+00,-8.197763999999999385e+00
5.416114300000000270e+00,-1.403452799999999989e+01
5.609818999999999889e+00,-7.708280600000000149e+00
6.145232700000000214e+00,-5.925079300000000160e+00
5.063917000000000002e+00,-5.690528999999999726e+00
7.893100999999999701e+00,-1.368625300000000067e+01
4.828526499999999722e+00,-7.894929399999999653e+00
6.156590999999999703e+00,-8.790589999999999904e+00
3.548656199999999927e+00,-7.431771799999999928e+00
5.029490000000000016e+00,-8.145514000000000365e+00
3.974625000000000075e+00,-1.100293899999999958e+01
4.295590400000000031e+00,-1.028377000000000052e+01
8.227849000000000856e+00,-1.342465800000000087e+01
8.066076999999999941e+00,-1.421698999999999913e+01
4.045207500000000067e+00,-9.547570999999999586e+00
8.310869999999999536e+00,-1.378426400000000029e+01
6.334109299999999720e+00,-8.641375999999999280e+00
4.160922499999999857e+00,-9.735601000000000838e+00
6.672948400000000113e+00,-6.657114499999999602e+00
6.942095799999999706e+00,-1.282985000000000042e+01
3.990708800000000167e+00,-1.007156299999999938e+01
2.731440800000000113e+00,-9.216870999999999370e+00
3.282718700000000212e+00,-9.805367000000000388e+00
4.622078400000000364e+00,-1.168472399999999922e+01
5.236488999999999727e+00,-8.442102999999999469e+00
4.060452999999999868e+00,-9.736231000000000080e+00
4.325815699999999708e+00,-7.396825299999999714e+00
8.409314000000000178e+00,-1.350679200000000080e+01
3.904660199999999914e+00,-1.033336899999999936e+01
4.595246000000000386e+00,-1.375572099999999942e+01
5.745319000000000287e+00,-1.436717900000000014e+01
5.661794699999999736e+00,-1.505400500000000008e+01
2.356747200000000042e+00,-8.822321999999999775e+00
5.825061999999999962e+00,-1.532149099999999997e+01
4.620593999999999646e+00,-1.185110099999999989e+01
6.097375000000000433e+00,-6.445017299999999949e+00
3.930108800000000180e+00,-1.016067699999999974e+01
2.543282699999999785e+00,-7.796000499999999889e+00
8.044593000000000771e+00,-1.375281700000000029e+01
4.493740999999999985e+00,-1.271616599999999941e+01
4.540172000000000097e+00,-7.856620300000000334e+00
5.421895499999999757e+00,-1.531719900000000045e+01
3.532724099999999812e+00,-9.630098000000000269e+00
7.619218000000000046e+00,-1.454665900000000001e+01
3.330392999999999937e+00,-7.812911999999999857e+00
4.578977000000000075e+00,-8.536400999999999684e+00
8.506012000000000128e+00,-1.349550999999999945e+01
4.104645699999999842e+00,-1.049251300000000064e+01
6.004041700000000148e+00,-1.175855800000000073e+01
5.782892999999999617e+00,-1.361395899999999948e+01
6.722800699999999630e+00,-1.227931899999999921e+01
4.789545500000000011e+00,-7.429410999999999987e+00
4.609018299999999790e+00,-5.517274999999999707e+00
6.703584700000000396e+00,-7.878300000000000303e+00
6.498868500000000381e+00,-1.517404649999999933e+01
2.837892000000000081e+00,-7.158945600000000020e+00
5.669747400000000326e+00,-6.255921999999999983e+00
2.784593800000000119e+00,-9.246940999999999633e+00
5.926155600000000412e+00,-1.499174400000000063e+01
5.690032999999999674e+00,-6.750314000000000370e+00
5.553042399999999823e+00,-1.213007600000000075e+01
4.716064000000000256e+00,-8.805460999999999316e+00
5.924898999999999916e+00,-1.451694099999999921e+01
7.508387599999999829e+00,-5.135011000000000436e+00
5.139555999999999791e+00,-5.778361300000000256e+00
5.683277600000000263e+00,-1.580212900000000076e+01
8.610592999999999719e+00,-5.461920300000000061e+00
3.781478200000000012e+00,-1.025141799999999925e+01
8.122996000000000549e+00,-6.846056500000000433e+00
2.974175199999999908e+00,-6.225103999999999971e+00
6.755015399999999559e+00,-6.295706000000000024e+00
4.837456999999999674e+00,-8.220053000000000054e+00
6.091105500000000283e+00,-6.514529699999999757e+00
4.119922599999999768e+00,-1.077953199999999967e+01
3.033092700000000086e+00,-8.254378000000000881e+00
7.944163299999999595e+00,-1.536555199999999921e+01
5.909601699999999624e+00,-1.306702199999999969e+01
4.093184499999999559e+00,-9.345420999999999978e+00
7.402092999999999812e+00,-5.252418999999999727e+00
6.344006499999999882e+00,-1.451838399999999929e+01
3.654573200000000188e+00,-9.549203999999999581e+00
2.886333500000000107e+00,-8.289605999999999142e+00
8.298277999999999821e+00,-7.108710300000000260e+00
7.220200000000000173e+00,-1.664508800000000122e+01
5.179024700000000259e+00,-8.735001999999999711e+00
7.499452599999999691e+00,-5.472518400000000227e+00
5.601207999999999743e+00,-1.543798299999999912e+01
4.140881499999999882e+00,-1.035581999999999958e+01
4.688987000000000016e+00,-6.023700999999999972e+00
7.297932600000000214e+00,-6.610699699999999623e+00
5.780058000000000362e+00,-1.449064699999999917e+01
7.439604799999999685e+00,-5.393514599999999604e+00
1.919508100000000050e+00,-9.344041999999999959e+00
2.311884599999999956e+00,-7.751156299999999888e+00
3.253164799999999968e+00,-8.895080999999999349e+00
5.658735799999999649e+00,-1.563922999999999952e+01
6.197407199999999783e+00,-1.387640500000000010e+01
3.762793999999999972e+00,-9.907101000000000823e+00
7.571621999999999630e+00,-1.207971399999999917e+01
3.620851299999999995e+00,-9.760818999999999690e+00
6.801658599999999666e+00,-6.626687999999999690e+00
3.574364699999999839e+00,-9.361871000000000720e+00
4.639744999999999564e+00,-8.015779999999999461e+00
4.361268500000000437e+00,-1.074462800000000051e+01
4.869827700000000092e+00,-6.614899600000000213e+00
6.851141499999999773e+00,-4.523819999999999730e+00
4.252729999999999677e+00,-1.051635600000000004e+01
6.962398499999999935e+00,-1.036103600000000036e+01
6.421057700000000423e+00,-1.172076400000000085e+01
3.805186299999999910e+00,-9.944366999999999734e+00
9.235144999999999271e+00,-1.145160100000000014e+01
6.861005999999999716e+00,-6.069811999999999763e+00
7.485287999999999720e+00,-1.013618300000000083e+01
4.035319999999999574e+00,-1.063253199999999943e+01
6.066768599999999623e+00,-1.491649149999999935e+01
5.245310299999999870e+00,-1.422963200000000050e+01
4.240524999999999878e+00,-7.824563999999999631e+00
3.576255300000000137e+00,-1.038737700000000075e+01
3.662285799999999814e+00,-8.362474999999999881e+00
8.551406000000000063e+00,-1.258814500000000081e+01
6.271510000000000140e+00,-8.424108999999999625e+00
3.410408499999999954e+00,-8.668971000000000871e+00
4.208993999999999680e+00,-1.069791299999999978e+01
2.660483999999999849e+00,-8.278582999999999359e+00
7.387223699999999837e+00,-1.565609099999999998e+01
9.744654000000000593e+00,-9.799666000000000210e+00
6.826641000000000403e+00,-7.129010700000000256e+00
4.514276500000000247e+00,-1.244713999999999920e+01
5.043124699999999905e+00,-8.692254999999999399e+00
8.634971999999999426e+00,-1.398880300000000076e+01
3.073288400000000031e+00,-7.901841600000000021e+00
5.294320599999999821e+00,-6.115903399999999657e+00
7.098428199999999855e+00,-9.907534000000000063e+00
6.369200000000000195e+00,-8.223927500000000279e+00
4.560132000000000296e+00,-7.301209400000000294e+00
7.511458000000000190e+00,-1.174810000000000088e+01
5.782475999999999949e+00,-1.385716150000000013e+01
3.734528300000000023e+00,-1.008490849999999917e+01
8.710153999999999286e+00,-1.387476299999999974e+01
3.862955799999999940e+00,-1.026134799999999991e+01
5.885374999999999801e+00,-8.437290000000000845e+00
3.402982000000000173e+00,-9.785026999999999475e+00
5.750105399999999811e+00,-1.445012949999999918e+01
3.381432300000000168e+00,-8.729753999999999792e+00
3.454302799999999785e+00,-9.260507999999999740e+00
8.026407999999999987e+00,-1.260434000000000054e+01
6.544663400000000131e+00,-1.205318699999999943e+01
3.473175799999999924e+00,-1.109070000000000000e+01
3.377973299999999846e+00,-9.402452000000000254e+00
4.047184500000000185e+00,-8.566133000000000663e+00
4.125928400000000273e+00,-1.070666399999999996e+01
3.513309200000000132e+00,-9.914720000000000866e+00
4.061146299999999876e+00,-1.041479700000000008e+01
2.181179499999999827e+00,-8.949488999999999805e+00
3.812005000000000088e+00,-9.403192499999999399e+00
4.550784600000000069e+00,-1.124961799999999990e+01
4.979791999999999774e+00,-6.332582000000000377e+00
4.802116400000000063e+00,-8.117903999999999343e+00
8.248442999999999969e+00,-1.361533299999999969e+01
4.390517000000000003e+00,-8.383447000000000315e+00
3.857050699999999832e+00,-9.788446999999999676e+00
2.556125399999999992e+00,-6.548807599999999951e+00
3.330925999999999831e+00,-9.607829999999999870e+00
4.103189999999999671e+00,-8.300625999999999394e+00
4.349380499999999650e+00,-1.015578700000000012e+01
1.850375300000000056e+00,-8.818752999999999176e+00
7.562981999999999871e+00,-5.523730300000000426e+00
6.632482500000000059e+00,-1.177594500000000011e+01
3.932721100000000192e+00,-9.650372000000000838e+00
5.303062399999999954e+00,-1.160153799999999968e+01
6.845305399999999985e+00,-1.212585900000000017e+01
4.567315599999999698e+00,-1.033073800000000020e+01
3.394415400000000194e+00,-9.727847000000000577e+00
3.569398000000000071e+00,-9.120554000000000272e+00
4.602810999999999986e+00,-8.247612000000000165e+00
3.644817999999999891e+00,-9.738789999999999836e+00
4.299431000000000225e+00,-8.772875000000000867e+00
3.197509800000000180e+00,-1.267612500000000075e+01
3.085815000000000197e+00,-7.898748999999999576e+00
6.465788400000000102e+00,-1.213301000000000052e+01
2.872310199999999814e+00,-9.773488999999999649e+00
7.004235300000000386e+00,-1.360790350000000082e+01
5.266829500000000053e+00,-1.395837299999999992e+01
4.721312499999999801e+00,-9.768007000000000772e+00
6.473788299999999829e+00,-5.999458299999999689e+00
2.979243499999999933e+00,-9.429949000000000581e+00
4.980962299999999843e+00,-1.509180450000000029e+01
2.825169999999999959e+00,-1.034346799999999966e+01
2.036720299999999817e+00,-8.619153000000000731e+00
1.743033599999999961e+00,-8.334490999999999872e+00
2.232625200000000198e+00,-9.289433000000000717e+00
5.357376299999999647e-01,-8.061987000000000236e+00
2.875406499999999976e+00,-1.409510599999999947e+01
3.443554600000000132e+00,-9.554054999999999964e+00
1.548270800000000058e+00,-8.034243000000000023e+00
1.809730800000000084e+00,-8.904159999999999187e+00
3.770053400000000110e+00,-1.006870600000000060e+01
1.855302699999999971e+00,-9.136120000000000019e+00
2.515699099999999966e+00,-7.056236300000000128e+00
1.679810400000000037e+00,-1.277481599999999951e+01
3.544533500000000004e+00,-1.306434299999999915e+01
3.764261999999999997e+00,-1.054318300000000086e+01
1.906031800000000054e+00,-9.804071999999999676e+00
3.327818600000000071e+00,-9.464579999999999771e+00
3.416802600000000023e+00,-9.491236000000000672e+00
3.765946000000000016e+00,-9.716946000000000083e+00
2.914352000000000054e+00,-1.075487500000000018e+01
4.560883999999999716e+00,-7.975064299999999662e+00
2.380421399999999910e+00,-1.016225500000000004e+01
2.983581500000000108e+00,-6.981044999999999945e+00
3.498672500000000074e+00,-9.874639000000000166e+00
3.575042999999999971e+00,-9.701496999999999815e+00
1.885177899999999962e+00,-8.599240999999999246e+00
5.265952999999999662e+00,-1.454929399999999973e+01
3.370477399999999957e+00,-1.146591100000000019e+01
4.995085200000000114e+00,-1.657790400000000020e+01
5.417306400000000410e-01,-9.981517000000000195e+00
5.071949000000000041e+00,-1.411197699999999955e+01
2.742024400000000028e+00,-1.057274999999999920e+01
1.809509000000000034e+00,-7.964627700000000310e+00
3.021938800000000036e+00,-9.049073999999999174e+00
2.008980799999999789e+00,-9.250571000000000765e+00
-1.132858599999999960e+01,-8.586648000000000280e+00
1.714150800000000086e+00,-7.939943999999999669e+00
2.155508000000000202e+00,-9.520070999999999728e+00
-1.089998800000000045e+01,-6.283037700000000392e+00
2.694233699999999843e+00,-8.816195999999999700e+00
3.118785599999999825e+00,-9.434096000000000259e+00
4.417989000000000388e+00,-1.320969400000000071e+01
4.631432000000000215e+00,-8.856581999999999510e+00
-1.293035599999999974e+01,-7.321856000000000364e+00
2.048913499999999832e+00,-8.666463000000000250e+00
-1.073625099999999932e+01,-7.019804999999999851e+00
2.806716699999999953e+00,-8.866986000000000701e+00
4.060230699999999970e+00,-1.509276499999999999e+01
4.729814499999999811e+00,-1.422960600000000042e+01
8.802155000000000395e-01,-9.485193999999999903e+00
1.792067199999999971e+00,-7.866653999999999591e+00
1.767267700000000108e+00,-8.202189000000000618e+00
-1.158781399999999984e+01,-8.750220000000000553e+00
5.581666000000000238e+00,-1.428665200000000013e+01
3.692659599999999820e+00,-1.440730899999999970e+01
4.968626000000000431e+00,-1.488011550000000049e+01
3.722046399999999977e+00,-1.482701300000000089e+01
7.852356999999999809e-01,-8.033063999999999538e+00
1.953482399999999952e+00,-8.343197999999999226e+00
3.354622599999999899e+00,-9.061329999999999885e+00
2.692178199999999855e+00,-1.111749000000000009e+01
-1.134315600000000046e+01,-8.481695999999999458e+00
1.793252599999999930e+01,2.468810799999999972e+00
7.976948000000000150e+00,-1.108106699999999911e+01
3.498254999999999892e+00,-9.117148000000000252e+00
5.284753300000000209e+00,-1.448051500000000047e+01
-1.071803000000000061e+01,-9.117231999999999559e+00
-1.116122400000000070e+01,-8.676377000000000450e+00
-9.318132999999999555e+00,-8.191219999999999501e+00
-6.351363700000000279e+00,-8.761561000000000377e+00
2.512215100000000145e+00,-9.165141000000000204e+00
5.311569699999999727e+00,-1.493659300000000023e+01
3.231813999999999965e+00,-1.383443300000000065e+01
-1.094725999999999999e+01,-8.996710999999999459e+00
-1.280015200000000064e+01,-9.428513000000000588e+00
-1.118146800000000063e+01,-9.077816999999999581e+00
7.415262000000000242e+00,-1.714077199999999834e+01
1.986230600000000068e+00,-1.035487649999999960e+01
-1.096022800000000075e+01,-9.142970999999999293e+00
-1.125965899999999920e+01,-8.696785999999999461e+00
1.499621100000000096e-01,-7.257552600000000353e+00
1.130706100000000047e+00,-1.015503000000000000e+01
-1.305370300000000050e+01,-9.310159000000000518e+00
-1.107929400000000086e+01,-9.137570999999999444e+00
-8.505682999999999439e+00,-8.843740999999999630e+00
-9.108715000000000117e+00,-8.528738999999999848e+00
-1.174287999999999954e+01,-8.390223499999999390e+00
1.876637300000000064e+00,-1.023026800000000058e+01
-1.071240700000000068e+01,-9.152262999999999593e+00
4.058386999999999745e+00,-1.351006100000000032e+01
9.843140000000000223e-01,-9.125075999999999965e+00
5.258119599999999672e+00,-1.509458599999999961e+01
-1.071888299999999994e+01,-9.012950000000000017e+00
1.702817100000000083e+00,-1.080475500000000011e+01
-1.125369700000000073e+01,-8.522334999999999994e+00
-1.113280400000000014e+01,-8.663152000000000186e+00
1.381173299999999937e+00,-1.089190699999999978e+01
-1.167550300000000085e+01,-8.305184000000000566e+00
2.494937199999999855e+00,-9.178969000000000378e+00
3.452980499999999786e+00,-9.192228999999999317e+00
-1.116690799999999939e+01,-8.981842000000000326e+00
3.524505899999999858e+00,-9.402468999999999966e+00
3.179284800000000022e+00,-1.324691900000000011e+01
5.197409600000000296e+00,-1.411696899999999921e+01
-1.151561899999999916e+01,-8.495027999999999579e+00
-1.145406200000000041e+01,-8.377743999999999858e+00
2.100419500000000106e+00,-8.314042000000000598e+00
-1.077148399999999917e+01,-6.333976299999999782e+00
-1.272336100000000059e+01,-7.321206000000000103e+00
-1.279881800000000069e+01,-7.603003499999999804e+00
3.307850000000000179e+00,-1.400884150000000083e+01
3.194492599999999793e+00,-1.175073800000000013e+01
-1.363995800000000003e+01,-8.484861000000000431e+00
1.777362799999999909e+00,-8.285963999999999885e+00
-1.149385200000000040e+01,-8.614281999999999329e+00
-1.364101800000000075e+01,-8.529642000000000834e+00
4.503161399999999759e+00,-1.168154400000000059e+01
-8.574840000000000018e+00,-8.992385000000000517e+00
7.028778599999999877e+00,-1.613109400000000093e+01
4.604949000000000403e+00,-7.896744700000000172e+00
-1.039613800000000055e+01,-9.329993999999999232e+00
-1.110395899999999969e+01,-8.710354000000000596e+00
-1.112940200000000068e+01,-9.054418000000000077e+00
3.928733300000000206e+00,-1.136659599999999948e+01
3.986172999999999966e+00,-1.431898200000000010e+01
4.101707000000000214e+00,-7.629657299999999864e+00
-1.128645999999999994e+01,-8.643648000000000664e+00
3.210729800000000189e+00,-1.333530900000000052e+01
3.686438799999999905e+00,-1.145153600000000083e+01
2.870366000000000195e+00,-1.100831699999999991e+01
-1.286144350000000003e+01,-7.702407000000000004e+00
2.817531999999999925e+00,-8.076905000000000001e+00
-1.136143999999999998e+01,-8.405915999999999499e+00
-1.162163800000000080e+01,-8.393261000000000749e+00
-1.081926799999999922e+01,-9.283977500000000660e+00
3.886884699999999970e+00,-1.415929500000000019e+01
2.827990300000000179e+00,-1.168702599999999947e+01
2.070396399999999915e+00,-7.887692999999999621e+00
3.649868199999999785e+00,-9.916434999999999889e+00
5.526008599999999937e+00,-1.519430900000000051e+01
2.847805999999999838e+00,-1.289966899999999939e+01
-1.170966149999999928e+01,-8.417882999999999782e+00
-1.308384500000000017e+01,-8.025617999999999697e+00
1.534455899999999984e+00,-1.040388199999999941e+01
-1.164216200000000079e+01,-8.043561999999999657e+00
2.650703399999999821e+00,-1.096546599999999927e+01
5.159953999999999930e+00,-1.419661900000000010e+01
-1.152960999999999991e+01,-8.509003999999999124e+00
2.878559000000000090e+00,-1.075379900000000077e+01
1.243171599999999932e+00,-9.933628000000000569e+00
-1.292073800000000006e+01,-8.102928000000000353e+00
9.162456399999999723e-01,-7.565634700000000379e+00
3.226858599999999910e+00,-1.009556199999999926e+01
3.622195500000000123e+00,-6.731795299999999926e+00
-1.115499499999999955e+01,-6.287974000000000174e+00
-1.129593000000000025e+01,-8.431828499999999948e+00
-9.279130999999999574e+00,-8.423268000000000200e+00
3.138444400000000023e+00,-1.324214199999999941e+01
-1.125206000000000017e+01,-8.507927000000000461e+00
-1.360862999999999978e+01,-8.731070499999999512e+00
2.676528499999999866e+00,-1.120980800000000066e+01
-1.119204799999999977e+01,-8.345461999999999492e+00
1.860094499999999984e+00,-9.385408999999999224e+00
1.676818700000000106e+00,-7.675341999999999665e+00
-1.100976299999999952e+01,-8.875227999999999895e+00
-1.287014199999999953e+01,-7.939086999999999783e+00
-1.152776099999999992e+01,-8.415217000000000169e+00
3.672366999999999937e+00,-1.011747300000000038e+01
7.817007000000000261e-01,-8.187585999999999586e+00
-1.093151399999999995e+01,-8.778040000000000731e+00
9.082299999999999818e-01,-7.594395600000000357e+00
-1.112445499999999932e+01,-8.657479000000000369e+00
4.965660999999999881e+00,-8.350350000000000605e+00
5.358432999999999780e+00,-7.737916000000000238e+00
4.315369999999999706e+00,-1.345242000000000004e+01
7.824684400000000428e-01,-8.592530000000000001e+00
-1.119481850000000023e+01,-8.458894000000000801e+00
-6.693464299999999589e+00,-8.163897999999999655e+00
-8.497871999999999204e+00,-8.001369000000000398e+00
-8.744612000000000052e+00,-8.197098999999999691e+00
-8.593317000000000760e+00,-8.026517000000000124e+00
-1.296888500000000022e+01,-7.882788699999999871e+00
-1.127520600000000073e+01,-9.277886000000000521e+00
-9.051484999999999559e+00,-8.085006999999999167e+00
-1.278440100000000079e+01,-7.715944300000000311e+00
-1.299005200000000038e+01,-8.567197000000000173e+00
-1.101327099999999959e+01,-9.056452999999999420e+00
-1.140428400000000053e+01,-8.859087000000000600e+00
-1.099386400000000030e+01,-9.100167000000000783e+00
1.890907799999999916e+00,-9.278594999999999260e+00
4.165809000000000317e+00,-1.595295050000000003e+01
-1.158856199999999959e+01,-8.463222500000000537e+00
-1.056969299999999912e+01,-7.483070399999999900e+00
3.426878499999999939e+00,-9.807835999999999999e+00
-1.141354399999999991e+01,-8.616141000000000716e+00
-1.077814900000000087e+01,-7.628306399999999599e+00
-1.103719300000000025e+01,-7.784631300000000032e+00
-1.117178299999999957e+01,-8.636627999999999972e+00
-1.436327899999999991e+00,-7.984182399999999902e+00
1.034020699999999904e+00,-1.030595699999999937e+01
-1.335101099999999974e+01,-8.727923999999999793e+00
1.287776599999999938e+00,-1.073784350000000032e+01
-9.102468999999999255e+00,-8.120661999999999381e+00
1.826598299999999897e+00,-7.898080000000000211e+00
1.331850399999999990e+00,-1.057831200000000038e+01
1.314629000000000048e+00,-1.007333799999999968e+01
-1.095286499999999918e+01,-8.329700000000000770e+00
1.203167899999999957e+00,-8.072768999999999195e+00
-1.143229400000000062e+01,-8.627404999999999546e+00
-9.236186999999999259e+00,-7.793612500000000054e+00
2.245776199999999889e+00,-1.091868599999999923e+01
2.010131799999999913e+00,-8.830856000000000705e+00
3.328038999999999970e+00,-1.392470600000000047e+01
-1.126855800000000052e+01,-8.073214999999999364e+00
-1.124270600000000009e+01,-8.644377999999999673e+00
-1.061011399999999938e+01,-7.127362999999999893e+00
7.693287000000000042e-02,-9.379371000000000791e+00
-4.440779700000000219e+00,-8.326838999999999658e+00
-8.822535000000000238e+00,-6.070276999999999923e+00
-1.139601700000000051e+01,-8.498442000000000718e+00
-1.476284699999999894e+00,-8.692956000000000572e+00
-9.153213499999999669e+00,-7.884197000000000344e+00
1.093998699999999991e+00,-1.012255399999999916e+01
1.180614000000000052e+00,-1.037645900000000054e+01
-1.302021300000000004e+01,-7.650832000000000299e+00
3.571261199999999914e+00,-1.016737649999999960e+01
1.497623499999999885e-01,-7.834865599999999652e+00
-1.131185999999999936e+01,-8.231115000000000848e+00
-2.827960800000000052e-01,-9.012931999999999277e+00
-1.059229099999999946e+01,-7.606743999999999950e+00
-1.846994899999999939e-01,-8.468054999999999666e+00
-6.711415999999999826e+00,-8.537321000000000382e+00
-2.842484699999999753e-01,-8.710484499999999741e+00
1.871818200000000099e+00,-7.004046999999999912e+00
2.165920999999999985e+00,-9.738811000000000107e+00
-1.147965300000000077e+01,-8.612878999999999508e+00
-9.178044999999999121e+00,-8.101509999999999323e+00
-1.541478500000000029e-01,-9.037115999999999261e+00
-1.051654699999999920e+01,-7.728943300000000072e+00
2.346443400000000068e+00,-9.683351999999999293e+00
-6.539258000000000237e+00,-8.171269999999999811e+00
-8.670692999999999984e+00,-8.227308000000000732e+00
-8.377254000000000644e+00,-8.198247000000000284e+00
9.670372000000000412e-01,-7.992757000000000112e+00
-8.521433999999999287e+00,-6.461904500000000162e+00
-1.198949900000000035e+01,-6.661556199999999706e+00
-1.142966649999999973e+01,-7.909780500000000103e+00
-1.121138299999999965e+01,-9.083083999999999492e+00
-1.136650500000000008e+01,-8.574790999999999386e+00
8.214661500000000061e-01,-7.165169200000000238e+00
-1.208953099999999914e+01,-6.385265999999999664e+00
-6.944982000000000433e+00,-8.020165000000000433e+00
1.521066399999999874e-01,-6.829733400000000287e+00
-1.176576000000000022e+01,-8.032436000000000575e+00
7.571191000000000448e-01,-9.813000000000000611e+00
1.795065300000000086e+00,-9.216305000000000192e+00
-6.351025599999999827e+00,-6.369686599999999643e+00
-1.309218300000000035e+01,-5.809789999999999566e+00
1.226674700000000007e+00,-1.079551299999999969e+01
-1.112476999999999983e+01,-8.244441999999999382e+00
-1.159211400000000047e+01,-8.116286000000000556e+00
-2.610177399999999981e-01,-8.445956000000000685e+00
-1.170228600000000085e+01,-7.894353399999999965e+00
3.193589199999999906e+00,-1.028799399999999942e+01
1.935815599999999970e+00,-9.178141999999999356e+00
-8.983389999999999986e+00,-8.129540999999999684e+00
1.362438700000000003e+00,-8.236563999999999552e+00
-7.979317700000000180e+00,-7.176814600000000155e+00
-8.860844999999999416e+00,-8.192935000000000301e+00
3.283278699999999883e+00,-1.089197000000000060e+01
3.991460800000000031e+00,-7.170391999999999655e+00
1.878819100000000075e+00,-7.685213599999999978e+00
-1.063450199999999946e+01,-7.646326499999999804e+00
2.459728000000000137e+00,-5.581679000000000279e+00
-1.036679099999999920e+01,-5.667464999999999975e+00
-9.201983999999999497e+00,-7.965518000000000320e+00
1.067804999999999893e+00,-6.859601500000000129e+00
4.847617999999999761e+00,-5.106223599999999863e+00
-6.762885599999999720e+00,-6.093333200000000005e+00
4.817511999999999905e-01,-8.201254999999999740e+00
9.009342000000000183e-01,-9.992808000000000135e+00
-8.953238999999999947e+00,-8.260184999999999889e+00
-1.189964999999999939e+01,-7.591133000000000131e+00
-1.049581099999999978e+01,-6.728646300000000302e+00
-1.019505499999999998e+01,-6.017827999999999733e+00
-1.250615099999999913e+01,-7.597114600000000273e+00
-1.044837899999999919e+01,-7.466675000000000395e+00
1.296719100000000013e+00,-9.393122999999999223e+00
-9.333935000000000315e+00,-7.990651599999999632e+00
-1.304947300000000077e+01,-7.272846000000000366e+00
-1.080043900000000079e+01,-7.423243000000000258e+00
8.650644400000000456e-01,-7.042824300000000370e+00
-1.084768200000000071e+01,-8.036303000000000196e+00
-1.143097500000000011e+01,-7.478564000000000433e+00
-1.142595500000000008e+01,-7.922473000000000098e+00
-1.146864399999999939e+01,-8.125567999999999458e+00
3.115391999999999939e+00,-8.652927000000000035e+00
-8.932035000000000835e+00,-8.190587999999999980e+00
2.298360800000000204e+00,-8.227895000000000181e+00
-1.685203299999999960e+00,-6.149883299999999942e+00
2.398226300000000144e+00,-1.028996199999999916e+01
3.118456800000000140e+00,-8.778838999999999615e+00
2.900984999999999925e+00,-8.940196999999999505e+00
-1.155247499999999938e+01,-7.381119700000000172e+00
2.434141200000000005e+00,-1.086597500000000061e+01
2.411420300000000072e+00,-7.752100500000000061e+00
-8.898889000000000493e+00,-8.300603000000000620e+00
-9.733693000000000595e+00,-8.145350999999999786e+00
-1.078745649999999934e+01,-6.936118600000000356e+00
-1.138484599999999958e+01,-8.339104999999999990e+00
-8.975187999999999278e+00,-8.029576000000000491e+00
8.356280299999999661e-01,-9.356225999999999487e+00
-8.916698999999999486e+00,-7.966282399999999875e+00
-1.149434699999999943e+01,-7.498761700000000197e+00
-1.296360600000000041e+01,-7.626083999999999641e+00
-1.102399100000000054e+01,-7.711496000000000350e+00
-1.113727899999999948e+01,-7.662912000000000390e+00
1.180200200000000033e+00,-9.999109000000000691e+00
-7.876312999999999676e+00,-6.303771499999999861e+00
-1.066326300000000060e+01,-7.297324699999999886e+00
3.244656299999999938e+00,-9.420076999999999146e+00
-9.883615499999999443e+00,-7.963003999999999749e+00
-1.079073799999999927e+01,-6.387203999999999660e+00
-9.111352000000000118e+00,-8.068825999999999610e+00
-1.115404799999999952e+01,-7.871529599999999682e+00
-9.494965000000000543e+00,-7.880791999999999575e+00
8.514050000000000437e-03,-8.300990000000000535e+00
-1.122791100000000064e+01,-8.064638000000000417e+00
2.153949700000000078e+00,-9.464207999999999288e+00
1.027658699999999925e+00,-9.989551999999999765e+00
2.501004200000000122e+00,-6.030988999999999933e+00
-1.285190300000000008e+01,-7.671337600000000201e+00
-1.062231350000000063e+01,-7.430563000000000251e+00
-8.895160000000000622e+00,-8.059898999999999702e+00
-1.139005399999999923e+01,-7.754394999999999705e+00
-1.142929649999999953e+01,-7.899434600000000195e+00
-1.100790600000000019e+01,-6.382306599999999719e+00
4.031716000000000300e+00,-6.926848999999999812e+00
1.772495300000000107e+00,-8.883549000000000362e+00
-1.095457200000000064e+01,-7.904914400000000008e+00
-1.039920399999999923e+01,-5.334950400000000315e+00
-1.093790800000000019e+01,-7.963562500000000099e+00
-1.065489499999999978e+01,-6.514488000000000056e+00
1.438879000000000019e+00,-7.368765400000000021e+00
-1.266332099999999983e+01,-7.353315399999999613e+00
-1.119591299999999912e+01,-7.978678000000000381e+00
3.034937400000000007e+00,-8.330768000000000839e+00
-8.716870000000000118e+00,-8.119778000000000162e+00
-1.285338499999999939e+01,-7.678105999999999653e+00
-1.060910900000000012e+01,-6.462570999999999621e+00
-9.302104999999999180e+00,-7.869580000000000020e+00
2.741126799999999974e+00,-8.906563999999999481e+00
-1.282425199999999954e+01,-7.381386799999999582e+00
-8.518155999999999395e+00,-8.494303000000000381e+00
-9.138016000000000361e+00,-8.073216999999999643e+00
-1.109206099999999928e+01,-6.711735199999999679e+00
-1.299280599999999986e+01,-7.784219000000000221e+00
-6.857813400000000392e+00,-8.164296999999999471e+00
-9.034326000000000079e+00,-7.889605000000000423e+00
-1.156834600000000002e+01,-8.578424999999999301e+00
3.170721799999999924e+00,-9.223181999999999547e+00
-1.101984900000000067e+01,-7.734054000000000428e+00
-1.131213100000000082e+01,-8.375505999999999673e+00
-9.388011999999999802e+00,-8.028909000000000518e+00
1.885263200000000028e+00,-8.911521000000000470e+00
3.821928999999999910e+00,-1.063214999999999932e+01
1.620943400000000034e+00,-8.779462999999999795e+00
3.023625000000000007e+00,-1.152370100000000086e+01
-7.110845600000000211e+00,-6.271207300000000373e+00
-1.092594599999999971e+01,-7.831403700000000079e+00
-1.069297199999999926e+01,-7.441139999999999866e+00
-1.283045899999999939e+01,-7.356705999999999968e+00
-6.515469000000000399e+00,-8.415010000000000545e+00
-9.122524000000000299e+00,-7.958760999999999974e+00
-1.157151299999999949e+01,-7.941110600000000019e+00
-6.863092400000000204e+00,-8.137456999999999496e+00
-9.303034999999999499e+00,-8.009555000000000646e+00
-1.128950599999999937e+01,-7.863244500000000414e+00
-8.289947500000000247e+00,-5.495259299999999847e+00
2.569098199999999999e+00,-1.098984399999999972e+01
2.443834299999999793e+00,-1.005844600000000000e+01
-1.113842600000000083e+01,-8.077514000000000749e+00
3.244054999999999911e+00,-9.986755000000000493e+00
-1.147885600000000039e+01,-7.589014500000000218e+00
-1.228340200000000060e+01,-6.881476400000000382e+00
-1.935955300000000046e+00,-6.258146299999999940e+00
-1.175768700000000067e+01,-8.009978000000000264e+00
-1.122430100000000053e+01,-7.857410400000000017e+00
3.473614700000000166e+00,-6.897370999999999697e+00
-1.106374500000000083e+01,-7.887336999999999598e+00
1.801368400000000092e+00,-8.809459999999999624e+00
-1.086858499999999950e+01,-7.075127600000000072e+00
-1.088307600000000086e+01,-6.842445999999999806e+00
-1.183152100000000040e+01,-7.718703999999999787e+00
-9.213488999999999152e+00,-8.059955000000000425e+00
-9.393261000000000749e+00,-8.068896999999999764e+00
-1.142807900000000032e+01,-8.220224999999999227e+00
2.841318999999999928e+00,-8.739798000000000400e+00
-1.163184449999999970e+01,-8.173819999999999197e+00
-1.272203400000000073e+01,-7.345615399999999795e+00
1.725719999999999921e+00,-8.348874999999999602e+00
1.944037400000000027e+00,-1.238785900000000062e+01
3.427908200000000072e+00,-8.797491000000000838e+00
4.548151799999999856e-01,-7.091719999999999580e+00
-1.158346399999999932e+01,-7.602841399999999972e+00
-1.140678800000000059e+01,-8.680047000000000068e+00
-1.155943800000000010e+01,-7.745458000000000176e+00
2.436648599999999831e+00,-1.056385299999999994e+01
-9.251886999999999972e+00,-7.862669999999999604e+00
1.541259900000000016e+00,-9.485981999999999914e+00
-1.239508900000000047e+01,-7.465894999999999726e+00
-1.162566799999999922e+01,-7.934334999999999916e+00
-1.048734299999999919e+01,-5.251824000000000048e+00
-1.216670000000000051e+01,-7.542323999999999806e+00
3.147927500000000212e+00,-9.325989999999999114e+00
3.027624400000000104e+00,-1.115926699999999983e+01
-1.046663799999999966e+01,-7.574939999999999785e+00
-1.227350700000000039e+01,-6.446960999999999942e+00
-9.101338000000000150e+00,-8.296568000000000609e+00
-1.117805000000000071e+01,-7.860080700000000142e+00
3.330657500000000049e+00,-9.555550000000000210e+00
2.969073999999999991e+00,-9.096398000000000650e+00
-1.119838200000000050e+01,-7.990063700000000324e+00
2.355964199999999842e+00,-8.230028000000000787e+00
-1.142502499999999976e+01,-7.401266999999999818e+00
-1.079634599999999978e+01,-7.280997799999999742e+00
-1.130535599999999974e+01,-7.056607699999999816e+00
-1.108071299999999937e+01,-7.832276300000000191e+00
-2.868682399999999966e-01,-9.453108000000000288e+00
3.467328499999999813e+00,-9.223606000000000193e+00
-1.055774700000000088e+01,-7.945335400000000270e+00
2.782280200000000203e+00,-8.773533999999999722e+00
-1.308818149999999925e+01,-6.937910999999999717e+00
-1.141638700000000028e+01,-8.314939499999999484e+00
-9.022581000000000628e+00,-8.119151000000000451e+00
1.434436000000000044e+00,-1.004922999999999966e+01
-1.095552400000000048e+01,-6.411655399999999894e+00
-1.125641700000000078e+01,-7.576491400000000098e+00
-9.258573000000000164e+00,-8.168302999999999869e+00
-1.229550700000000063e+01,-9.061844999999999928e+00
-1.063067500000000010e+01,-7.330806299999999887e+00
-1.119287899999999958e+01,-8.182135000000000602e+00
-8.873492999999999853e+00,-8.582805000000000462e+00
1.202533099999999910e+00,-1.054500499999999974e+01
-1.025246199999999952e+01,-5.915415300000000265e+00
-1.102895600000000087e+01,-8.451798000000000144e+00
-1.142672499999999935e+01,-8.189144000000000645e+00
-1.035646000000000022e+01,-5.249761999999999595e+00
1.058414299999999919e+00,-1.034752600000000022e+01
1.190150899999999901e+00,-1.010274599999999978e+01
1.561445699999999936e+00,-7.992187500000000000e+00
-8.680243499999999557e+00,-8.493676000000000670e+00
1.607107499999999911e+00,-9.236418000000000461e+00
-1.120780500000000046e+01,-7.901018599999999559e+00
-9.027910000000000323e+00,-8.664041499999999729e+00
7.352283600000000252e-01,-9.424931000000000836e+00
-9.063981000000000066e+00,-7.460253200000000362e+00
-9.147016999999999953e+00,-8.275764000000000564e+00
-1.149184499999999964e+01,-8.371634999999999494e+00
-1.138316200000000045e+01,-7.937183400000000333e+00
-1.133148599999999995e+01,-7.632163000000000252e+00
-8.947924000000000433e+00,-8.392618999999999829e+00
3.582118700000000100e+00,-9.257089000000000567e+00
1.713683000000000067e+00,-8.334384000000000015e+00
-1.108852699999999913e+01,-6.661948699999999945e+00
-9.330676000000000414e+00,-8.589019000000000403e+00
-1.159209099999999992e+01,-7.570813000000000237e+00
-1.128427600000000020e+01,-7.845642599999999689e+00
-1.095724399999999932e+01,-5.427052999999999905e+00
-9.035961000000000354e+00,-8.278003000000000000e+00
-9.269381499999999718e+00,-8.205932000000000670e+00
2.921003600000000144e+00,-1.023559700000000028e+01
-1.163876100000000058e+01,-7.022579699999999647e+00
3.709637400000000085e+00,-8.571956000000000131e+00
-1.134330399999999983e+01,-6.089898599999999718e+00
-1.067275500000000044e+01,-7.130168000000000283e+00
3.168162600000000051e+00,-9.749320000000000874e+00
2.924935599999999969e+00,-8.145951000000000164e+00
4.037047000000000274e+00,-7.359388000000000041e+00
-9.026401500000000411e+00,-8.332777999999999352e+00
4.314348700000000036e+00,-9.036678999999999462e+00
-1.086838700000000024e+01,-8.182525999999999300e+00
2.940505299999999878e+00,-9.520887999999999352e+00
2.610849400000000209e+00,-8.317766000000000659e+00
-8.373518000000000683e+00,-6.363076699999999697e+00
-1.115770499999999998e+01,-6.077336999999999989e+00
-1.022150800000000004e+01,-5.314500299999999733e+00
-1.102469999999999928e+01,-8.072229999999999350e+00
-1.023816500000000040e+01,-5.331548699999999918e+00
2.311418000000000195e+00,-8.380855999999999639e+00
-1.105423449999999974e+01,-6.257865400000000022e+00
-1.097654299999999949e+01,-5.994711399999999912e+00
2.062171000000000198e+00,-7.710831999999999908e+00
-1.160254499999999922e+01,-7.364990999999999843e+00
1.142123999999999917e+00,-1.019599999999999973e+01
1.572025199999999900e+00,-9.223074999999999690e+00
-8.858261000000000607e+00,-7.288537500000000335e+00
1.958016299999999932e+00,-9.794264999999999333e+00
-1.099693199999999926e+01,-6.382244000000000028e+00
-2.457798300000000047e-01,-7.654834000000000138e+00
-1.142257599999999940e+01,-8.412903999999999272e+00
-1.158090600000000059e+01,-7.758682000000000301e+00
2.072123299999999890e+00,-9.531902000000000541e+00
-1.108352999999999966e+01,-7.565087000000000117e+00
-1.050116000000000049e+01,-7.348324999999999996e+00
-1.112231599999999965e+01,-6.593984599999999752e+00
-9.003975000000000506e+00,-5.271564500000000209e+00
-1.123840200000000067e+01,-8.321605999999999170e+00
-1.089797899999999942e+01,-7.158715199999999612e+00
-5.672409499999999660e+00,-6.002449999999999619e+00
-1.038223799999999919e+01,-5.236068000000000389e+00
2.606435799999999858e+00,-1.080846000000000018e+01
-1.152134999999999998e+01,-7.615484699999999663e+00
-1.210690100000000058e+01,-6.134475000000000122e+00
-1.186051199999999994e+01,-7.733830000000000204e+00
-8.212923999999999225e+00,-6.579825999999999731e+00
-1.135030599999999978e+01,-8.158113000000000170e+00
-6.341316700000000139e+00,-6.381759999999999877e+00
-1.143760499999999958e+01,-8.424252499999999699e+00
-8.830227999999999966e+00,-6.226340000000000430e+00
-1.077740599999999915e+01,-6.233169600000000088e+00
-7.446922999999999959e+00,-5.923405999999999949e+00
-7.209079700000000201e+00,-5.994584999999999830e+00
-1.164704599999999957e+01,-8.271670000000000300e+00
9.772965300000000521e-01,-6.781727300000000014e+00
-1.298597400000000057e+01,-7.065947000000000422e+00
-1.058475699999999975e+01,-5.447887399999999936e+00
-1.311079699999999981e+01,-7.476455999999999769e+00
-1.007827699999999993e+01,-5.868291400000000380e+00
-8.859405999999999892e+00,-6.659859700000000160e+00
-1.060098400000000041e+01,-6.640386600000000250e+00
-1.062499900000000075e+01,-4.674852999999999703e+00
-1.290737599999999929e+01,-6.840613399999999622e+00
-1.053453900000000054e+01,-7.177429700000000246e+00
-1.051697799999999994e+01,-7.477870000000000239e+00
1.832916999999999907e+00,-7.805974499999999594e+00
-2.310162300000000002e+00,-6.566694299999999984e+00
1.857158899999999946e+00,-7.773918600000000012e+00
1.175762799999999997e+00,-7.262246600000000107e+00
6.137594999999999856e-02,-8.769340500000000205e+00
1.819001099999999926e+00,-7.958921000000000134e+00
-1.165664199999999973e+01,-7.607436700000000052e+00
-8.871271000000000129e+00,-7.923118999999999801e+00
-1.082375700000000052e+01,-6.965391000000000332e+00
-1.017869699999999966e+01,-5.101695499999999939e+00
-1.086331799999999959e+01,-7.342387699999999739e+00
-8.936110499999999845e+00,-6.206519600000000025e+00
-9.282263000000000375e+00,-7.834544700000000361e+00
-1.115047200000000061e+01,-6.402461999999999875e+00
4.306069599999999831e-01,-9.917669000000000068e+00
-1.053515400000000035e+01,-5.226845299999999916e+00
-1.085112600000000072e+01,-7.076076999999999728e+00
7.082427999999999502e-01,-7.356549300000000180e+00
-2.930034599999999934e+00,-8.131631000000000498e+00
-1.103496550000000020e+01,-7.863482499999999931e+00
-1.247614800000000024e+01,-6.546459999999999724e+00
-8.758876000000000772e+00,-8.048906000000000560e+00
-1.171656800000000054e+01,-8.148282999999999276e+00
-1.102027900000000038e+01,-6.713897700000000413e+00
-1.132161699999999982e+01,-6.896173000000000108e+00
-5.127058599999999577e-01,-7.985644299999999696e+00
-1.043607899999999944e+01,-7.225471999999999895e+00
-1.124118499999999976e+01,-6.485889000000000237e+00
-1.070603750000000076e+01,-6.960993300000000161e+00
-9.038059999999999761e+00,-7.973651399999999612e+00
-1.037832900000000080e+01,-7.587443999999999633e+00
-1.154508200000000073e+01,-6.350990999999999609e+00
-1.106520500000000062e+01,-6.840582000000000384e+00
-8.370744999999999436e+00,-6.555950600000000072e+00
-8.557446000000000552e+00,-6.865850400000000242e+00
-7.171732000000000440e+00,-6.724578000000000166e+00
-1.139724600000000088e+01,-7.760411999999999644e+00
-3.561281600000000269e-01,-6.273324500000000192e+00
-1.113442900000000080e+01,-6.146817699999999718e+00
2.524035000000000029e-01,-7.195019000000000275e+00
2.009703399999999807e+00,-8.031919999999999504e+00
-9.928480999999999668e+00,-5.835537000000000418e+00
2.642748999999999793e+00,-9.987861000000000544e+00
2.391369599999999984e+00,-8.690106999999999360e+00
-1.087797899999999984e+01,-7.458199500000000093e+00
7.939570000000000238e-01,-9.955976500000000229e+00
-1.076849400000000045e+01,-7.294744500000000187e+00
-1.336921599999999977e+01,-5.613832500000000003e+00
-9.148130999999999347e+00,-8.134040000000000603e+00
-1.054611399999999932e+01,-6.950802300000000322e+00
1.689921999999999924e+00,-9.601686499999999569e+00
-1.169167900000000060e+01,-8.138802000000000092e+00
-1.112953199999999931e+01,-7.861377199999999732e+00
-1.185319800000000079e+01,-8.090241000000000682e+00
-1.045481200000000044e+01,-6.512676700000000096e+00
-7.144978000000000051e+00,-6.049938700000000225e+00
-1.113049200000000027e+01,-6.520630399999999938e+00
1.947402800000000100e+00,-8.916888999999999399e+00
1.013658199999999954e-01,-7.089635000000000353e+00
-8.904718000000000799e+00,-6.736829000000000178e+00
2.082458100000000034e-01,-6.524533700000000103e+00
-8.841761999999999233e+00,-8.047625000000000028e+00
-2.354358400000000184e+00,-7.544082000000000399e+00
-1.253202300000000058e+01,-7.606375700000000073e+00
-2.853976199999999963e+00,-7.040786699999999954e+00
-7.178200999999999610e+00,-7.278186999999999962e+00
-1.071709700000000076e+01,-7.366482000000000419e+00
-1.017634900000000009e+01,-5.866984999999999673e+00
-1.069710800000000006e+01,-7.253016999999999825e+00
-1.054289200000000015e+01,-7.544552999999999621e+00
-1.091887599999999914e+01,-7.286284400000000439e+00
1.507144900000000065e-01,-6.267277199999999659e+00
-1.155959499999999984e+01,-7.468415700000000434e+00
-1.072871499999999934e+01,-7.424253499999999839e+00
-2.747179000000000038e+00,-7.709174599999999877e+00
2.038247999999999838e+00,-8.077612000000000236e+00
-7.846049299999999782e+00,-7.288649600000000284e+00
-1.274531799999999926e+01,-7.525501000000000218e+00
-5.747781999999999947e+00,-5.799841999999999942e+00
-1.054724900000000076e+01,-7.014698000000000100e+00
-5.769185499999999855e+00,-5.827030999999999850e+00
-8.585582999999999743e+00,-6.211462000000000039e+00
-1.181257500000000071e+01,-7.030130400000000002e+00
1.278637299999999977e+00,-9.689126999999999157e+00
2.303920999999999886e+00,-8.355232000000000880e+00
4.929521000000000042e-01,-7.179095700000000413e+00
-8.344739000000000573e+00,-6.502957999999999572e+00
-1.080832599999999921e+01,-7.522417500000000423e+00
-9.021950999999999610e+00,-6.830888700000000036e+00
-3.356276499999999885e+00,-7.421607999999999983e+00
-8.677123999999999171e+00,-5.950001999999999569e+00
-1.136701599999999956e+01,-7.752076999999999884e+00
-1.013685100000000006e+01,-6.005486000000000324e+00
-9.150916000000000494e+00,-7.988415999999999961e+00
-1.292429300000000048e+01,-7.477066999999999908e+00
-1.081136000000000053e+01,-6.001770500000000119e+00
-1.136316000000000059e+01,-7.840536000000000172e+00
-5.744792999999999594e+00,-6.958705000000000140e+00
-1.074437200000000026e+01,-7.557736399999999577e+00
-1.051576700000000031e+01,-7.542418999999999762e+00
-1.143485100000000010e+01,-7.930592500000000378e+00
1.224532699999999918e+00,-7.490650999999999726e+00
-1.249722399999999922e+01,-6.068736999999999604e+00
-1.058040100000000017e+01,-6.894681000000000282e+00
-1.148520099999999999e+01,-7.813032599999999661e+00
-2.583591699999999935e+00,-7.176775499999999752e+00
1.961234700000000108e+00,-7.626464000000000354e+00
-1.048993600000000015e+01,-6.579186400000000212e+00
-8.886687999999999477e+00,-7.130862699999999776e+00
-1.160346299999999964e+01,-7.784285500000000191e+00
-1.175615099999999913e+01,-7.631737000000000215e+00
-1.134557599999999944e+01,-6.102837000000000067e+00
-1.122564299999999982e+01,-7.363021999999999956e+00
-1.053609800000000085e+01,-6.799891500000000200e+00
-1.294815700000000014e+01,-7.201593400000000145e+00
-1.184059000000000061e+01,-7.224333299999999625e+00
-1.159633000000000003e+01,-7.541350000000000442e+00
-1.313758999999999943e+01,-7.135353600000000185e+00
-1.342797099999999944e+01,-7.236576600000000248e+00
-1.232177700000000087e+01,-5.868687000000000431e+00
-1.305639500000000019e+01,-7.060205999999999982e+00
-1.159555149999999912e+01,-7.433912000000000297e+00
-7.237146400000000313e+00,-5.814993000000000301e+00
-1.174600900000000081e+01,-7.698921699999999646e+00
-1.307505699999999926e+01,-5.174977000000000160e+00
-1.071438700000000033e+01,-6.493517399999999995e+00
-1.081113700000000044e+01,-6.239771400000000412e+00
-1.286936900000000072e+01,-7.646579700000000201e+00
-1.261893099999999990e+01,-5.418672599999999839e+00
-1.057050199999999940e+01,-7.414015299999999975e+00
-1.304043500000000044e+01,-7.266753699999999760e+00
-7.295331000000000010e+00,-6.044326299999999819e+00
-1.058085499999999968e+01,-7.184033399999999681e+00
-1.085978500000000047e+01,-6.737874500000000211e+00
-1.096477999999999930e+01,-6.066906999999999606e+00
-1.078920500000000082e+01,-7.721091000000000371e+00
-1.265664899999999982e+01,-5.456904399999999988e+00
-1.082582999999999984e+01,-6.757756699999999839e+00
-1.266253500000000010e+01,-7.627931000000000239e+00
-1.085393499999999989e+01,-7.466508400000000378e+00
-1.300928799999999974e+01,-7.676690599999999698e+00
-1.134075699999999998e+01,-7.762847999999999971e+00
-9.011547000000000196e+00,-7.943707500000000366e+00
-1.053745299999999929e+01,-5.042423199999999994e+00
-1.078428000000000075e+01,-7.455737599999999965e+00
-1.163462400000000052e+01,-6.504266300000000278e+00
-1.257774099999999962e+01,-5.568022000000000027e+00
-1.111014600000000030e+01,-8.310463999999999629e+00
-8.778086000000000055e+00,-6.273518600000000056e+00
-1.085033800000000070e+01,-6.517379299999999986e+00
-9.869927999999999813e+00,-6.335169999999999746e+00
2.499744199999999861e+00,-1.079537700000000022e+01
-6.237055999999999933e+00,-6.920570399999999900e+00
2.097861299999999929e+00,-8.148557000000000272e+00
-1.106460200000000071e+01,-6.834643999999999942e+00
-1.062027299999999919e+01,-7.286947699999999806e+00
-1.422694599999999987e+01,-7.698858699999999722e+00
3.031656299999999860e+00,-7.992345000000000255e+00
-1.027876299999999965e+01,-5.223517400000000421e+00
-1.291291700000000020e+01,-7.810464399999999863e+00
-8.489781000000000688e+00,-4.882193599999999911e+00
-8.512340000000000018e+00,-6.503547700000000376e+00
-1.049510700000000085e+01,-5.974952000000000041e+00
-1.077488899999999994e+01,-6.880531999999999648e+00
-9.920101999999999975e+00,-5.867276699999999678e+00
-1.190309899999999921e+01,-7.149733999999999590e+00
-1.088557899999999989e+01,-6.880245999999999640e+00
-1.114543199999999956e+01,-7.372860400000000425e+00
-1.085332400000000064e+01,-7.344980699999999807e+00
-9.132732999999999990e+00,-8.031684000000000268e+00
-1.061656299999999931e+01,-6.851750400000000241e+00
-9.104414999999999480e+00,-8.086774000000000129e+00
-1.143945100000000004e+01,-7.489009000000000249e+00
2.995190599999999925e+00,-9.265109999999999957e+00
-8.623668999999999585e+00,-8.096313000000000315e+00
-9.873763000000000289e+00,-5.649028999999999634e+00
-1.016332300000000011e+01,-5.745229000000000141e+00
-9.877596999999999738e+00,-5.733072800000000413e+00
-1.119455100000000058e+01,-7.939275300000000257e+00
-5.409559200000000345e+00,-5.286683599999999927e+00
-1.163856999999999964e+01,-7.956636399999999831e+00
-7.288426399999999639e+00,-5.637044000000000388e+00
-1.108215599999999945e+01,-7.241383599999999809e+00
-1.147668600000000083e+01,-7.683093500000000020e+00
-1.017377399999999987e+01,-5.576361000000000345e+00
1.404049600000000009e+00,-1.186383149999999986e+01
-2.754450299999999796e+00,-6.842954599999999665e+00
-9.488711000000000340e+00,-5.362158299999999933e+00
-6.771103000000000094e+00,-5.738348000000000226e+00
-1.161270200000000052e+01,-8.188672000000000395e+00
-1.119804500000000047e+01,-8.128999000000000308e+00
-1.131098700000000079e+01,-8.016415999999999542e+00
-9.064443000000000694e+00,-8.106379999999999697e+00
-7.205396999999999608e+00,-5.497320700000000393e+00
-9.520870999999999640e+00,-5.406663400000000230e+00
-1.285913399999999918e+01,-7.468906999999999741e+00
-9.749266999999999683e+00,-5.855673300000000303e+00
-9.410130000000000550e+00,-7.490530500000000202e+00
-1.080458900000000000e+01,-7.423448600000000397e+00
-1.071096900000000041e+01,-6.686225999999999559e+00
2.702365200000000023e+00,-1.123603999999999914e+01
-1.303001100000000001e+01,-7.469649999999999679e+00
-1.123919300000000021e+01,-7.721262499999999918e+00
-9.599313000000000429e+00,-7.962888200000000083e+00
-1.100949699999999964e+01,-7.303226500000000065e+00
-1.133754599999999968e+01,-7.704005999999999688e+00
-1.134987699999999933e+01,-7.817349400000000337e+00
-9.196443000000000367e+00,-7.863048000000000037e+00
-1.155462099999999914e+01,-7.825381799999999721e+00
-7.224388000000000254e+00,-6.602274000000000420e+00
-1.060267200000000010e+01,-7.343100999999999878e+00
-9.098333999999999477e+00,-8.069390999999999536e+00
-1.115285699999999913e+01,-8.135385499999999936e+00
-1.145874099999999984e+01,-7.750644000000000311e+00
-1.275751700000000000e+01,-7.288402999999999743e+00
3.431923199999999952e+00,-9.711995999999999185e+00
-1.075961599999999940e+01,-7.666065999999999825e+00
-1.254891800000000046e+01,-7.640937300000000043e+00
-1.147405099999999933e+01,-8.001049999999999329e+00
-1.088399300000000025e+01,-6.832625400000000404e+00
-1.126152300000000039e+01,-8.072126000000000801e+00
-1.172767299999999935e+01,-7.934300000000000352e+00
-1.100723699999999994e+01,-8.074885000000000090e+00
2.986815500000000068e+00,-9.196771000000000029e+00
-1.312965299999999935e+01,-7.291623000000000410e+00
-1.141124800000000050e+01,-8.266446000000000183e+00
-1.164615200000000073e+01,-8.084585999999999828e+00
-1.084532500000000077e+01,-8.181812000000000751e+00
-1.139332600000000006e+01,-8.474845000000000184e+00
-1.316781499999999916e+01,-7.321734400000000420e+00
-1.134246100000000013e+01,-8.077867499999999978e+00
-1.123526500000000006e+01,-7.867699599999999904e+00
-1.127790800000000004e+01,-8.084035999999999333e+00
-1.141824000000000083e+01,-8.399324000000000012e+00
-1.337132899999999935e+01,-7.593369499999999661e+00
-1.142698999999999998e+01,-8.056718000000000046e+00
-1.297320649999999986e+01,-7.540034999999999599e+00
-1.133594100000000005e+01,-7.996333599999999819e+00
-1.118860199999999949e+01,-7.970323600000000397e+00
-1.153121100000000077e+01,-7.670797000000000310e+00
-1.149099900000000041e+01,-7.964584399999999675e+00
3.032628499999999949e+00,-1.121367300000000000e+01
-1.098396200000000000e+01,-6.636591000000000129e+00
-1.288795499999999983e+01,-7.594594999999999985e+00
1.799225400000000086e+00,-9.056573000000000206e+00
-1.135503300000000060e+01,-7.535464000000000162e+00
2.128182400000000030e+00,-7.928142000000000245e+00
-9.234021999999999508e+00,-8.101903999999999328e+00
-8.959929000000000698e+00,-8.269482999999999251e+00
-1.304323800000000055e+01,-7.467307599999999823e+00
-1.141782500000000056e+01,-8.037891000000000119e+00
-1.323465599999999931e+01,-7.622970999999999719e+00
-1.134869100000000053e+01,-7.897417500000000423e+00
-1.130959499999999984e+01,-7.993014999999999759e+00
-1.152835299999999918e+01,-8.338457000000000008e+00
-1.102100700000000089e+01,-6.296802500000000080e+00
-1.080001799999999967e+01,-6.612504500000000007e+00
-1.028773600000000066e+01,-6.867253999999999969e+00
-1.152387300000000003e+01,-8.551339999999999719e+00
-1.149968400000000024e+01,-7.872418999999999834e+00
3.590630800000000011e+00,-9.686330999999999136e+00
-1.311069499999999977e+01,-7.518390700000000315e+00
-8.259871000000000407e+00,-6.815542699999999954e+00
-1.181906700000000043e+01,-7.495095300000000016e+00
-1.137354700000000030e+01,-7.846915199999999757e+00
-1.056584100000000070e+01,-7.300278999999999741e+00
-8.566266000000000602e+00,-7.339790999999999954e+00
-9.246695499999999512e+00,-7.884882000000000168e+00
-1.137732699999999930e+01,-7.738183000000000256e+00
-1.286565000000000047e+01,-7.508135300000000178e+00
-1.299236499999999950e+01,-5.522902000000000200e+00
-1.307621900000000004e+01,-6.749380000000000379e+00
-1.336560399999999937e+01,-7.940197500000000019e+00
-1.273728999999999978e+01,-7.348366999999999649e+00
-1.286335200000000079e+01,-6.346434000000000353e+00
-1.119644500000000065e+01,-8.199671000000000376e+00
-1.130800600000000067e+01,-7.654874000000000400e+00
-1.137511349999999943e+01,-7.727786000000000044e+00
-1.252163499999999985e+01,-7.082015499999999797e+00
-1.515868700000000047e+01,-7.225780999999999565e+00
-1.303989600000000060e+01,-5.572925599999999591e+00
-1.266916200000000003e+01,-7.462619300000000067e+00
-1.291695999999999955e+01,-7.464068000000000147e+00
-1.327521800000000063e+01,-7.345844300000000437e+00
-1.308138800000000046e+01,-7.424732999999999805e+00
-1.068552099999999960e+01,-4.782436399999999921e+00
-1.357565400000000011e+01,-7.561975999999999587e+00
-1.161357699999999937e+01,-8.183009000000000199e+00
-1.231505800000000050e+01,-8.167026500000000411e+00
-1.278649300000000011e+01,-7.454653699999999716e+00
-1.173574299999999937e+01,-7.822185499999999791e+00
-1.200102200000000074e+01,-8.710093499999999267e+00
-1.262494200000000077e+01,-7.397519599999999862e+00
-1.492033999999999949e+01,-8.100930999999999216e+00
