4.528749999999999790e-03,6.116290000000000355e-04
-3.249349999999999808e-03,2.473609999999999785e-03
1.412550000000000047e-03,-8.929549999999999640e-03
2.784009999999999957e-03,4.242990000000000303e-03
1.850110000000000079e-03,2.503179999999999815e-03
8.219990000000000152e-04,-1.524549999999999950e-03
-4.056999999999999842e-03,1.283749999999999952e-03
-3.191980000000000078e-03,-4.164550000000000370e-03
1.896180000000000131e-04,4.504700000000000371e-03
2.062120000000000185e-03,-2.242699999999999815e-03
-2.026840000000000130e-04,-5.952640000000000362e-03
4.799509999999999887e-03,-1.179080000000000102e-03
-3.293519999999999868e-03,2.593879999999999797e-03
-5.165259999999999643e-03,-6.748569999999999743e-03
-3.327389999999999948e-03,2.867000000000000191e-03
-5.213050000000000106e-04,2.461860000000000177e-04
-1.207790000000000035e-03,-3.048579999999999953e-03
2.410380000000000161e-03,2.344709999999999850e-03
2.811409999999999864e-03,5.136599999999999847e-03
1.893970000000000029e-03,4.308420000000000197e-04
9.075909999999999642e-05,5.743880000000000036e-04
1.436420000000000101e-03,3.118940000000000167e-03
-2.837119999999999833e-03,1.451800000000000059e-05
-2.744620000000000132e-03,-2.984450000000000037e-03
2.140040000000000171e-03,-7.634750000000000043e-04
-3.639850000000000030e-03,-9.703859999999999916e-03
-8.745260000000000360e-04,1.595980000000000098e-03
3.501070000000000007e-04,2.580500000000000111e-04
9.855030000000000409e-05,-5.249690000000000432e-03
-3.149289999999999902e-03,8.242479999999999729e-04
-1.298150000000000085e-03,-1.569290000000000095e-03
1.645399999999999988e-03,1.585040000000000017e-03
-3.310220000000000003e-03,1.717549999999999980e-03
-1.318029999999999983e-03,-4.575989999999999940e-04
-4.248520000000000421e-03,-2.211040000000000054e-03
3.928770000000000265e-04,3.323739999999999941e-03
-5.035219999999999540e-04,-1.632949999999999983e-03
7.221649999999999597e-03,6.087519999999999910e-03
1.291360000000000077e-03,2.081869999999999988e-03
-3.495970000000000154e-03,1.952560000000000103e-03
1.727229999999999955e-03,-1.374259999999999978e-03
2.538990000000000084e-03,5.616170000000000190e-03
-3.828779999999999944e-03,-1.167180000000000084e-03
4.883489999999999880e-03,2.142709999999999927e-03
2.584050000000000062e-03,1.252129999999999953e-03
-4.461019999999999569e-03,-1.054779999999999954e-03
6.578870000000000117e-04,1.888579999999999946e-03
-1.113910000000000047e-04,-5.320810000000000036e-04
1.581039999999999919e-03,-2.318960000000000118e-03
-2.726890000000000043e-03,-8.509680000000000152e-04
1.555500000000000025e-03,-7.160940000000000187e-03
1.458759999999999918e-03,2.167190000000000099e-04
1.878700000000000021e-04,2.383249999999999952e-03
-1.093030000000000043e-03,5.612650000000000278e-03
3.609020000000000110e-03,2.373769999999999873e-03
-1.081340000000000079e-03,-1.109500000000000026e-03
-3.586499999999999844e-03,-1.681010000000000089e-04
-4.269330000000000000e-03,3.775950000000000140e-03
6.627290000000000091e-03,8.090929999999999650e-03
1.018129999999999903e-03,-7.011100000000000144e-03
-1.209929999999999903e-03,3.974369999999999639e-03
7.350200000000000201e-05,-9.501769999999999661e-04
-1.478949999999999926e-03,3.785829999999999903e-04
3.287969999999999868e-03,-4.657429999999999730e-03
3.358560000000000018e-03,1.041150000000000062e-02
-1.218289999999999911e-03,2.631790000000000171e-03
-1.863679999999999937e-03,-2.382219999999999997e-03
8.036500000000000457e-04,5.565449999999999781e-04
2.391289999999999909e-03,-6.669719999999999642e-03
1.404029999999999905e-03,1.753210000000000055e-03
-9.113090000000000123e-04,-1.178650000000000054e-03
7.446119999999999649e-04,-1.207729999999999958e-03
-4.192030000000000235e-03,-2.254159999999999844e-03
1.839860000000000020e-03,7.004529999999999697e-04
-3.533740000000000058e-03,7.213210000000000281e-04
1.063240000000000018e-03,6.568790000000000512e-05
1.045279999999999994e-03,4.884979999999999704e-03
-1.052060000000000061e-03,2.267669999999999842e-03
-9.615999999999999548e-04,-4.006739999999999954e-03
6.029040000000000267e-04,1.110920000000000050e-03
-2.764169999999999822e-03,1.235240000000000079e-03
-3.444369999999999984e-03,-1.521229999999999935e-03
-2.692810000000000125e-04,-1.099640000000000036e-03
-5.533739999999999666e-03,-6.217409999999999604e-03
4.009809999999999937e-03,-4.216029999999999951e-04
-7.424439999999999816e-04,3.980130000000000126e-03
-4.420740000000000260e-03,-1.374570000000000089e-03
-1.607359999999999952e-03,-2.194660000000000187e-03
-4.128579999999999750e-03,1.175509999999999923e-02
7.859129999999999545e-04,-4.228710000000000108e-03
-3.335530000000000179e-03,1.834640000000000012e-03
1.450859999999999997e-03,-1.759630000000000092e-03
2.653040000000000172e-03,3.128259999999999895e-03
-1.130350000000000018e-03,2.660779999999999959e-04
4.124110000000000276e-03,2.109470000000000008e-03
-2.008479999999999988e-03,-1.477250000000000047e-03
-2.028320000000000123e-03,-3.083690000000000042e-03
6.766580000000000338e-03,3.996369999999999957e-03
-7.522430000000000414e-05,1.064309999999999952e-03
3.223139999999999773e-04,-4.237280000000000061e-04
-1.699070000000000007e-03,-4.301319999999999970e-03
5.567520000000000281e-03,7.798740000000000186e-03
-1.706090000000000059e-04,2.578800000000000016e-03
-9.991469999999999258e-04,-1.926049999999999898e-03
-1.582019999999999954e-02,1.785839999999999910e-03
-1.044999999999999922e-02,-6.409620000000000421e-03
5.018329999999999666e-03,-4.324729999999999720e-03
4.664370000000000148e-03,1.039009999999999934e-02
1.837440000000000080e-03,-3.333580000000000159e-04
-5.659089999999999650e-04,-3.049819999999999962e-03
-6.864640000000000195e-04,3.378429999999999975e-03
2.702630000000000136e-03,-1.684959999999999941e-04
2.325729999999999811e-03,9.103689999999999352e-03
-1.506720000000000021e-03,3.020140000000000151e-03
-9.581639999999999558e-04,-1.557079999999999966e-03
-1.426720000000000028e-03,5.563229999999999521e-04
1.332709999999999971e-03,-4.439670000000000270e-04
-6.480290000000000258e-05,-1.157529999999999930e-03
-2.854039999999999962e-03,-9.828389999999999349e-03
-1.851189999999999954e-03,6.049530000000000012e-03
-1.303259999999999987e-04,6.661509999999999827e-03
-1.672309999999999986e-03,-4.072980000000000025e-04
-4.197270000000000341e-03,-5.962030000000000107e-04
-2.076070000000000172e-03,-1.588400000000000012e-03
-6.053440000000000210e-03,-3.705500000000000026e-03
-1.123639999999999969e-03,-3.905169999999999746e-05
-1.422220000000000081e-03,4.862129999999999881e-04
-3.218519999999999888e-03,-3.580700000000000029e-03
1.364890000000000005e-04,1.789800000000000028e-03
1.146099999999999940e-03,2.526099999999999873e-03
5.030920000000000357e-03,9.037420000000000219e-04
1.014389999999999997e-03,1.183720000000000085e-03
-1.674729999999999871e-04,-4.681000000000000265e-03
-1.323689999999999979e-03,-2.127720000000000045e-03
6.445440000000000197e-03,1.050769999999999916e-03
-6.372080000000000018e-04,-1.097719999999999946e-03
2.844650000000000217e-03,-1.412099999999999900e-03
9.331370000000000289e-03,2.982849999999999998e-03
-8.236739999999999340e-03,9.895530000000000038e-04
-1.512320000000000049e-04,-1.058600000000000036e-03
-1.450249999999999933e-03,-2.244159999999999818e-03
-1.492969999999999931e-03,1.183250000000000057e-03
-1.820369999999999974e-03,4.438740000000000263e-04
2.447150000000000041e-04,-2.213530000000000066e-04
-5.571610000000000278e-03,-6.267130000000000097e-03
-1.668559999999999922e-03,6.289480000000000071e-03
1.205219999999999902e-03,2.541310000000000183e-03
-2.084480000000000100e-03,2.733450000000000116e-03
-3.262789999999999788e-03,-1.995559999999999955e-03
-6.850789999999999831e-03,-1.755629999999999994e-03
-4.966600000000000051e-04,-3.061439999999999908e-03
-1.002360000000000056e-02,1.507950000000000089e-03
1.667309999999999973e-03,5.024459999999999690e-03
-1.832600000000000038e-04,4.974110000000000120e-04
4.659720000000000008e-03,-2.235000000000000116e-04
-2.318060000000000097e-04,3.011549999999999991e-03
3.073699999999999957e-03,2.549430000000000099e-03
-8.699319999999999969e-03,-5.081089999999999912e-03
5.096859999999999932e-03,-7.968619999999999176e-03
2.708120000000000058e-03,1.204299999999999945e-03
-9.437719999999999486e-05,-3.720600000000000122e-04
6.752830000000000464e-04,3.167389999999999962e-03
9.547359999999999744e-04,-3.635760000000000033e-03
1.650090000000000107e-03,1.263290000000000029e-03
4.493440000000000129e-04,-2.035969999999999794e-03
4.810549999999999809e-04,2.480700000000000179e-03
-1.241029999999999954e-03,-5.689290000000000276e-04
5.658359999999999642e-06,-3.423850000000000092e-04
5.115480000000000374e-03,3.739389999999999988e-04
1.145919999999999925e-03,4.252719999999999764e-03
3.348920000000000022e-03,1.856009999999999951e-03
2.172040000000000082e-03,4.572800000000000128e-03
4.290839999999999867e-04,1.819319999999999922e-03
9.156830000000000351e-04,-1.916549999999999938e-04
2.273149999999999823e-03,1.047900000000000047e-03
-9.505829999999999835e-03,1.987220000000000045e-03
-4.524629999999999971e-03,-3.149170000000000181e-03
1.462759999999999928e-02,1.491669999999999975e-02
9.974400000000000453e-04,4.585800000000000119e-03
6.635330000000000047e-04,5.066619999999999978e-03
-2.109349999999999854e-03,5.772830000000000496e-04
1.544030000000000055e-03,-7.828559999999999599e-04
7.127109999999999869e-03,-2.254159999999999844e-03
7.884459999999999386e-03,7.090479999999999700e-03
-1.122150000000000057e-02,-1.035789999999999975e-02
-2.705330000000000148e-03,-3.055290000000000002e-03
-1.096150000000000000e-04,-3.401110000000000157e-03
3.863489999999999806e-03,2.493309999999999884e-03
-1.695300000000000062e-03,-2.070339999999999941e-03
-8.552370000000000111e-04,1.474089999999999949e-03
-1.607279999999999993e-03,3.173500000000000106e-03
-1.248930000000000005e-02,-8.900409999999999225e-03
4.174050000000000329e-03,1.559679999999999921e-03
4.732000000000000095e-03,3.113830000000000157e-03
-2.895459999999999874e-03,-3.573690000000000026e-03
1.391990000000000068e-03,6.323299999999999581e-04
3.296809999999999845e-03,1.365770000000000092e-03
8.353310000000000292e-04,-2.576820000000000174e-04
-5.565659999999999835e-04,9.482299999999999930e-04
6.004459999999999767e-05,2.211959999999999794e-03
2.021080000000000185e-03,2.167439999999999970e-04
-1.337159999999999998e-03,-6.675640000000000480e-04
1.203899999999999935e-03,-3.318160000000000120e-03
1.024230000000000106e-03,1.374900000000000135e-04
6.352670000000000365e-03,-7.482230000000000087e-04
6.294599999999999805e-04,3.346340000000000165e-03
1.760529999999999951e-03,7.602400000000000260e-05
-1.354750000000000051e-02,1.544069999999999991e-02
4.645149999999999800e-04,9.786510000000000868e-04
3.069470000000000141e-04,9.587219999999999596e-04
-6.110210000000000034e-04,-2.651829999999999986e-03
6.057270000000000015e-03,2.466910000000000110e-03
1.990190000000000188e-03,2.772440000000000147e-03
3.005250000000000000e-04,-1.587349999999999972e-05
-4.078499999999999660e-03,-2.990989999999999795e-03
9.267469999999999875e-03,-7.425110000000000390e-03
-2.263810000000000214e-03,-6.881189999999999486e-04
1.362069999999999947e-03,-1.379870000000000055e-03
-5.770900000000000465e-04,-1.462200000000000088e-03
1.489679999999999954e-03,3.033269999999999803e-03
-2.350029999999999914e-03,-1.354979999999999987e-03
-4.938969999999999992e-03,1.958859999999999876e-04
4.041040000000000083e-03,3.321819999999999851e-04
-5.265800000000000168e-03,7.176970000000000398e-03
-6.423169999999999748e-03,-3.395249999999999831e-03
5.074979999999999769e-03,-2.669009999999999872e-03
1.688530000000000044e-04,-3.733419999999999881e-03
-4.380620000000000000e-03,1.183770000000000005e-03
7.904610000000000065e-04,-5.107220000000000206e-04
-2.379070000000000110e-04,2.518939999999999894e-03
3.279219999999999791e-03,-1.360730000000000099e-03
3.432409999999999888e-04,1.430599999999999971e-03
2.294580000000000057e-03,4.043190000000000325e-03
4.524819999999999710e-03,-3.417630000000000060e-03
-2.979059999999999955e-03,1.036290000000000041e-03
-5.010579999999999722e-03,1.947069999999999964e-03
-4.192440000000000402e-03,-7.035849999999999526e-04
-4.677230000000000103e-03,-3.947400000000000214e-03
-1.201220000000000022e-03,4.019649999999999612e-03
-8.393259999999999610e-03,-8.460900000000000365e-03
5.913119999999999791e-04,-2.024939999999999813e-03
2.712500000000000067e-04,3.572640000000000191e-03
-1.610369999999999857e-02,-1.533410000000000079e-04
-3.419699999999999910e-03,-9.948719999999999439e-03
-8.994359999999999855e-04,-3.741300000000000246e-05
2.019139999999999997e-03,2.982820000000000176e-03
2.745749999999999927e-03,6.407010000000000309e-03
3.742350000000000190e-03,2.317130000000000144e-03
-2.537320000000000027e-03,5.514019999999999685e-03
-1.352920000000000077e-03,-1.329300000000000056e-03
-2.250849999999999986e-03,-6.295549999999999584e-04
-1.119919999999999943e-03,2.483620000000000185e-03
-2.715029999999999787e-03,-3.494789999999999789e-04
-7.799869999999999980e-04,-1.272640000000000013e-03
-6.453140000000000357e-06,-8.736890000000000303e-05
7.838049999999999184e-03,9.256510000000000779e-03
5.300459999999999460e-04,4.636340000000000079e-03
-6.675509999999999951e-03,-1.589919999999999983e-04
1.184769999999999920e-03,-8.093459999999999587e-04
-3.925170000000000395e-03,-3.108010000000000026e-03
-1.449690000000000006e-03,1.635720000000000013e-03
-4.965790000000000308e-03,2.530619999999999918e-03
-1.941919999999999974e-03,-1.001240000000000029e-03
-6.308030000000000061e-03,-2.343519999999999978e-03
1.200129999999999990e-03,-1.215280000000000060e-04
5.337950000000000160e-03,3.713590000000000120e-03
4.374249999999999666e-03,2.647189999999999786e-03
-4.367099999999999628e-03,-5.341610000000000108e-03
3.918920000000000216e-03,3.435189999999999858e-03
-3.151150000000000131e-03,-2.247509999999999872e-03
-1.095169999999999911e-03,-4.750499999999999732e-04
-5.941659999999999650e-03,-4.508200000000000401e-03
-2.434629999999999965e-04,-2.107910000000000166e-03
-9.360689999999999853e-04,-2.404759999999999927e-04
-3.881439999999999890e-03,2.368530000000000201e-03
-8.514590000000000700e-03,-1.114249999999999963e-02
2.427379999999999816e-03,-1.677309999999999999e-03
-3.944409999999999865e-04,3.270190000000000076e-03
-1.537799999999999974e-03,-3.502650000000000083e-05
4.987039999999999876e-04,-8.635189999999999836e-04
-2.929769999999999944e-03,-5.745059999999999750e-03
1.006770000000000061e-02,7.505869999999999339e-05
3.654790000000000209e-03,5.182659999999999741e-04
7.841769999999999644e-03,3.716590000000000085e-03
2.263400000000000047e-04,1.266940000000000037e-03
-1.186800000000000008e-02,-4.236489999999999874e-03
3.457830000000000062e-05,-1.310530000000000072e-03
7.777820000000000393e-03,-3.603230000000000126e-04
1.352660000000000104e-03,-1.105810000000000039e-03
-3.543080000000000101e-04,4.357950000000000192e-03
-1.714030000000000067e-03,-1.126040000000000027e-03
-2.909640000000000013e-04,9.352580000000000095e-04
2.704160000000000157e-03,2.511760000000000034e-03
1.858920000000000017e-03,-6.383209999999999622e-04
-2.682459999999999792e-03,-4.717579999999999864e-03
1.539199999999999900e-03,1.129629999999999957e-03
1.561290000000000074e-02,6.142289999999999903e-03
1.397189999999999977e-03,6.992489999999999860e-04
-9.321270000000000423e-04,2.752140000000000142e-03
-1.080350000000000104e-03,1.731780000000000038e-03
1.003940000000000041e-02,1.456529999999999934e-03
1.731099999999999956e-03,2.929569999999999830e-03
5.465939999999999861e-03,2.969569999999999935e-03
-1.990760000000000099e-02,-8.454639999999999812e-04
3.043859999999999795e-03,4.270720000000000419e-03
6.185039999999999722e-04,1.670049999999999963e-03
3.446690000000000084e-03,-4.895039999999999808e-03
-7.372449999999999793e-04,1.316080000000000071e-03
3.378380000000000001e-05,-2.487459999999999932e-03
-1.328060000000000048e-03,2.525309999999999794e-03
-5.026069999999999670e-04,1.881300000000000030e-03
-1.958189999999999844e-03,5.486480000000000176e-03
-4.608469999999999928e-03,-1.971919999999999836e-03
3.669159999999999869e-03,4.725700000000000213e-03
2.925640000000000185e-03,9.627140000000000393e-04
-2.325559999999999954e-03,6.342719999999999608e-03
4.649369999999999892e-03,1.695409999999999973e-02
-6.401150000000000199e-04,-1.104200000000000060e-03
6.166610000000000320e-03,1.351020000000000085e-03
5.569099999999999571e-03,1.089890000000000043e-03
6.416310000000000372e-04,3.218990000000000132e-03
-1.752190000000000041e-03,2.804560000000000212e-03
-9.075380000000000513e-04,-1.810779999999999898e-03
-2.425099999999999912e-03,1.995470000000000056e-03
8.102800000000000280e-04,2.657039999999999836e-03
3.023469999999999890e-03,1.965140000000000203e-03
-5.022760000000000001e-05,4.449039999999999592e-03
-4.687919999999999934e-03,5.306510000000000393e-04
-7.134679999999999798e-04,1.467219999999999983e-03
4.144929999999999904e-04,-6.781860000000000015e-04
-4.125209999999999815e-03,2.670899999999999924e-03
-3.950340000000000101e-03,-5.347199999999999870e-03
5.520680000000000032e-03,6.346530000000000400e-03
-1.850809999999999988e-04,-3.571159999999999873e-03
2.412200000000000195e-03,2.648710000000000192e-04
-7.272189999999999774e-04,4.987290000000000126e-03
-3.617899999999999849e-03,-2.840440000000000065e-03
-9.201430000000000026e-03,-6.636269999999999669e-03
9.534110000000000371e-04,6.320499999999999946e-04
4.349630000000000163e-03,3.725959999999999949e-03
2.916380000000000101e-03,3.602320000000000001e-03
-2.399119999999999812e-03,4.310679999999999894e-03
-1.368440000000000064e-04,1.273540000000000089e-03
-6.138030000000000048e-03,-4.402460000000000401e-03
-6.790359999999999625e-03,-1.506200000000000074e-02
2.737170000000000141e-03,1.185990000000000048e-03
4.526210000000000129e-03,-1.202090000000000060e-03
8.265650000000000254e-04,3.463459999999999803e-03
-2.116090000000000158e-03,-1.569359999999999896e-03
-9.909929999999999087e-04,-8.403279999999999951e-04
-6.065009999999999585e-04,-8.654620000000000021e-04
-3.796970000000000206e-04,-5.845429999999999767e-04
-3.350619999999999900e-03,1.379180000000000033e-03
3.307810000000000004e-03,-6.053420000000000328e-03
-9.561559999999999981e-04,-5.081499999999999646e-04
-6.684220000000000049e-04,9.552329999999999502e-03
1.390500000000000026e-03,2.193399999999999864e-03
5.165480000000000071e-03,8.341229999999999825e-04
-1.246329999999999921e-03,-3.748449999999999959e-03
-5.093359999999999901e-04,-1.483060000000000021e-03
4.442699999999999948e-03,3.363090000000000003e-03
3.979749999999999781e-03,1.712320000000000031e-04
-3.246080000000000146e-03,4.314480000000000203e-04
-1.950169999999999931e-04,-7.734309999999999883e-04
9.761640000000000247e-03,6.393689999999999617e-03
-4.553579999999999781e-03,1.335620000000000036e-03
3.997569999999999769e-03,3.739709999999999823e-03
1.616009999999999973e-03,-7.393340000000000198e-04
-2.357810000000000114e-03,-1.738069999999999980e-03
2.370770000000000071e-04,-2.498520000000000168e-03
2.315690000000000023e-03,-8.710670000000000001e-04
1.223219999999999906e-03,4.398919999999999957e-04
1.954220000000000002e-03,1.759190000000000103e-03
6.613840000000000170e-03,3.589290000000000189e-03
2.846769999999999986e-04,2.174020000000000032e-03
-2.855149999999999876e-03,-6.686550000000000306e-03
1.496710000000000054e-03,-8.944429999999999742e-04
2.138709999999999830e-03,-1.398860000000000034e-03
4.541800000000000351e-03,2.470009999999999914e-03
1.727320000000000071e-03,3.219940000000000128e-03
6.656509999999999597e-04,2.329550000000000110e-03
2.583090000000000234e-04,-2.315649999999999827e-03
-6.804719999999999996e-04,1.215539999999999980e-03
6.999089999999999695e-04,-2.593199999999999932e-03
-1.042719999999999937e-04,2.576390000000000017e-03
-2.585130000000000153e-03,7.310170000000000383e-04
8.404840000000000661e-06,1.370859999999999961e-02
-2.266329999999999994e-03,-5.878210000000000032e-03
1.576879999999999905e-03,2.647169999999999905e-03
6.221049999999999670e-04,-7.390149999999999844e-03
-5.571869999999999601e-03,3.373520000000000078e-03
1.402699999999999997e-03,1.428440000000000005e-03
-4.286520000000000261e-03,-1.931720000000000052e-03
9.767540000000000337e-04,3.570280000000000111e-04
1.769439999999999945e-03,-2.405899999999999879e-03
6.455599999999999707e-03,1.285569999999999985e-03
1.743949999999999971e-03,-1.959470000000000049e-03
4.508700000000000034e-03,-1.998740000000000152e-03
1.905489999999999918e-03,-6.388630000000000394e-04
-7.725659999999999483e-05,3.210010000000000120e-03
3.429250000000000007e-04,1.060849999999999901e-03
-2.661939999999999792e-03,2.429399999999999962e-03
-6.138020000000000108e-03,5.467510000000000078e-03
-1.420089999999999937e-03,6.620789999999999878e-04
2.255530000000000002e-04,1.696660000000000008e-03
3.790620000000000187e-03,-3.264839999999999865e-04
7.278160000000000532e-04,3.864779999999999952e-04
1.382449999999999998e-02,-1.367979999999999977e-03
3.213639999999999813e-04,-5.887359999999999685e-04
1.141550000000000073e-03,9.421990000000000096e-04
-6.725450000000000127e-06,-2.500379999999999964e-03
-1.376330000000000045e-03,-1.096699999999999932e-03
2.677800000000000145e-03,9.491899999999999296e-03
-4.972509999999999864e-04,-9.117840000000000103e-04
4.598280000000000162e-04,-3.769239999999999982e-04
-3.309760000000000132e-03,5.031149999999999858e-03
2.610640000000000009e-03,-2.159540000000000157e-03
1.505749999999999970e-02,1.398729999999999939e-02
-3.777469999999999786e-03,-6.384879999999999896e-04
5.918170000000000375e-03,-1.048010000000000044e-03
3.154380000000000031e-03,2.689180000000000216e-03
8.244230000000000178e-04,3.837979999999999951e-03
-3.583659999999999797e-03,8.163439999999999889e-04
1.436310000000000104e-03,7.401620000000000248e-03
-9.585060000000000010e-05,-2.765000000000000097e-03
3.534359999999999846e-03,-2.079459999999999989e-02
-2.734560000000000029e-03,-4.325749999999999734e-03
5.559369999999999460e-04,2.945899999999999994e-03
2.149789999999999947e-03,-7.636270000000000124e-04
6.129969999999999994e-04,7.547300000000000059e-04
-2.688380000000000197e-03,-1.504769999999999892e-03
3.075479999999999794e-03,1.180910000000000076e-03
-6.988349999999999944e-03,-7.673120000000000288e-04
-5.168909999999999651e-03,-1.143899999999999995e-03
-7.183320000000000200e-04,-1.265019999999999892e-04
-1.004600000000000024e-03,-4.746619999999999897e-04
4.147560000000000114e-04,3.133850000000000090e-03
3.567990000000000050e-03,7.833729999999999687e-04
2.436279999999999924e-04,1.971420000000000041e-04
1.116809999999999982e-03,1.964800000000000053e-03
1.855419999999999986e-03,3.334639999999999826e-03
-1.171839999999999948e-03,-3.418689999999999837e-03
5.399479999999999905e-03,5.373280000000000244e-03
-3.008040000000000019e-04,1.628210000000000052e-04
-5.223239999999999817e-05,-2.106389999999999998e-02
8.559239999999999860e-04,-4.372690000000000040e-04
1.557580000000000086e-04,4.629170000000000268e-04
1.016120000000000044e-02,7.000369999999999683e-03
-7.016960000000000038e-03,7.049170000000000002e-04
-2.708110000000000118e-03,1.119530000000000037e-04
3.283200000000000007e-03,2.969369999999999822e-03
-4.360999999999999751e-05,2.584390000000000211e-03
-9.279800000000000158e-04,-2.690979999999999935e-03
-3.775129999999999805e-03,2.957300000000000163e-04
5.828009999999999788e-03,-1.301550000000000059e-03
-2.773830000000000132e-03,-1.667359999999999893e-03
-3.139530000000000185e-03,3.011890000000000140e-03
-1.917429999999999916e-03,-4.297340000000000187e-03
1.471780000000000007e-03,-7.709810000000000101e-04
-1.530560000000000037e-03,-1.016390000000000045e-03
1.942819999999999942e-04,1.971810000000000056e-03
-1.948829999999999974e-04,-3.091209999999999835e-04
2.210440000000000148e-03,-2.378059999999999983e-03
-9.337340000000000288e-05,7.863980000000000557e-05
-3.602689999999999755e-04,-4.322249999999999703e-03
-3.949529999999999708e-03,-4.798239999999999623e-03
1.352339999999999966e-02,2.917519999999999836e-03
-8.874450000000000741e-03,-8.612409999999999163e-03
8.421630000000000478e-04,-1.711650000000000053e-04
-1.728680000000000017e-03,-1.673639999999999893e-03
4.629489999999999886e-04,1.612209999999999989e-03
7.516410000000000279e-03,1.001130000000000075e-02
4.375920000000000157e-03,-4.562369999999999620e-03
-4.554280000000000177e-04,1.243080000000000053e-02
5.531190000000000282e-04,2.511619999999999998e-03
-4.504679999999999839e-04,2.281220000000000036e-03
2.346239999999999871e-03,-7.263560000000000502e-04
-6.702480000000000243e-04,1.167459999999999939e-03
5.107969999999999872e-03,4.285830000000000022e-03
8.964060000000000027e-06,3.729310000000000003e-03
-4.785379999999999777e-04,-4.954240000000000380e-03
2.513270000000000174e-03,-8.131219999999999984e-04
5.018700000000000071e-03,4.108289999999999685e-03
-2.476830000000000177e-03,-5.446839999999999668e-03
-6.673360000000000359e-04,-1.616370000000000003e-03
3.860960000000000086e-03,8.425510000000000638e-03
-2.757739999999999844e-03,-3.300609999999999829e-03
1.894760000000000107e-03,-3.093309999999999831e-04
-2.766769999999999993e-03,-8.588870000000000185e-03
1.462460000000000062e-03,-1.230760000000000014e-02
-8.153830000000000366e-04,-3.973090000000000302e-03
-1.767920000000000082e-03,1.662480000000000034e-03
2.358240000000000162e-03,7.358179999999999539e-04
-7.757439999999999778e-04,-5.914950000000000416e-04
1.254020000000000004e-03,3.544589999999999807e-03
-3.438230000000000019e-03,-4.335330000000000086e-03
1.361449999999999943e-03,9.863310000000000133e-04
-1.594029999999999970e-03,1.547839999999999980e-03
-6.197899999999999460e-04,2.735929999999999807e-04
1.847289999999999913e-03,-3.747250000000000147e-03
1.908940000000000029e-03,-3.678339999999999995e-03
-1.813780000000000080e-03,2.421299999999999874e-04
3.370479999999999917e-03,4.837850000000000310e-03
2.871229999999999789e-03,1.440620000000000095e-03
1.045339999999999984e-02,2.308549999999999925e-03
1.355080000000000043e-03,2.803700000000000116e-03
-2.758969999999999912e-04,7.977999999999999849e-04
-1.417499999999999923e-03,2.765329999999999872e-03
2.103849999999999991e-03,7.173219999999999466e-04
-4.787210000000000076e-03,-1.340339999999999934e-02
6.976620000000000434e-04,4.032169999999999851e-04
1.211559999999999981e-03,2.862019999999999950e-04
1.179029999999999965e-03,-8.502060000000000520e-04
7.222059999999999765e-04,1.272240000000000003e-04
1.908009999999999914e-03,-4.401549999999999734e-03
2.619779999999999939e-03,-4.667789999999999787e-03
-4.878089999999999857e-03,-2.478520000000000115e-03
2.123310000000000215e-03,3.917590000000000308e-03
1.264710000000000053e-03,5.562629999999999832e-04
-6.503110000000000314e-03,-3.804169999999999947e-03
1.717699999999999956e-03,-8.992110000000000207e-04
9.237839999999999767e-04,-2.605199999999999790e-04
-3.537499999999999846e-03,3.778169999999999966e-03
8.106619999999999712e-04,9.915329999999999543e-04
-1.450099999999999957e-03,-1.948780000000000000e-03
-3.168199999999999922e-03,-1.211880000000000075e-02
-3.056580000000000148e-03,-6.433329999999999474e-04
2.364370000000000133e-04,-3.844119999999999916e-03
1.275129999999999970e-03,-5.483379999999999938e-04
5.253200000000000404e-03,2.900189999999999973e-03
5.576580000000000252e-03,5.550379999999999940e-04
-1.295479999999999896e-03,-2.985049999999999943e-03
-1.324990000000000065e-03,-1.724400000000000065e-03
-2.987450000000000001e-03,-1.278529999999999944e-03
-1.350759999999999895e-03,2.161069999999999961e-04
1.689249999999999996e-03,1.918420000000000108e-03
-5.009800000000000017e-03,-5.005759999999999724e-04
-8.139769999999999298e-03,4.285480000000000040e-04
-3.128930000000000144e-04,1.748060000000000065e-03
-3.704390000000000113e-03,-1.812070000000000044e-03
-5.324839999999999955e-03,-4.848220000000000307e-03
-7.174790000000000334e-03,-3.746039999999999960e-03
-1.847600000000000024e-03,2.055590000000000084e-05
5.948639999999999614e-04,-7.850799999999999576e-04
9.595249999999999613e-03,5.094279999999999642e-03
4.518939999999999936e-03,3.870020000000000057e-03
4.846819999999999948e-03,6.523710000000000273e-03
3.622690000000000025e-03,2.086890000000000099e-03
2.771870000000000063e-03,-1.286250000000000067e-03
8.780090000000000160e-04,-1.951569999999999911e-03
-7.674089999999999731e-03,-9.487229999999999275e-03
-6.582840000000000392e-03,-1.409600000000000002e-03
1.697469999999999968e-03,4.018410000000000037e-04
-8.424619999999999852e-04,1.825379999999999928e-03
-5.041170000000000199e-03,1.346470000000000002e-03
5.874079999999999840e-04,4.517700000000000361e-03
-1.349040000000000081e-04,-1.382259999999999956e-03
1.545499999999999999e-03,9.089919999999999597e-04
1.632619999999999991e-03,1.875560000000000074e-03
1.904429999999999925e-03,8.454009999999999650e-04
-3.087480000000000194e-04,8.289430000000000409e-03
2.579000000000000129e-03,-1.152510000000000036e-03
-5.842090000000000304e-03,-7.353939999999999783e-03
-3.820379999999999956e-03,-8.825009999999999452e-03
-1.084289999999999907e-03,-1.005349999999999988e-04
-1.096549999999999955e-03,9.379759999999999790e-04
-1.034090000000000096e-03,-1.453440000000000070e-03
-1.420150000000000015e-03,1.207249999999999990e-03
2.064959999999999799e-03,-1.265419999999999956e-03
-2.538620000000000113e-03,1.306920000000000043e-03
5.133849999999999698e-03,1.814810000000000034e-03
6.217369999999999841e-03,5.135259999999999998e-03
1.482510000000000034e-03,-2.852800000000000062e-04
-5.461809999999999669e-04,1.661170000000000008e-03
2.040820000000000047e-03,1.903519999999999908e-03
2.798140000000000176e-03,-2.923129999999999912e-03
-2.040109999999999927e-03,2.184049999999999880e-03
-1.490259999999999979e-03,1.857790000000000006e-03
1.283749999999999995e-02,-2.245329999999999809e-03
-1.238749999999999888e-04,-2.254770000000000125e-03
6.753360000000000135e-04,-5.451730000000000118e-03
-2.382430000000000051e-03,-3.354470000000000021e-03
4.127470000000000271e-03,1.651520000000000071e-04
-1.363000000000000062e-03,9.791929999999999471e-04
2.738020000000000189e-04,2.517730000000000141e-03
5.742469999999999519e-04,2.401170000000000051e-04
1.905130000000000018e-02,1.411079999999999973e-02
3.108730000000000087e-03,6.472970000000000199e-04
-3.784780000000000175e-04,6.154530000000000070e-03
-7.883410000000000200e-04,4.296419999999999905e-04
-2.588860000000000119e-03,5.512149999999999732e-04
-6.200259999999999973e-03,-5.261420000000000159e-03
-3.393070000000000200e-03,-5.872439999999999605e-03
-1.699919999999999947e-03,6.017129999999999874e-03
-1.478560000000000020e-04,1.226670000000000017e-03
-1.691929999999999910e-04,7.334940000000000080e-04
1.938140000000000088e-03,1.570519999999999946e-03
-3.110599999999999823e-03,-6.378760000000000029e-04
4.993750000000000359e-04,6.644259999999999923e-03
6.091160000000000411e-04,-3.310570000000000093e-03
4.158219999999999907e-04,6.379599999999999702e-05
4.471179999999999838e-04,8.073680000000000396e-04
-8.147959999999999231e-03,1.184939999999999995e-03
-7.580260000000000123e-03,-6.686939999999999724e-03
1.199120000000000047e-02,-8.449979999999999297e-03
1.718080000000000085e-03,-3.974669999999999809e-04
7.010109999999999952e-03,3.775360000000000174e-03
-1.064279999999999914e-03,-1.377930000000000084e-03
5.839449999999999936e-04,1.372359999999999986e-03
-4.448790000000000210e-04,2.565360000000000036e-03
2.742560000000000047e-05,-1.791070000000000075e-03
-5.552880000000000272e-04,3.734930000000000021e-03
-1.728479999999999904e-03,-3.305540000000000041e-03
4.215690000000000236e-03,3.764609999999999831e-03
4.298019999999999619e-03,-3.696689999999999872e-03
-7.919700000000000004e-03,-3.359159999999999924e-03
5.898760000000000288e-04,1.668580000000000020e-03
2.396119999999999956e-04,-3.110030000000000173e-03
-2.115600000000000033e-03,-8.655600000000000273e-04
-7.835919999999999691e-03,-6.886579999999999785e-03
1.583060000000000066e-03,-4.629069999999999778e-04
1.066749999999999990e-03,4.789060000000000365e-03
-8.282619999999999219e-03,-1.414039999999999915e-02
3.244470000000000166e-03,2.514399999999999968e-03
1.931140000000000027e-03,1.910620000000000027e-03
-9.857659999999998993e-04,-5.817780000000000260e-04
2.994240000000000118e-04,-1.660709999999999921e-03
1.455610000000000064e-02,-4.862489999999999694e-03
-3.302690000000000053e-04,-6.485430000000000144e-04
-2.976529999999999801e-03,-4.018960000000000241e-03
-1.841900000000000134e-02,-6.553749999999999680e-03
-8.955690000000000525e-03,-4.109859999999999902e-03
-1.565479999999999953e-03,4.280769999999999714e-03
5.969369999999999668e-04,-1.857149999999999998e-05
-1.421729999999999956e-03,2.427069999999999922e-03
-1.274780000000000097e-03,-2.208369999999999864e-03
5.190639999999999837e-03,-1.018140000000000017e-02
1.572719999999999945e-04,-1.882290000000000005e-03
-5.822759999999999742e-03,4.098579999999999780e-04
8.322049999999999240e-03,9.380760000000000140e-03
2.734209999999999831e-04,-5.023170000000000412e-03
1.949089999999999894e-03,-5.396210000000000026e-04
-6.718939999999999635e-03,-5.712629999999999791e-03
9.589950000000000297e-04,1.754509999999999924e-03
-9.298789999999999487e-03,-8.067150000000000362e-03
-1.815119999999999928e-03,-1.106379999999999907e-03
-2.639410000000000128e-04,5.772690000000000460e-04
-1.307699999999999965e-03,-5.333140000000000103e-03
-2.432440000000000123e-03,8.011039999999999654e-04
-3.810319999999999853e-03,4.997670000000000281e-04
-1.635879999999999930e-04,-2.012770000000000097e-03
-4.628359999999999983e-04,1.455230000000000065e-03
-3.554680000000000166e-03,2.669219999999999926e-03
2.811039999999999893e-03,-4.042030000000000275e-03
6.990949999999999465e-04,-1.160520000000000063e-04
-1.199949999999999975e-03,2.082200000000000088e-04
1.326050000000000059e-03,2.782209999999999805e-03
-4.144089999999999580e-03,-3.299170000000000141e-03
-2.415510000000000053e-03,-5.091100000000000313e-03
-1.649520000000000023e-03,-1.353330000000000028e-03
-7.988169999999999299e-03,-1.123129999999999962e-02
-5.392179999999999890e-03,-1.897940000000000044e-02
-2.804629999999999946e-05,1.296540000000000106e-03
4.192959999999999916e-03,1.155910000000000010e-03
1.794379999999999933e-03,2.505289999999999861e-04
3.717540000000000081e-03,9.793070000000000074e-04
2.939359999999999803e-03,6.929089999999999729e-03
-4.901789999999999620e-03,2.374970000000000065e-04
-8.905379999999999633e-04,2.492410000000000079e-05
3.026599999999999950e-03,3.198550000000000091e-03
-1.438679999999999907e-03,-1.830180000000000045e-03
1.462489999999999971e-02,1.471929999999999940e-02
-2.384690000000000033e-05,4.726069999999999750e-03
2.863839999999999875e-03,7.374970000000000440e-04
-7.481089999999999485e-04,-9.558399999999999883e-03
4.860480000000000356e-03,-6.023289999999999721e-03
1.677829999999999946e-03,-1.964130000000000129e-03
5.617650000000000074e-03,2.564799999999999892e-03
-2.020829999999999935e-03,-1.995980000000000063e-03
-8.277460000000000373e-03,-5.669070000000000012e-03
2.822289999999999977e-04,2.654339999999999933e-04
-4.098309999999999974e-03,-3.841810000000000190e-03
1.810629999999999922e-03,-3.595849999999999828e-03
-6.703550000000000556e-05,-8.762429999999999655e-04
-1.098809999999999978e-03,1.136360000000000104e-03
-4.675009999999999951e-04,-2.408149999999999907e-04
-1.182740000000000007e-02,-2.990500000000000103e-03
-3.561149999999999906e-03,-9.637340000000000533e-04
2.177950000000000112e-03,1.153500000000000011e-03
2.933519999999999791e-03,1.893300000000000104e-03
1.106000000000000039e-02,-5.175049999999999616e-03
-3.770110000000000128e-04,1.270539999999999907e-03
1.728200000000000049e-03,3.360240000000000015e-03
5.806290000000000409e-04,-3.805240000000000098e-03
3.602689999999999972e-03,6.813859999999999709e-03
-1.340299999999999998e-03,3.857569999999999836e-03
1.388670000000000052e-03,-9.049280000000000474e-04
4.345110000000000118e-03,-1.096130000000000021e-02
-5.735930000000000195e-03,-1.489890000000000008e-03
9.032219999999999659e-04,6.617160000000000186e-04
1.919790000000000038e-02,5.227080000000000268e-03
-2.878710000000000036e-03,-5.215280000000000089e-03
-2.265810000000000046e-03,2.492039999999999945e-05
1.197600000000000053e-04,-3.650839999999999815e-03
4.232610000000000257e-04,5.180140000000000178e-04
2.188450000000000204e-03,1.115880000000000084e-03
1.154059999999999938e-03,-5.005909999999999917e-04
-1.788199999999999989e-03,-1.244340000000000029e-02
-5.315849999999999569e-03,-2.517600000000000046e-03
6.783520000000000348e-03,5.685619999999999737e-03
2.779349999999999876e-03,9.076410000000000467e-04
-1.495749999999999901e-04,-1.795869999999999975e-03
8.163029999999999939e-03,3.931010000000000407e-03
3.393649999999999792e-03,-1.963180000000000133e-03
5.882499999999999708e-03,-3.067559999999999883e-04
-1.238329999999999943e-03,5.081369999999999984e-03
7.561589999999999978e-03,4.209970000000000379e-03
-4.056040000000000014e-04,-6.488169999999999918e-04
-3.919279999999999813e-03,-5.614919999999999807e-03
-4.904389999999999791e-03,-8.104840000000000145e-05
-2.269160000000000101e-03,1.414380000000000021e-03
-1.337430000000000042e-02,-8.082970000000000085e-03
-8.349989999999999843e-03,-4.998070000000000290e-03
1.481029999999999933e-03,8.402900000000000473e-05
-4.535710000000000089e-03,-5.859319999999999459e-04
1.508479999999999977e-03,4.945630000000000338e-03
5.859650000000000102e-03,-5.288209999999999569e-04
-2.681059999999999867e-03,-3.787260000000000192e-03
-7.600039999999999747e-03,-3.491909999999999979e-03
1.039060000000000070e-03,1.236080000000000078e-03
-4.895250000000000268e-05,4.548970000000000270e-03
-1.980529999999999877e-03,6.193060000000000231e-04
