3.222920775471822818e-03,-4.407714867134223009e-03
3.222920775468037218e-03,-4.407714867123909211e-03
3.222920775471325387e-03,-4.407714867137427911e-03
3.222920775472547499e-03,-4.407714867131371991e-03
3.222920775462754552e-03,-4.407714867133575090e-03
-5.216701334737925549e-02,-2.278566589843292467e-01
3.222920775467882828e-03,-4.407714867135643748e-03
3.222920775470122789e-03,-4.407714867140699599e-03
3.222920775475953195e-03,-4.407714867133824023e-03
-2.233353555797304990e-01,-2.595103219949295159e-01
3.222920775474993893e-03,-4.407714867122037444e-03
3.222920775467512031e-03,-4.407714867133327025e-03
3.222920775474253166e-03,-4.407714867131687711e-03
3.222920775467616981e-03,-4.407714867128148875e-03
-1.291401096296176665e-01,-5.983737560357846319e-02
3.222920775490172723e-03,-4.407714867138506042e-03
1.055039725671972489e-01,1.524950578670294654e-01
3.222920775477731287e-03,-4.407714867133514375e-03
3.222920775475777988e-03,-4.407714867134461534e-03
3.222920775467942242e-03,-4.407714867122684496e-03
-4.884310630577717860e-01,4.861602578418127568e-02
7.719709654653249542e-01,-1.557654113489434222e-01
3.222920775468774909e-03,-4.407714867128462860e-03
3.222920775473037125e-03,-4.407714867132428438e-03
3.222920775471571284e-03,-4.407714867122186631e-03
3.222920775471262503e-03,-4.407714867131980879e-03
3.222920775532078438e-03,-4.407714867068864700e-03
3.222920775475859520e-03,-4.407714867133996628e-03
3.222920775348652248e-03,-4.407714867070717385e-03
3.222920775468939708e-03,-4.407714867131855979e-03
3.222920775475274918e-03,-4.407714867133486619e-03
3.222920775468825216e-03,-4.407714867128511432e-03
3.222920775471274646e-03,-4.407714867131928838e-03
3.222920775468284850e-03,-4.407714867132132668e-03
1.552481525906429793e-01,7.775000472803499096e-02
-2.443464227915646131e-02,2.850058485013982207e-02
3.222920775474091837e-03,-4.407714867134458064e-03
3.222920775470805837e-03,-4.407714867128443778e-03
3.222920775469194279e-03,-4.407714867131968736e-03
3.222920775474254033e-03,-4.407714867133487487e-03
7.391732898323309653e-03,-8.571194415041499814e-02
3.222920775472676736e-03,-4.407714867132569818e-03
3.222920775478311118e-03,-4.407714867134428574e-03
3.222920775471062576e-03,-4.407714867137487759e-03
-6.974359935673398424e-03,3.661735968225232618e-02
3.222920775471118521e-03,-4.407714867133469272e-03
3.222920775468452251e-03,-4.407714867131090966e-03
3.222920775469097134e-03,-4.407714867131675568e-03
3.222920775260700033e-03,-4.407714867251660319e-03
1.310085135447184856e-01,3.991654112613033933e-01
4.499742959322042962e-02,6.742955082626581054e-02
3.222920775471392607e-03,-4.407714867131963532e-03
2.596626357085258727e-02,4.150048214248261980e-01
-5.048258329647891535e-02,-3.307418039485434669e-01
3.222920775474574090e-03,-4.407714867135134607e-03
3.222920775470265037e-03,-4.407714867133245493e-03
3.222920775472843703e-03,-4.407714867132331293e-03
-2.062544065095005957e-02,-1.070121181047141018e-01
3.222920775470812342e-03,-4.407714867129625992e-03
-4.133504387438647482e-02,2.728408168247587612e-02
-3.307888298044988490e-02,-1.331122178075923035e-01
3.222920775470661421e-03,-4.407714867130870656e-03
5.326634901313184040e-04,9.534025086623247602e-02
3.222920775475113589e-03,-4.407714867136609121e-03
3.222920774906250056e-03,-4.407714868388211242e-03
3.222920775471592534e-03,-4.407714867132144811e-03
3.222920775469676098e-03,-4.407714867132528185e-03
3.222920775468865982e-03,-4.407714867128346634e-03
-7.527439091405476422e-03,4.444059412943933592e-03
3.222920775472226575e-03,-4.407714867132730280e-03
3.222920775469317010e-03,-4.407714867131404084e-03
3.222920775468802665e-03,-4.407714867132558542e-03
-9.288226776499014514e-03,-3.411274736602245422e-02
-8.030746529015456159e-02,2.087228080424012588e-01
9.201965268610649840e-02,-1.946187014452000485e-01
4.591259942555850349e-02,-9.521537056758639511e-04
3.222920775469382496e-03,-4.407714867129383998e-03
3.222920775472786891e-03,-4.407714867128870520e-03
1.431948214265325869e-02,-1.344081353778022736e-01
3.222920775470023043e-03,-4.407714867135631605e-03
6.382852723635168771e-03,9.822490785951350223e-02
3.222920775473855914e-03,-4.407714867134301939e-03
3.222920775471219568e-03,-4.407714867132920232e-03
3.222920775469963629e-03,-4.407714867131967001e-03
3.222920775463495278e-03,-4.407714867124244013e-03
3.222920775468681234e-03,-4.407714867129558338e-03
3.222920775380640548e-03,-4.407714867069032968e-03
3.222920775495576387e-03,-4.407714867258034561e-03
3.222920775469331756e-03,-4.407714867131259234e-03
3.222920775434146793e-03,-4.407714867154566112e-03
3.222920775472523647e-03,-4.407714867134666231e-03
-1.881808325325430575e-02,-4.840832178601307129e-02
3.222920775469598036e-03,-4.407714867132015574e-03
7.504920557799758633e-04,-1.261472631122028364e-03
3.249081315775691897e-02,-4.269650896063710566e-02
3.222920775473237485e-03,-4.407714867132101443e-03
3.222920775468660418e-03,-4.407714867131904551e-03
5.057126042246445213e-02,-4.476945093744921084e-02
1.721289857530687584e-02,2.385901740810875138e-02
3.222920773508873484e-03,-4.407714867160220443e-03
3.222920775471163624e-03,-4.407714867132452724e-03
3.222920775470563843e-03,-4.407714867132137004e-03
3.222920775471182706e-03,-4.407714867132020778e-03
3.222920775469971869e-03,-4.407714867129144606e-03
3.222920775472721405e-03,-4.407714867132162158e-03
3.222920775471913024e-03,-4.407714867128438574e-03
3.222920775429351150e-03,-4.407714867151294423e-03
2.004790847101393589e-03,3.774893608834569217e-03
3.222920775475921970e-03,-4.407714867134407757e-03
3.222920775473848976e-03,-4.407714867134715671e-03
3.222920775470398611e-03,-4.407714867132280119e-03
2.106589497702975392e-02,1.583107229560140258e-03
3.222920775467278277e-03,-4.407714867128737814e-03
3.222920775368671390e-03,-4.407714866973958846e-03
3.222920775471157552e-03,-4.407714867132183842e-03
7.011288617957319065e-03,2.340528622611215415e-02
-9.358107633145052937e-03,1.484895887650324042e-02
3.222920775471989352e-03,-4.407714867133835299e-03
-3.771687198180341625e-04,-3.333559686801673000e-02
3.222920775467936171e-03,-4.407714867130926167e-03
3.222920775470724739e-03,-4.407714867131927970e-03
3.222920775471271176e-03,-4.407714867132024247e-03
3.222920775471965933e-03,-4.407714867132132668e-03
3.222920775473641676e-03,-4.407714867132208995e-03
3.222920775471239951e-03,-4.407714867132037258e-03
4.719191666162032839e-03,3.834655972838228039e-02
3.222920775477169236e-03,-4.407714867133866524e-03
6.909724301421558620e-03,5.100633080665337854e-02
3.222920775469901612e-03,-4.407714867131764039e-03
3.222920775471314545e-03,-4.407714867132166495e-03
3.222920775466795156e-03,-4.407714867127572947e-03
3.222920775471126761e-03,-4.407714867133236819e-03
3.222920775479629941e-03,-4.407714867134611587e-03
3.222920775469372522e-03,-4.407714867131496024e-03
3.222920775471344035e-03,-4.407714867132029452e-03
3.222920775474438781e-03,-4.407714867134766845e-03
3.222920775471272044e-03,-4.407714867128774243e-03
1.057187380501128753e-02,-1.733220502263999735e-02
3.222920775471161021e-03,-4.407714867132104045e-03
-2.020336993360558053e-02,-2.454077313472791816e-02
4.414918430855787994e-03,9.842617942837729450e-03
3.222920775470060339e-03,-4.407714867130493354e-03
3.222920775471112883e-03,-4.407714867131880265e-03
3.222920775492838126e-03,-4.407714867131234948e-03
3.222920775473482949e-03,-4.407714867133656622e-03
3.222920775472110783e-03,-4.407714867132838700e-03
3.222920775468936672e-03,-4.407714867129632064e-03
3.222920775472264739e-03,-4.407714867130782185e-03
3.222920775471227375e-03,-4.407714867131289592e-03
3.222920775211968614e-03,-4.407714867537441267e-03
-6.461449388275772830e-03,-3.763223775521509079e-02
3.222920775471250360e-03,-4.407714867132306140e-03
3.222920775468077551e-03,-4.407714867133132736e-03
3.222920775475673905e-03,-4.407714867134282857e-03
3.222920775540595931e-03,-4.407714867045504914e-03
3.222920775470570348e-03,-4.407714867132019043e-03
3.222920775472015373e-03,-4.407714867131736283e-03
3.222920775469557270e-03,-4.407714867129550532e-03
-1.293382560951546537e-02,1.004433833622502296e-03
3.222920775455774024e-03,-4.407714867123073942e-03
3.222920775469360379e-03,-4.407714867131399747e-03
3.222920775476124065e-03,-4.407714867138124402e-03
3.222920775473845506e-03,-4.407714867134739090e-03
3.222920775470844434e-03,-4.407714867132404152e-03
3.222920775470610247e-03,-4.407714867132147413e-03
3.222920775470390804e-03,-4.407714867131999094e-03
3.222920775468262732e-03,-4.407714867129063074e-03
3.222920775471980678e-03,-4.407714867132018176e-03
3.222920775470942446e-03,-4.407714867132029452e-03
3.222920775471340565e-03,-4.407714867131996492e-03
3.222920775470716499e-03,-4.407714867131734549e-03
7.353407971978951491e-03,3.886705829077899410e-02
5.484120105553904473e-03,2.374362275547545892e-02
3.222920775469785819e-03,-4.407714867131653017e-03
3.222920775471352708e-03,-4.407714867132071085e-03
3.222920775470967600e-03,-4.407714867131927103e-03
-8.659701202775156592e-03,-6.373037462098563206e-03
3.222920775481806152e-03,-4.407714867135388744e-03
4.090752896663512120e-03,-6.936754556383219715e-03
6.080795377680623705e-03,-2.649874680957052184e-02
3.222920775470972804e-03,-4.407714867130289524e-03
3.222920775471468501e-03,-4.407714867132204659e-03
5.057938242137125992e-03,-4.885793820694375039e-02
-6.074945329064969715e-03,3.052838026081064124e-02
2.337524471594546079e-03,-5.852421265498689885e-03
3.222920775471062576e-03,-4.407714867132431907e-03
3.222920775471406485e-03,-4.407714867131883735e-03
3.222920775472369256e-03,-4.407714867126728137e-03
-1.998251371252690589e-02,-2.493116041216608333e-02
3.222920775474466537e-03,-4.407714867134867459e-03
3.222920775470989718e-03,-4.407714867132620125e-03
3.222920775472187110e-03,-4.407714867132181240e-03
1.446029886089617543e-02,-5.295507945567005242e-02
3.222920775468509497e-03,-4.407714867129545327e-03
5.386803660635307647e-03,5.880253226617114526e-02
-1.354731171057869075e-02,2.422979443602601632e-02
3.222920775471536589e-03,-4.407714867133715603e-03
3.222920775470474071e-03,-4.407714867131964399e-03
3.222920775473831628e-03,-4.407714867134641945e-03
2.885921524564119631e-03,-3.192217111327626949e-02
3.222920775470330089e-03,-4.407714867132195985e-03
-9.502440664392923508e-03,7.147931062258627670e-03
3.222920775467422692e-03,-4.407714867128815009e-03
3.222920775472599107e-03,-4.407714867132543797e-03
3.222920775471126327e-03,-4.407714867132185577e-03
-4.747639860406828796e-03,3.387261911483851334e-02
3.222920775471416026e-03,-4.407714867131359848e-03
3.222920775474997362e-03,-4.407714867136043602e-03
3.222920775470247690e-03,-4.407714867132575022e-03
3.222920775470331824e-03,-4.407714867131903684e-03
3.222920775470913823e-03,-4.407714867132199454e-03
3.222920775465707051e-03,-4.407714867129435173e-03
3.222920775471939045e-03,-4.407714867134019179e-03
3.222920775465518833e-03,-4.407714867130308606e-03
3.222920775471918228e-03,-4.407714867131934042e-03
3.222920775469576785e-03,-4.407714867132259302e-03
3.222920775474856850e-03,-4.407714867134052139e-03
3.222920775476368228e-03,-4.407714867131528984e-03
3.222920775469781049e-03,-4.407714867132196852e-03
3.222920775470581190e-03,-4.407714867132222873e-03
3.222920775467304731e-03,-4.407714867129153280e-03
-4.335174584740275963e-03,-1.592327726150521159e-03
3.222920775471645009e-03,-4.407714867132184709e-03
3.222920775470618920e-03,-4.407714867138114861e-03
-9.874146108855957546e-03,1.925871760279110681e-02
3.222920775472710997e-03,-4.407714867134537862e-03
3.222920775468164287e-03,-4.407714867125091425e-03
3.222920775470468433e-03,-4.407714867132086697e-03
-3.548445735186380422e-03,-5.039118617795205340e-02
3.222920775467342895e-03,-4.407714867129130729e-03
3.222920775470719534e-03,-4.407714867132209863e-03
3.222920775470605476e-03,-4.407714867132401550e-03
-7.456776925513601550e-03,-3.397459931282797996e-02
3.222920775471355311e-03,-4.407714867131430972e-03
3.222920775474952260e-03,-4.407714867134236020e-03
-9.798094924645266851e-03,-7.581657854279341691e-02
3.222920775469550331e-03,-4.407714867131804805e-03
3.222920775471291993e-03,-4.407714867132121392e-03
3.222920775469134864e-03,-4.407714867129712728e-03
3.222920775473248761e-03,-4.407714867131152549e-03
3.222920775470812776e-03,-4.407714867132235884e-03
3.222920775471205257e-03,-4.407714867131989553e-03
3.222920775471516206e-03,-4.407714867131717201e-03
3.222920775474001631e-03,-4.407714867134256836e-03
3.222920775469510432e-03,-4.407714867131721538e-03
3.222920775470943314e-03,-4.407714867132153484e-03
1.194361433741517433e-03,-2.176689946515362670e-02
8.646239557600200829e-05,9.628465008163351185e-03
3.222920775471525313e-03,-4.407714867132090167e-03
3.222920775473253965e-03,-4.407714867132282721e-03
3.222920775471166659e-03,-4.407714867131923633e-03
3.222920775418171291e-03,-4.407714867085505903e-03
-6.936434741143545843e-03,-2.744219395509742837e-02
3.670932754861980229e-03,1.274815181013836535e-02
3.222920775468022907e-03,-4.407714867132361651e-03
5.956096663616677368e-03,-8.318798218248745976e-03
3.222920775469710793e-03,-4.407714867129475071e-03
-3.764971528089217524e-03,4.619554325242115900e-02
3.222920775462565033e-03,-4.407714867134426839e-03
3.222920775470395141e-03,-4.407714867130779583e-03
3.108661313648383284e-03,2.562214855109033393e-02
3.222920775475573291e-03,-4.407714867134557811e-03
3.222920775469971869e-03,-4.407714867133621928e-03
3.222920775471177501e-03,-4.407714867132067615e-03
-6.058070918567151630e-03,-5.556098432053487024e-02
2.427561686692880465e-03,-1.159715901291729911e-01
-3.301436589089303420e-03,1.055929516835607401e-01
-1.787781210203871242e-03,6.698093123781320712e-03
3.222920775470983212e-03,-4.407714867131958328e-03
3.222920775475885107e-03,-4.407714867133760706e-03
3.222920775474341637e-03,-4.407714867134884806e-03
3.222920775448108281e-03,-4.407714867097116407e-03
3.222920775470883466e-03,-4.407714867135949927e-03
-1.220232803010822464e-03,-3.275062293176569939e-02
3.222920775471353142e-03,-4.407714867132032921e-03
3.222920775471031785e-03,-4.407714867132453591e-03
3.222920775468430567e-03,-4.407714867132063279e-03
3.222920775469348235e-03,-4.407714867131511637e-03
3.222920775470827521e-03,-4.407714867131588832e-03
-6.443698751529719840e-03,-4.816594075766310323e-03
3.222920775469336960e-03,-4.407714867131590566e-03
3.222920775469165656e-03,-4.407714867131790060e-03
3.222920775470996223e-03,-4.407714867132069350e-03
3.222920775468826951e-03,-4.407714867128458523e-03
8.266608067113695836e-04,-5.117013388752825881e-02
3.222920775448619591e-03,-4.407714867101512196e-03
3.222920775468311304e-03,-4.407714867131042394e-03
3.222920775472589133e-03,-4.407714867132778852e-03
3.222920775474192451e-03,-4.407714867135183179e-03
-3.491072680444849349e-03,2.326626887544541722e-02
3.222920775470633666e-03,-4.407714867132161290e-03
3.222920775471827589e-03,-4.407714867131537657e-03
-1.967159784226891334e-03,7.370433842148494188e-03
7.749481556851130215e-03,-1.217640024142515806e-02
3.222920775471109847e-03,-4.407714867135983754e-03
3.222920775467515500e-03,-4.407714867128134997e-03
5.736455320895002090e-03,5.358249328522986937e-02
3.222920775476892548e-03,-4.407714867133981015e-03
4.735336418171758217e-03,-9.653937099290075749e-03
3.222920775470435473e-03,-4.407714867131921899e-03
3.222920775471269442e-03,-4.407714867132010370e-03
1.500900328438226159e-03,-6.835733704930427312e-02
-8.723869335289824748e-04,2.324056783562854916e-02
3.222920775470632798e-03,-4.407714867129719667e-03
3.222920775471133266e-03,-4.407714867132022513e-03
3.222920775468951851e-03,-4.407714867132428438e-03
3.222920775474331229e-03,-4.407714867135210934e-03
3.222920775473037992e-03,-4.407714867131071017e-03
3.222920775470087661e-03,-4.407714867132080626e-03
3.222920775470983212e-03,-4.407714867132067615e-03
5.282898233221167486e-03,2.470795965408775080e-02
7.483728361294953411e-03,3.126274569105136347e-02
3.222920775470434172e-03,-4.407714867132365988e-03
7.486438683419091925e-03,-8.142619413095884134e-03
3.222920775471316279e-03,-4.407714867131935776e-03
3.222920775474914096e-03,-4.407714867135224812e-03
3.222920775465482838e-03,-4.407714867128907817e-03
3.222920775470643640e-03,-4.407714867132013839e-03
3.222920775466450814e-03,-4.407714867125115711e-03
3.222920775464804561e-03,-4.407714867129932171e-03
3.222920775472586964e-03,-4.407714867132527317e-03
3.222920775483301484e-03,-4.407714867136045336e-03
3.222920775471149746e-03,-4.407714867132199454e-03
-1.847602529050379819e-02,-1.994467341950259542e-02
-6.562898973223586091e-03,9.858306301458636539e-03
3.222920775194121779e-03,-4.407714866375435879e-03
-1.293572142273486519e-02,3.416144059520389437e-02
3.222920775468588427e-03,-4.407714867129522776e-03
3.222920775470695248e-03,-4.407714867131691180e-03
3.222920775465730903e-03,-4.407714867157509070e-03
3.222920775477916902e-03,-4.407714867134045200e-03
3.222920775469670027e-03,-4.407714867131798733e-03
-3.187035835414267666e-03,2.272050043307774145e-02
5.927423257331381271e-03,-4.396413599577615045e-02
3.222920775502303645e-03,-4.407714867095563829e-03
3.222920775471632433e-03,-4.407714867132051136e-03
-1.749835813309408468e-03,-7.622620743295312543e-03
3.222920775469775845e-03,-4.407714867129932171e-03
3.222920775471354009e-03,-4.407714867132400682e-03
3.222920775470493153e-03,-4.407714867132237618e-03
3.222920775469332189e-03,-4.407714867131323419e-03
3.222920775471187042e-03,-4.407714867131293929e-03
3.222920775476000033e-03,-4.407714867133923770e-03
3.222920775470121055e-03,-4.407714867128743885e-03
3.222920775469535152e-03,-4.407714867131878531e-03
3.222920775471167960e-03,-4.407714867131885469e-03
3.222920775467512898e-03,-4.407714867129198383e-03
1.750111017559482889e-03,-3.444918022162968881e-03
3.222920775468609243e-03,-4.407714867132019911e-03
3.222920775468388933e-03,-4.407714867126509561e-03
3.222920775469256295e-03,-4.407714867132679973e-03
3.222920775474605315e-03,-4.407714867134723477e-03
3.222920775471286355e-03,-4.407714867131777917e-03
3.222920775471720470e-03,-4.407714867132431907e-03
3.222920775467969998e-03,-4.407714867132131800e-03
3.222920775468853406e-03,-4.407714867128712660e-03
3.222920775472532320e-03,-4.407714867132509970e-03
3.222920775472321551e-03,-4.407714867129712728e-03
3.222920775471526614e-03,-4.407714867132052003e-03
3.222920775470069447e-03,-4.407714867132096238e-03
3.222920775474230615e-03,-4.407714867134850112e-03
3.222920775470992753e-03,-4.407714867132301803e-03
3.222920775470369988e-03,-4.407714867132109249e-03
3.222920775471796798e-03,-4.407714867132501296e-03
-2.754754162012561995e-04,-1.396958989560128164e-02
3.222920775469676098e-03,-4.407714867133309677e-03
3.222920775471659754e-03,-4.407714867132312211e-03
3.222920775467463458e-03,-4.407714867132437112e-03
3.222920775471633300e-03,-4.407714867131050200e-03
3.222920775471992821e-03,-4.407714867134180509e-03
-1.189492779921606574e-03,-1.787206441435568519e-02
3.222920775469713395e-03,-4.407714867131679905e-03
-3.563710342995086208e-03,2.450071146803487962e-02
3.222920775471151481e-03,-4.407714867132022513e-03
9.732767426978326201e-04,1.102571401852378390e-02
3.222920775470719101e-03,-4.407714867132368590e-03
3.222920775471125460e-03,-4.407714867132050268e-03
7.466160206279015901e-03,1.711284743894975896e-02
1.087346441626009519e-03,4.816358171348237432e-02
3.222920775471369188e-03,-4.407714867132045064e-03
3.222920775470303634e-03,-4.407714867132181240e-03
3.222920775467939206e-03,-4.407714867132189046e-03
3.222920775470583359e-03,-4.407714867129751760e-03
3.222920775465401740e-03,-4.407714867127488813e-03
3.222920775470541725e-03,-4.407714867131858581e-03
-2.475668861896165428e-03,1.592338300540035306e-02
5.359106904740889611e-03,-1.066933958261602391e-03
-6.972076077387464070e-04,2.625951515401149516e-02
3.222920775470876527e-03,-4.407714867132050268e-03
3.222920775473566216e-03,-4.407714867132071085e-03
3.222920775471170562e-03,-4.407714867131699854e-03
3.222920775471297197e-03,-4.407714867131665160e-03
-6.248736156316037765e-03,-3.140757282210526052e-02
-8.389102680788643185e-03,1.541486155298409447e-02
6.893447987909631300e-03,6.261391392082227281e-02
3.222920775471462863e-03,-4.407714867133472741e-03
3.222920775473311211e-03,-4.407714867134392145e-03
3.222920775470154448e-03,-4.407714867131086629e-03
3.222920775469958858e-03,-4.407714867131892408e-03
2.209899936013929103e-03,1.165096295634930265e-02
3.222920775469500891e-03,-4.407714867129496755e-03
3.222920775471455491e-03,-4.407714867133182175e-03
1.651884348205023357e-03,-1.315852905293792702e-02
3.222920775471093367e-03,-4.407714867132091034e-03
3.222920775474222808e-03,-4.407714867131949654e-03
3.222920775473857215e-03,-4.407714867134447656e-03
-2.475716959661485137e-04,2.373936935740721121e-02
3.222920775470663590e-03,-4.407714867132013839e-03
1.677252792971278654e-03,1.157365492881350794e-02
3.222920775468817844e-03,-4.407714867128440309e-03
-5.715364813168728221e-03,-3.709746502535643531e-02
1.018598290557026255e-03,-2.981812601941131319e-02
3.222920775470723004e-03,-4.407714867137515515e-03
3.222920775471330157e-03,-4.407714867131298266e-03
3.222920775472971205e-03,-4.407714867134485820e-03
2.013836543053841230e-03,-2.079812229341570715e-02
3.222920775478101650e-03,-4.407714867119508217e-03
3.222920775471415158e-03,-4.407714867131934909e-03
-2.179388168057699794e-04,6.707629330135559190e-03
3.222920775471050867e-03,-4.407714867132125729e-03
-5.053639336828534643e-04,1.103460557268405758e-02
3.222920775469405481e-03,-4.407714867131534188e-03
3.222920775470828822e-03,-4.407714867132416295e-03
1.803808348524571243e-03,-4.473319499128178972e-02
3.222920775469946715e-03,-4.407714867132025982e-03
3.222920775471091633e-03,-4.407714867131845571e-03
1.096810761112414776e-03,-3.070662684990680541e-02
3.222920775448483849e-03,-4.407714867113524289e-03
3.222920775472831994e-03,-4.407714867129344100e-03
3.222920775471496257e-03,-4.407714867132064146e-03
3.222920775471536155e-03,-4.407714867132126596e-03
3.222920775464579047e-03,-4.407714867127550395e-03
3.222920775474133470e-03,-4.407714867135072156e-03
3.222920775470124524e-03,-4.407714867133873463e-03
3.222920775470019573e-03,-4.407714867131940981e-03
3.222920775471394342e-03,-4.407714867131980012e-03
3.222920775467462591e-03,-4.407714867129274711e-03
3.222920775469790590e-03,-4.407714867132615788e-03
-4.630753171313445348e-04,3.712043781819630850e-02
3.222920775471089030e-03,-4.407714867132001696e-03
3.222920775476101514e-03,-4.407714867133916831e-03
3.222920775474466537e-03,-4.407714867134940318e-03
3.222920775470612849e-03,-4.407714867133090235e-03
1.989896841941774224e-03,-9.761397761577422436e-06
3.222920775525823459e-03,-4.407714867110277754e-03
3.222920775467634762e-03,-4.407714867127984076e-03
3.222920775472570484e-03,-4.407714867132539460e-03
3.222920775460208411e-03,-4.407714866968456303e-03
3.222920775469400277e-03,-4.407714867131406686e-03
3.222920775467394069e-03,-4.407714867120760688e-03
3.222920775473429172e-03,-4.407714867135870129e-03
3.222920775470868721e-03,-4.407714867132681708e-03
-4.984872670341844100e-04,2.274438027384426478e-02
3.222920775471219135e-03,-4.407714867132168229e-03
3.222920775468811339e-03,-4.407714867129362314e-03
3.222920775467191107e-03,-4.407714867128234744e-03
3.222920775470896476e-03,-4.407714867132208995e-03
3.222920775471054770e-03,-4.407714867131788325e-03
3.222920775473942217e-03,-4.407714867132101443e-03
3.222920775474305208e-03,-4.407714867134978481e-03
3.222920775469949317e-03,-4.407714867132485684e-03
4.506689572840623381e-04,4.371458784556437119e-03
-2.370069771743637567e-03,8.553672645659076562e-03
3.222920775473543664e-03,-4.407714867132163025e-03
1.652933817256287043e-03,-2.085632548087516455e-02
3.222920775470068146e-03,-4.407714867132707728e-03
3.222920775471270743e-03,-4.407714867131613985e-03
-3.089081086314463855e-05,-7.456023188272700719e-02
3.222920775458397794e-03,-4.407714867122537912e-03
1.424011690418031757e-03,2.001360305416972560e-02
3.222920775470692646e-03,-4.407714867132036390e-03
3.222920775471184007e-03,-4.407714867132294864e-03
3.222920775468447914e-03,-4.407714867130454323e-03
3.222920775472690614e-03,-4.407714867132107514e-03
3.222920775471378729e-03,-4.407714867131855979e-03
3.222920775470709126e-03,-4.407714867137747967e-03
3.222920775471218267e-03,-4.407714867131292194e-03
4.725276715227287377e-04,1.865999232691403428e-02
1.539756507498900957e-03,3.179098219954542420e-02
3.222920775470696983e-03,-4.407714867132801403e-03
3.101354009613552210e-04,-2.146724001470516272e-02
7.737598391539735792e-04,2.979446848108013857e-02
3.670703386221623138e-04,2.041689228933213016e-02
3.222920775474438781e-03,-4.407714867132946253e-03
3.222920775470457157e-03,-4.407714867131321684e-03
8.528499009178309304e-04,-1.771971396439786864e-02
5.576386378561290838e-04,3.316528982898798994e-02
3.222920775471164925e-03,-4.407714867132741555e-03
3.222920775471054336e-03,-4.407714867131823019e-03
3.222920775471312810e-03,-4.407714867132113586e-03
3.222920775471106378e-03,-4.407714867132128331e-03
3.222920775472992022e-03,-4.407714867132160423e-03
3.222920775469269739e-03,-4.407714867132244557e-03
3.222920775469670027e-03,-4.407714867131555872e-03
4.239807952197772512e-04,4.958766930014547880e-02
3.222920775476173505e-03,-4.407714867134268112e-03
3.222920775471973739e-03,-4.407714867132298334e-03
3.222920775469560739e-03,-4.407714867131835162e-03
3.222920775470999259e-03,-4.407714867131547198e-03
3.222920775468497787e-03,-4.407714867130587896e-03
3.222920775472572219e-03,-4.407714867132603645e-03
-2.397329444463757158e-03,-1.332240059019335239e-02
1.517299040325809697e-03,-1.843196371270864123e-02
3.222920775467559736e-03,-4.407714867132614053e-03
3.222920775474449190e-03,-4.407714867134910827e-03
3.222920775471022677e-03,-4.407714867132001696e-03
-9.810554254697909007e-04,3.732041879713038357e-02
3.222920775471132399e-03,-4.407714867132156086e-03
3.222920775471439445e-03,-4.407714867132152617e-03
3.222920775470149678e-03,-4.407714867133144011e-03
3.222920775474729781e-03,-4.407714867132657421e-03
3.222920775471145409e-03,-4.407714867131699854e-03
3.222920775470934640e-03,-4.407714867131781386e-03
3.222920775473541929e-03,-4.407714867134947256e-03
1.203005525757586602e-03,-3.213606770288745477e-03
3.222920775470636268e-03,-4.407714867131993890e-03
3.222920775468865982e-03,-4.407714867132167362e-03
3.222920775469974037e-03,-4.407714867130214931e-03
3.222920775473054038e-03,-4.407714867131958328e-03
3.222920775479265650e-03,-4.407714867134747763e-03
2.240290753128299558e-03,-1.884338934676890384e-02
3.222920775473740122e-03,-4.407714867131935776e-03
3.222920775473717137e-03,-4.407714867134426839e-03
-2.880465474877623357e-03,7.533732926093127114e-02
3.222920775469418492e-03,-4.407714867131920164e-03
8.283343667862006019e-05,-1.563554622639812958e-02
-7.689857939999847087e-04,-7.401233146967839925e-03
3.222920775470891272e-03,-4.407714867130899279e-03
-7.942803748132328781e-05,2.079822296591210193e-02
3.222920775471049132e-03,-4.407714867132095371e-03
3.222920775466519335e-03,-4.407714867133566417e-03
3.222920775474473476e-03,-4.407714867134700926e-03
3.222920775472411757e-03,-4.407714867123443438e-03
3.222920775470587695e-03,-4.407714867132027717e-03
3.222920775471757333e-03,-4.407714867131547198e-03
3.222920775468914988e-03,-4.407714867129045727e-03
3.222920775471246890e-03,-4.407714867131970471e-03
3.222920775473578359e-03,-4.407714867132291395e-03
3.222920775469364282e-03,-4.407714867131276582e-03
3.222920775467724534e-03,-4.407714867119892459e-03
3.222920775468540722e-03,-4.407714867133670500e-03
-6.568841146877338593e-04,-2.601245373503884711e-02
3.222920775470551700e-03,-4.407714867132045064e-03
3.222920775471270309e-03,-4.407714867131831693e-03
3.222920775470486214e-03,-4.407714867130157685e-03
3.222920775441367146e-03,-4.407714867110980317e-03
3.222920775471349673e-03,-4.407714867131852510e-03
3.222920775471143241e-03,-4.407714867131153416e-03
-2.682847236539489741e-03,1.647883626748938846e-02
3.222920775473312946e-03,-4.407714867134357450e-03
-3.976283349887325220e-04,-1.944094127228203003e-02
3.222920775470584660e-03,-4.407714867131750161e-03
-2.415444262232307147e-03,4.681888015110251960e-02
3.222920775466723599e-03,-4.407714867129040523e-03
3.222920775472488952e-03,-4.407714867131934909e-03
3.222920775471344035e-03,-4.407714867132109249e-03
3.222920775464052125e-03,-4.407714867127510497e-03
1.900193451736118021e-03,1.382098728178719933e-02
3.222920775474258370e-03,-4.407714867136217074e-03
3.222920775469852173e-03,-4.407714867134071221e-03
3.222920775470992320e-03,-4.407714867132081493e-03
3.222920775469893806e-03,-4.407714867129773444e-03
3.222920775471422097e-03,-4.407714867131904551e-03
3.222920775472645511e-03,-4.407714867132034656e-03
-3.228179917431616428e-04,-1.540215040289657535e-02
3.222920775470519607e-03,-4.407714867131837765e-03
3.222920775471708327e-03,-4.407714867132585430e-03
3.222920775473869792e-03,-4.407714867134440717e-03
3.222920775475850846e-03,-4.407714867138232823e-03
3.222920775469369486e-03,-4.407714867132584563e-03
3.222920775472112517e-03,-4.407714867134667099e-03
3.222920775469091063e-03,-4.407714867129668493e-03
3.222920775471133266e-03,-4.407714867132822220e-03
3.222920775468578886e-03,-4.407714867132165627e-03
3.222920775470034319e-03,-4.407714867136236156e-03
4.656792460612571832e-04,-3.015113522086879799e-02
3.222920775474251431e-03,-4.407714867135154556e-03
3.222920775471673632e-03,-4.407714867130982546e-03
4.093253422178464969e-04,9.654969157102592878e-04
3.222920775471479343e-03,-4.407714867131911490e-03
3.222920775470257664e-03,-4.407714867128782049e-03
3.222920775201944515e-03,-4.407714867179675367e-03
-1.134788881035128823e-03,-1.021551719290745425e-02
3.222920775471051734e-03,-4.407714867132154352e-03
3.222920775473625196e-03,-4.407714867132215067e-03
3.222920775473758770e-03,-4.407714867131858581e-03
3.222920775469389869e-03,-4.407714867134072956e-03
-7.142690994459006395e-04,-3.739279152071033063e-02
1.681623463047434959e-03,-4.308049965990543712e-02
3.222920775470778949e-03,-4.407714867131679037e-03
1.217335069274370039e-03,7.823906032999539129e-03
3.222920775478069558e-03,-4.407714867134105048e-03
5.629549729378565326e-04,1.464487878235329853e-02
-6.072395050543486893e-04,3.702667218406035209e-04
-8.345306438343280762e-04,-9.663424789856104452e-03
2.655916532181622040e-04,-5.629509395056077337e-02
-6.108005806330988859e-05,-9.455361730416854404e-03
3.222920775471371790e-03,-4.407714867132006900e-03
3.222920775468503859e-03,-4.407714867128077751e-03
-9.842048435882949468e-04,-1.001498807794377714e-02
3.222920775470979309e-03,-4.407714867131901949e-03
-3.918924175530793738e-04,-4.751961232138166187e-03
3.222920775466769569e-03,-4.407714867132645278e-03
3.222920775471687510e-03,-4.407714867133715603e-03
1.200053956195363744e-03,1.223099066956387718e-02
3.222920775471095102e-03,-4.407714867132831761e-03
3.222920775470563843e-03,-4.407714867131535923e-03
3.222920775467752290e-03,-4.407714867129354508e-03
3.222920775470985381e-03,-4.407714867132338232e-03
3.222920775476121030e-03,-4.407714867133239421e-03
3.222920775464698743e-03,-4.407714867124985607e-03
-7.855411544670691873e-04,-3.353008914400158053e-02
3.222920775475476146e-03,-4.407714867134778988e-03
1.550600532083492135e-03,2.407817571771113732e-02
3.222920775470628461e-03,-4.407714867132131800e-03
3.222920775471436843e-03,-4.407714867131955726e-03
3.222920775464301925e-03,-4.407714867132881201e-03
3.222920775472275148e-03,-4.407714867131116987e-03
-3.296106698670258728e-04,-7.662545436464229982e-03
3.222920775471148011e-03,-4.407714867131845571e-03
3.222920775471038723e-03,-4.407714867132116188e-03
3.222920775475228948e-03,-4.407714867134423370e-03
3.222920775470846169e-03,-4.407714867131924501e-03
-7.358428922255526696e-05,-3.454529301597268620e-02
1.177416316957361484e-04,-1.161206219545454776e-02
3.222920775462029003e-03,-4.407714867135083432e-03
6.014930895181322011e-04,-1.678661590934841727e-02
3.222920775471089030e-03,-4.407714867132081493e-03
3.222920775470978442e-03,-4.407714867129861047e-03
3.222920775470363049e-03,-4.407714867131204591e-03
3.222920775473689381e-03,-4.407714867134378267e-03
1.039388889594731026e-03,-1.314407120810142521e-02
3.222920775469574183e-03,-4.407714867131834295e-03
-8.468149437481596858e-04,7.388434172523546811e-03
7.014039118071960103e-04,2.188305194858778877e-02
-6.163338060297395308e-05,-4.997201300860420331e-02
3.222920775473473408e-03,-4.407714867132150015e-03
3.222920775471235615e-03,-4.407714867131994757e-03
3.222920775471723939e-03,-4.407714867131621791e-03
3.222920775474119592e-03,-4.407714867134513576e-03
3.222920775468270105e-03,-4.407714867132522113e-03
3.222920775470664457e-03,-4.407714867132017308e-03
3.222920775469183437e-03,-4.407714867131901082e-03
3.222920775468305667e-03,-4.407714867129161954e-03
-4.279583026137460033e-04,-1.605957627883599498e-02
3.222920775471008366e-03,-4.407714867131830826e-03
3.222920775470120621e-03,-4.407714867135727882e-03
3.222920775479361059e-03,-4.407714867133505701e-03
-5.003410708781181118e-04,1.289125760592035527e-02
3.222920775468293524e-03,-4.407714867132280986e-03
3.222920775470705657e-03,-4.407714867132104045e-03
4.180041696490381761e-04,6.417712568253236896e-03
3.222920775469146140e-03,-4.407714867129376192e-03
3.222920775471283753e-03,-4.407714867132380733e-03
3.222920775472092134e-03,-4.407714867132149147e-03
3.222920775471191379e-03,-4.407714867131727610e-03
3.893030519298276487e-05,-1.702982621032938420e-03
-6.044333155746602938e-04,-3.072983808823991081e-02
-7.779590916483735113e-06,1.698654514337203519e-02
3.222920775470728208e-03,-4.407714867132084963e-03
3.222920775469369052e-03,-4.407714867129818546e-03
3.222920775466219662e-03,-4.407714867128997155e-03
3.222920774284841316e-03,-4.407714866619833263e-03
-5.141741990083350394e-04,2.513056249113059318e-02
3.222920775469345633e-03,-4.407714867131444850e-03
3.222920775471843635e-03,-4.407714867137302144e-03
3.222920775466668955e-03,-4.407714867124989944e-03
3.222920775471468501e-03,-4.407714867132188179e-03
3.222920775469615383e-03,-4.407714867131888939e-03
3.222920775471286789e-03,-4.407714867131987818e-03
-2.992724979812500441e-04,-1.371993704837366594e-02
-1.071014675667872037e-03,6.857245256737853727e-03
5.253238011819317361e-04,-3.589962497541807768e-02
3.222920775471050867e-03,-4.407714867132024247e-03
3.222920775470953722e-03,-4.407714867131271377e-03
3.222920775476111055e-03,-4.407714867130922698e-03
3.222920775518180268e-03,-4.407714867072209247e-03
3.222920775469467931e-03,-4.407714867131888939e-03
3.222920775473561011e-03,-4.407714867132132668e-03
3.222920775470053401e-03,-4.407714867130333759e-03
3.222920775430752807e-03,-4.407714867112779225e-03
-3.097694847260542661e-04,2.656006529758717094e-02
3.222920775470273710e-03,-4.407714867136933515e-03
3.222920775471479777e-03,-4.407714867132144811e-03
3.222920775471429036e-03,-4.407714867133195186e-03
6.705050061528549776e-04,-3.881424575727658588e-02
3.222920775470476239e-03,-4.407714867132015574e-03
-3.926325226299541430e-04,3.366942331272333722e-02
3.222920775469138334e-03,-4.407714867129777780e-03
-1.892466166045174013e-04,-3.796482015811693950e-02
3.222920775468415388e-03,-4.407714867132091034e-03
3.222920775471255130e-03,-4.407714867131914960e-03
2.078312774569236840e-05,-1.494392783832700598e-02
3.222920775471291993e-03,-4.407714867133072020e-03
3.222920775470075952e-03,-4.407714867133802339e-03
3.222920775470742519e-03,-4.407714867132132668e-03
3.222920775470957625e-03,-4.407714867132038125e-03
3.222920775465601666e-03,-4.407714867129354508e-03
3.222920775472139406e-03,-4.407714867131405818e-03
3.222920775482628845e-03,-4.407714867137756641e-03
3.222920775469365583e-03,-4.407714867131450054e-03
3.222920775438307094e-03,-4.407714867098971694e-03
3.222920775474393679e-03,-4.407714867134813683e-03
-8.686294444861512214e-04,-1.350348489050553179e-02
-8.310046187001441645e-04,2.418013071419804205e-03
3.222920775469973170e-03,-4.407714867130988617e-03
3.222920775468774042e-03,-4.407714867128470666e-03
3.222920775467465627e-03,-4.407714867129738749e-03
3.222920775471446383e-03,-4.407714867125113976e-03
3.222920775469613214e-03,-4.407714867131614853e-03
3.222920775471330157e-03,-4.407714867131314745e-03
3.222920775470808873e-03,-4.407714867130125592e-03
-5.086627787883283170e-04,-7.339692484612178602e-03
3.222920775470674432e-03,-4.407714867132024247e-03
1.780197951685114847e-05,1.810229920304113477e-02
3.222920775469713395e-03,-4.407714867129414356e-03
3.222920775471910856e-03,-4.407714867130985148e-03
3.222920775471786389e-03,-4.407714867131894143e-03
3.222920775470957191e-03,-4.407714867132045064e-03
1.219933512471566136e-04,8.706429817938100835e-03
3.222920775474761440e-03,-4.407714867134631537e-03
-1.403167913934089519e-04,4.253332636960802798e-02
3.222920775470829256e-03,-4.407714867132322620e-03
3.222920775471381331e-03,-4.407714867131998226e-03
3.222920775468803099e-03,-4.407714867128507963e-03
3.222920775339953477e-03,-4.407714867114708238e-03
3.222920775471443781e-03,-4.407714867132190781e-03
3.222920775469367317e-03,-4.407714867131440513e-03
3.222920775464163581e-03,-4.407714867133824890e-03
3.222920775474319086e-03,-4.407714867134742559e-03
3.222920775475552040e-03,-4.407714867138146086e-03
3.222920775471454190e-03,-4.407714867132083228e-03
3.222920775466614311e-03,-4.407714867128520973e-03
3.222920775469166523e-03,-4.407714867129670228e-03
-1.281919146323760254e-03,9.268931667661378659e-03
3.222920775472279918e-03,-4.407714867132764974e-03
3.222920775471587763e-03,-4.407714867131156018e-03
3.222920775469508697e-03,-4.407714867129958192e-03
1.213802929186060577e-04,3.406464151536597179e-04
3.222920775470552134e-03,-4.407714867132006033e-03
3.222920775470619354e-03,-4.407714867132147413e-03
3.222920775471431638e-03,-4.407714867131935776e-03
-2.100486845693155737e-04,-2.710261723455510176e-03
3.739729189591887775e-04,7.979065745549710972e-03
3.513368977748720749e-05,2.272047202376753505e-02
3.222920775468376790e-03,-4.407714867131068415e-03
-1.238382305896318912e-04,-3.929591218320312163e-02
4.963860025573076920e-04,5.698443889224251609e-03
4.455205368016867094e-06,6.841368997952438150e-03
3.222920775470935941e-03,-4.407714867131796131e-03
3.222920775470569481e-03,-4.407714867132016441e-03
3.222920775467389299e-03,-4.407714867128881796e-03
1.758091746461363082e-04,4.973109716000547603e-02
3.222920775473243557e-03,-4.407714867132293129e-03
3.222920775469318745e-03,-4.407714867131402349e-03
3.222920775469359511e-03,-4.407714867134483218e-03
3.222920775475575893e-03,-4.407714867132803138e-03
3.222920775473506368e-03,-4.407714867131710262e-03
3.222920775470527847e-03,-4.407714867132019911e-03
3.222920775252364686e-03,-4.407714867096135421e-03
3.222920775467907548e-03,-4.407714867129210526e-03
3.222920775471329290e-03,-4.407714867132790995e-03
3.222920775472164559e-03,-4.407714867132693851e-03
3.222920774974755587e-03,-4.407714866887989420e-03
3.222920775471634601e-03,-4.407714867131106579e-03
3.222920775471892207e-03,-4.407714867133594172e-03
3.222920775460780870e-03,-4.407714867127167889e-03
3.222920775470716499e-03,-4.407714867132039860e-03
3.222920775471458960e-03,-4.407714867132093636e-03
3.222920775467669457e-03,-4.407714867129345834e-03
3.222920775471233013e-03,-4.407714867132036390e-03
3.222920775470473204e-03,-4.407714867132368590e-03
3.222920775471444215e-03,-4.407714867131545464e-03
-1.039263764450597293e-04,6.300554740585845130e-03
3.222920775475944521e-03,-4.407714867134687048e-03
5.690061515752581025e-05,-7.905683141263216557e-03
3.222920775470539123e-03,-4.407714867131912358e-03
-8.952617323292844597e-05,-1.994246377266672629e-02
3.222920775469614516e-03,-4.407714867129573950e-03
3.222920775471332325e-03,-4.407714867132161290e-03
3.222920775470990585e-03,-4.407714867132083228e-03
3.222920775471118521e-03,-4.407714867131907154e-03
2.634618789086226023e-05,1.160183326935356092e-02
3.222920775475033358e-03,-4.407714867131998226e-03
3.222920775471135868e-03,-4.407714867131873326e-03
3.222920775470802367e-03,-4.407714867132086697e-03
3.222920775470791959e-03,-4.407714867130464731e-03
3.222920775468722000e-03,-4.407714867128414288e-03
3.222920775472544463e-03,-4.407714867132463132e-03
3.222920775471451588e-03,-4.407714867131951389e-03
3.222920775471135868e-03,-4.407714867132021645e-03
3.222920775209389948e-03,-4.407714867279576357e-03
1.388107105658186759e-04,4.335199539922350402e-03
3.222920775471564345e-03,-4.407714867132223741e-03
3.222920775470703488e-03,-4.407714867132025982e-03
3.222920775471427302e-03,-4.407714867131672098e-03
3.222920775466663317e-03,-4.407714867128609444e-03
3.222920775472482013e-03,-4.407714867132600176e-03
3.222920775471376995e-03,-4.407714867131994757e-03
1.608033840238440407e-05,-1.512306066834788291e-02
3.222920775434862366e-03,-4.407714867099753187e-03
3.222920775474182042e-03,-4.407714867134870929e-03
3.222920775469867785e-03,-4.407714867133058143e-03
3.222920775469665256e-03,-4.407714867131857714e-03
3.222920775471372658e-03,-4.407714867131912358e-03
3.222920775470420728e-03,-4.407714867131281786e-03
-3.395757386236072781e-05,1.065340759201440640e-02
3.222920775471305871e-03,-4.407714867131559341e-03
3.222920775466226167e-03,-4.407714867127075949e-03
3.222920775476024319e-03,-4.407714867133612387e-03
3.222920775474369393e-03,-4.407714867134895215e-03
3.222920775463127517e-03,-4.407714867133732950e-03
-4.157952926772019245e-06,4.949331348072918968e-02
4.157124609492495479e-05,-1.267478095972222364e-02
3.222920775463464053e-03,-4.407714867125965726e-03
3.222920775470761168e-03,-4.407714867132105779e-03
3.222920775470296262e-03,-4.407714867132617523e-03
3.222920775471132832e-03,-4.407714867131677303e-03
3.222920775469084557e-03,-4.407714867130539324e-03
1.247890888704794949e-05,3.230325181974646326e-03
3.222920775468068010e-03,-4.407714867131071884e-03
3.222920775470277180e-03,-4.407714867131300868e-03
3.222920775471604243e-03,-4.407714867132058074e-03
3.222920775471739552e-03,-4.407714867132269711e-03
3.222920775470180903e-03,-4.407714867133102378e-03
3.222920775471649780e-03,-4.407714867131906286e-03
3.222920775469975338e-03,-4.407714867135955131e-03
-4.102616834276984203e-06,2.980756775147064275e-02
3.222920775474360719e-03,-4.407714867134695721e-03
3.222920775470927701e-03,-4.407714867132130065e-03
3.222920775470588563e-03,-4.407714867132019911e-03
4.712107826682077061e-06,-3.922503482440028999e-02
3.222920775467003757e-03,-4.407714867128181835e-03
3.385705696527102626e-06,-3.432744648630731144e-02
3.222920775470249424e-03,-4.407714867132679105e-03
3.222920775471310641e-03,-4.407714867132307007e-03
3.222920775473824689e-03,-4.407714867129606910e-03
3.222920775473897548e-03,-4.407714867134898684e-03
3.222920775471427302e-03,-4.407714867131984349e-03
3.159928466869242728e-06,2.112138215574671171e-02
3.222920775468749756e-03,-4.407714867132025982e-03
3.222920775469495253e-03,-4.407714867128491483e-03
3.222920775471409521e-03,-4.407714867132682575e-03
2.762271164484398461e-06,-5.834821128244255944e-03
3.222920775466116879e-03,-4.407714867126656146e-03
3.222920775470700452e-03,-4.407714867133620193e-03
3.222920775496024813e-03,-4.407714867129267772e-03
3.222920775470566011e-03,-4.407714867132943651e-03
3.222920775470375192e-03,-4.407714867130873258e-03
3.222920775465587355e-03,-4.407714867127753358e-03
3.222920775468774909e-03,-4.407714867128381328e-03
-3.981330669725241972e-06,-1.797183203074438629e-02
3.222920775470146208e-03,-4.407714867133255901e-03
5.701452334156838797e-07,9.065196224282007220e-03
-4.410388077370774274e-07,-1.211834993857302534e-02
3.222920775314446103e-03,-4.407714867104377092e-03
3.222920775468409316e-03,-4.407714867131154284e-03
3.222920775470691779e-03,-4.407714867132805740e-03
7.177234316536001648e-07,7.630928068576013287e-03
-8.340174187759886662e-06,2.681333231349246338e-02
6.483444396910220068e-06,1.878108359002770428e-02
4.757935392946822177e-06,9.499493208492484908e-03
3.222920775467641701e-03,-4.407714867132369457e-03
3.222920775471220002e-03,-4.407714867131982614e-03
3.222920775472669364e-03,-4.407714867133673102e-03
6.444129125997125004e-06,5.685539072615995032e-02
3.222920775469587627e-03,-4.407714867131921899e-03
3.222920775471164491e-03,-4.407714867132148280e-03
3.222920775467453050e-03,-4.407714867129292058e-03
3.222920775472024914e-03,-4.407714867131321684e-03
3.222920775467709355e-03,-4.407714867132438846e-03
3.222920775471031785e-03,-4.407714867132227210e-03
3.222920775468878125e-03,-4.407714867132222006e-03
3.222920775474164262e-03,-4.407714867135165832e-03
3.222920775471363117e-03,-4.407714867131411890e-03
3.222920775470538256e-03,-4.407714867132006900e-03
4.338582654657658643e-06,-4.099455692370610610e-03
3.222920775468532915e-03,-4.407714867128750824e-03
3.222920775471596437e-03,-4.407714867132484816e-03
-3.451001516870806269e-06,-3.647177239847396862e-03
3.222920775470713897e-03,-4.407714867129464663e-03
3.222920775473930941e-03,-4.407714867128415155e-03
1.292727083936834972e-06,4.255191452423700421e-02
3.222920775470357845e-03,-4.407714867132618390e-03
-2.150301611718984434e-06,5.359314248668534120e-03
3.222920775470728208e-03,-4.407714867130930504e-03
3.222920775467521572e-03,-4.407714867129115116e-03
3.222920775468691209e-03,-4.407714867142366669e-03
3.222920775471414725e-03,-4.407714867139285800e-03
3.222920775473568818e-03,-4.407714867132070218e-03
3.222920775470767673e-03,-4.407714867134098977e-03
3.222920775472350174e-03,-4.407714867134140610e-03
3.222920775476470143e-03,-4.407714867122591688e-03
3.222920775470275445e-03,-4.407714867131775315e-03
-7.844957413708322677e-07,1.401905888649197969e-02
3.222920775470750759e-03,-4.407714867131710262e-03
3.222920775477493630e-03,-4.407714867130469068e-03
3.222920775473574022e-03,-4.407714867132457061e-03
3.222920775468393704e-03,-4.407714867131036322e-03
1.216352216400232428e-05,1.381152458857925341e-02
3.222920775472436477e-03,-4.407714867132253231e-03
3.222920775465936468e-03,-4.407714867115609426e-03
3.222920775469632296e-03,-4.407714867131933174e-03
3.222920775469781916e-03,-4.407714867132241955e-03
3.222920775470983212e-03,-4.407714867132213332e-03
3.222920775469327852e-03,-4.407714867133474476e-03
3.222920775463043817e-03,-4.407714867128027444e-03
3.222920775469035118e-03,-4.407714867131659955e-03
3.222920775477169670e-03,-4.407714867133513507e-03
4.788907212982436581e-06,3.533145848506369369e-02
-5.904300964762117953e-06,-1.755494364788284106e-02
3.222920775469606709e-03,-4.407714867130964331e-03
3.222920775468189440e-03,-4.407714867131273979e-03
6.520418017141228236e-06,-1.247334198939386782e-02
-8.095689853368170265e-06,-4.889273791857642881e-02
3.222920775475698624e-03,-4.407714867133163961e-03
3.222920775470693947e-03,-4.407714867129225271e-03
7.840833169393424676e-06,6.493127009910008157e-03
3.222920775470962829e-03,-4.407714867130325953e-03
-1.311001604089343130e-05,2.821684859793112746e-02
3.222920775470708259e-03,-4.407714867132017308e-03
3.222920775471452455e-03,-4.407714867132005165e-03
3.222920775467488178e-03,-4.407714867128962460e-03
3.222920775469437574e-03,-4.407714867133394679e-03
-3.938678832639517876e-07,-5.684233205981597398e-02
3.222920775471081658e-03,-4.407714867132084095e-03
3.222920775470106743e-03,-4.407714867132145678e-03
3.222920775475535127e-03,-4.407714867134369593e-03
3.222920775471493221e-03,-4.407714867132177770e-03
3.222920775465706617e-03,-4.407714867129510633e-03
3.222920775467440473e-03,-4.407714867132147413e-03
3.222920775471046963e-03,-4.407714867132052003e-03
3.222920775471486282e-03,-4.407714867132323487e-03
3.222920775470517439e-03,-4.407714867132249761e-03
3.222920775471908687e-03,-4.407714867131198519e-03
3.222920775471269442e-03,-4.407714867131475207e-03
3.222920775471788124e-03,-4.407714867133665296e-03
3.222920775471448986e-03,-4.407714867131736283e-03
3.222920775470585527e-03,-4.407714867131785723e-03
3.222920775469697782e-03,-4.407714867132198587e-03
3.222920775471200920e-03,-4.407714867131557607e-03
3.222920775307689355e-03,-4.407714867114192157e-03
3.222920775470852241e-03,-4.407714867134399084e-03
2.974183962880934058e-06,2.625895655145733809e-02
3.222920775470051232e-03,-4.407714867130940045e-03
3.222920775472801203e-03,-4.407714867134728681e-03
3.222920775471146276e-03,-4.407714867132067615e-03
3.222920775470719534e-03,-4.407714867132062411e-03
3.222920775471370056e-03,-4.407714867132197720e-03
3.222920775470913823e-03,-4.407714867131899347e-03
-2.633602327243763531e-06,8.071262781668850361e-03
3.222920775470608512e-03,-4.407714867131715467e-03
3.222920775471161021e-03,-4.407714867131844703e-03
3.222920775468249288e-03,-4.407714867131541994e-03
3.222920775474757971e-03,-4.407714867134667966e-03
3.222920775470664457e-03,-4.407714867132861251e-03
3.222920775470787189e-03,-4.407714867131928838e-03
-1.290995501714902427e-05,2.843299471760275463e-02
3.222920775467413151e-03,-4.407714867128830621e-03
3.222920775472475075e-03,-4.407714867132601910e-03
3.222920775475079328e-03,-4.407714867127827951e-03
-4.076141779562331480e-06,-1.542874484915695947e-02
-3.697252156830767197e-06,-3.287325888508700611e-02
3.222920775473980814e-03,-4.407714867134808479e-03
3.222920775471068214e-03,-4.407714867130941780e-03
3.222920775464582083e-03,-4.407714867137002904e-03
-6.526259936585503929e-07,-1.509508596918588373e-02
7.144626804126832589e-06,2.619157430764733341e-04
3.222920775472712732e-03,-4.407714867131940981e-03
3.222920775471128062e-03,-4.407714867132107514e-03
3.222920775471318014e-03,-4.407714867131886337e-03
3.222920775433586477e-03,-4.407714867104065709e-03
3.222920775474244492e-03,-4.407714867134489289e-03
3.222920775471275947e-03,-4.407714867132336498e-03
3.222920775471010968e-03,-4.407714867132058942e-03
-5.483862854890826518e-06,2.549437558811683616e-02
3.222920775470344400e-03,-4.407714867130219268e-03
3.222920775448019810e-03,-4.407714867115221716e-03
3.222920775470540424e-03,-4.407714867134626333e-03
3.222920775471041759e-03,-4.407714867132110984e-03
6.068654564928113431e-06,-7.226262565844722430e-03
3.222920775473869792e-03,-4.407714867134270714e-03
3.222920775469804034e-03,-4.407714867133279320e-03
3.222920775469272341e-03,-4.407714867131816081e-03
3.222920775457875642e-03,-4.407714867101365612e-03
3.222920775465345361e-03,-4.407714867125994349e-03
3.222920775472407420e-03,-4.407714867132545532e-03
5.342180770061947526e-06,-3.857257668903244646e-02
3.222920775473664227e-03,-4.407714867132301803e-03
3.222920775476056411e-03,-4.407714867133520446e-03
3.222920775472731814e-03,-4.407714867136218809e-03
3.222920775473429172e-03,-4.407714867123185831e-03
2.220509004390097857e-06,-1.121731745809255443e-03
3.222920775471455057e-03,-4.407714867131975675e-03
3.222920775508593318e-03,-4.407714867068566328e-03
3.222920775633371111e-03,-4.407714867202668259e-03
3.222920775476505271e-03,-4.407714867133889942e-03
3.222920775469338694e-03,-4.407714867131417094e-03
3.222920775471538324e-03,-4.407714867132064146e-03
3.222920775473384070e-03,-4.407714867135079095e-03
3.222920775468608810e-03,-4.407714867131274847e-03
3.222920775469302265e-03,-4.407714867131937511e-03
-4.974842333620104704e-06,-2.232256858955595363e-02
3.222920775469287954e-03,-4.407714867128306735e-03
3.222920775468787920e-03,-4.407714867132213332e-03
3.222920775470304068e-03,-4.407714867132685177e-03
3.222920775471198318e-03,-4.407714867131873326e-03
-6.759795197700212387e-07,1.013242927938558420e-02
3.222920775472508902e-03,-4.407714867134218673e-03
3.222920775471233013e-03,-4.407714867132109249e-03
3.222920775469612781e-03,-4.407714867131902817e-03
3.222920775471246890e-03,-4.407714867132088432e-03
3.222920775469348235e-03,-4.407714867128069078e-03
3.222920775472569617e-03,-4.407714867132468337e-03
3.222920775470928569e-03,-4.407714867130934841e-03
3.222920775463928959e-03,-4.407714867121257686e-03
3.222920775471175333e-03,-4.407714867131928838e-03
3.222920775471349239e-03,-4.407714867133413761e-03
9.710497862829681166e-06,3.021178257570656181e-02
3.222920775470703054e-03,-4.407714867131979145e-03
3.222920775473762239e-03,-4.407714867133148348e-03
3.222920775467393202e-03,-4.407714867128797662e-03
3.222920775471419495e-03,-4.407714867132148280e-03
3.222920775479020186e-03,-4.407714867134406890e-03
3.222920775465499751e-03,-4.407714867126655278e-03
3.222920775475506504e-03,-4.407714867134386941e-03
3.222920775474372862e-03,-4.407714867134746028e-03
3.222920775471628529e-03,-4.407714867132790128e-03
3.222920775469836126e-03,-4.407714867131899347e-03
3.222920775465982872e-03,-4.407714867128280714e-03
3.222920775468869452e-03,-4.407714867128482809e-03
3.222920775469335659e-03,-4.407714867133418098e-03
3.222920775471807206e-03,-4.407714867131794396e-03
3.222920775469433237e-03,-4.407714867131565413e-03
3.222920775471451588e-03,-4.407714867132085830e-03
3.222920775472280785e-03,-4.407714867134007036e-03
3.222920775472349307e-03,-4.407714867122831948e-03
3.222920775469870821e-03,-4.407714867131850775e-03
3.222920775471416026e-03,-4.407714867131925368e-03
3.222920775465632458e-03,-4.407714867128980675e-03
3.222920775337606829e-03,-4.407714867073905807e-03
3.222920775467299961e-03,-4.407714867132909824e-03
3.222920775467681166e-03,-4.407714867130495956e-03
3.222920775470275445e-03,-4.407714867132134402e-03
3.222920775474619193e-03,-4.407714867135353182e-03
3.222920775472092568e-03,-4.407714867132712065e-03
3.222920775469157416e-03,-4.407714867130867187e-03
3.222920775471444649e-03,-4.407714867131892408e-03
3.222920775465709653e-03,-4.407714867129468132e-03
1.812795012883667061e-06,-1.131444997324036056e-02
3.222920775470605043e-03,-4.407714867132334763e-03
3.222920775471507966e-03,-4.407714867132758903e-03
3.222920775470553868e-03,-4.407714867131538525e-03
3.222920775475771049e-03,-4.407714867134758172e-03
3.222920775469653547e-03,-4.407714867135879670e-03
3.222920775470640171e-03,-4.407714867132084963e-03
3.222920775467854639e-03,-4.407714867132237618e-03
-8.766552431636009913e-06,-2.590122421044607076e-02
3.222920775472012771e-03,-4.407714867132475275e-03
-2.671268744920043230e-06,3.859198589255605216e-02
3.222920775471252528e-03,-4.407714867131967001e-03
3.222920775471754731e-03,-4.407714867131616587e-03
3.222920775475660027e-03,-4.407714867135498898e-03
3.222920775471149746e-03,-4.407714867132407621e-03
3.222920775470758999e-03,-4.407714867131935776e-03
3.222920775461845990e-03,-4.407714867131617455e-03
3.222920775469019072e-03,-4.407714867129647676e-03
3.222920775473038860e-03,-4.407714867132222873e-03
3.222920775471054770e-03,-4.407714867132041595e-03
3.222920775470880864e-03,-4.407714867130096970e-03
3.222920775470354375e-03,-4.407714867130983413e-03
3.222920775473090901e-03,-4.407714867136536263e-03
3.462596678220672110e-06,2.858908898982603919e-02
3.222920775470619354e-03,-4.407714867132161290e-03
5.430866052012841923e-07,2.884644278693695302e-02
3.222920775469138334e-03,-4.407714867129609512e-03
3.222920775471765573e-03,-4.407714867132291395e-03
3.222920775470895609e-03,-4.407714867134404288e-03
3.222920775471516640e-03,-4.407714867131961797e-03
3.222920775471160154e-03,-4.407714867132022513e-03
