-6.882529240101575851e-03,-2.454547444358468056e-03
-5.829639267176389694e-03,1.768936490407213569e-04
-4.240382928401231766e-03,-5.629820516332983971e-04
5.309594329446554184e-03,1.457198290154337883e-03
-1.050905417650938034e-02,4.688233509659767151e-02
-5.784642416983842850e-03,1.951729692518711090e-02
1.470173150300979614e-02,-5.544098094105720520e-03
-4.832373932003974915e-03,6.658279802650213242e-03
-2.698203781619668007e-03,-1.433237805031239986e-03
-3.291638195514678955e-02,-1.709718629717826843e-02
-4.120931029319763184e-03,-1.927819103002548218e-03
-7.423094008117914200e-03,2.353816991671919823e-03
-2.419026568531990051e-03,2.749575302004814148e-03
-1.384017616510391235e-02,4.739550873637199402e-02
2.235352993011474609e-02,-1.148769166320562363e-02
3.131972253322601318e-02,-1.592061296105384827e-02
-4.006954841315746307e-03,4.588058509398251772e-04
2.233545854687690735e-02,-1.242252159863710403e-02
-4.402131587266921997e-02,-2.779948338866233826e-02
-6.017535924911499023e-03,4.304641915950924158e-04
-5.666187033057212830e-03,-6.307618605205789208e-05
1.544491294771432877e-02,8.674450218677520752e-03
-1.335031911730766296e-02,5.601131543517112732e-02
3.075874410569667816e-03,1.359949703328311443e-03
2.401912026107311249e-02,-1.011440530419349670e-02
1.872506923973560333e-02,-1.006740797311067581e-02
2.135288901627063751e-02,-1.293660514056682587e-02
-4.716157913208007812e-02,-2.792118862271308899e-02
-2.864854969084262848e-02,-1.564829237759113312e-02
-4.978599492460489273e-03,6.878651911392807961e-04
7.444172166287899017e-03,-4.533570725470781326e-03
-1.184348203241825104e-02,5.043018609285354614e-02
1.879958435893058777e-02,-9.596154093742370605e-03
-3.675729734823107719e-03,1.358160655945539474e-02
1.826518401503562927e-02,-8.393147028982639313e-03
1.850450597703456879e-02,-9.845482185482978821e-03
-3.120642900466918945e-02,-1.805768348276615143e-02
-4.830077290534973145e-03,-2.087653614580631256e-03
-6.439564283937215805e-03,4.891311982646584511e-04
7.406260352581739426e-03,-4.612175747752189636e-03
-1.428243331611156464e-02,6.006091088056564331e-02
2.597049809992313385e-02,-1.175495609641075134e-02
2.805083245038986206e-02,-1.451189443469047546e-02
-3.889661747962236404e-03,-4.673639195971190929e-04
2.014320902526378632e-02,-8.668736554682254791e-03
-7.311114575713872910e-03,-2.613875316455960274e-03
-3.008432686328887939e-03,-1.639680704101920128e-03
-5.244228057563304901e-03,8.557232649764046073e-05
1.797122322022914886e-02,-7.996846921741962433e-03
-1.887316070497035980e-02,1.000592857599258423e-01
2.087302505970001221e-03,2.913457108661532402e-03
2.174673788249492645e-02,-1.050486601889133453e-02
-3.629402723163366318e-03,5.965528078377246857e-03
3.108094260096549988e-02,-1.390294637531042099e-02
-5.754232779145240784e-02,-3.461219742894172668e-02
-3.318167524412274361e-03,-2.184764714911580086e-03
-4.668682813644409180e-03,-1.973054371774196625e-03
8.555160835385322571e-03,-5.213337019085884094e-03
1.265390310436487198e-02,2.346925437450408936e-02
2.783809415996074677e-02,-1.469062548130750656e-02
1.099093072116374969e-02,3.340093186125159264e-03
2.064698003232479095e-02,-9.033831767737865448e-03
2.170253731310367584e-02,-1.175608299672603607e-02
-3.120918571949005127e-02,-2.218627743422985077e-02
-5.371820181608200073e-03,-5.998874985380098224e-05
-9.071572683751583099e-03,1.081403228454291821e-03
1.995845139026641846e-02,-1.096175238490104675e-02
-1.289012096822261810e-02,5.639817193150520325e-02
2.220165543258190155e-02,-1.172391604632139206e-02
2.485496178269386292e-02,-1.281093619763851166e-02
-2.668654546141624451e-03,-1.686933916062116623e-03
1.884232088923454285e-02,-8.448693901300430298e-03
-7.984448969364166260e-02,-4.600190743803977966e-02
-9.746306575834751129e-03,-1.767030335031449795e-03
-6.684071850031614304e-03,3.805426647886633873e-03
1.801130734384059906e-02,-7.776109036058187485e-03
8.274802821688354015e-04,3.588960319757461548e-02
2.420008927583694458e-02,-1.220056600868701935e-02
-4.056821111589670181e-03,-8.109809132292866707e-04
1.817918755114078522e-02,-7.508147973567247391e-03
3.100961446762084961e-02,-5.558189470320940018e-03
-3.163893520832061768e-02,-1.821946166455745697e-02
-4.779165610671043396e-03,-3.745866997633129358e-04
-5.100436508655548096e-03,1.142849680036306381e-03
1.827648468315601349e-02,-7.096827961504459381e-03
-1.036027166992425919e-02,3.232666105031967163e-02
2.716820128262042999e-02,-1.247781421989202499e-02
2.839775383472442627e-02,-1.377915497869253159e-02
-3.621832700446248055e-03,-1.393809943692758679e-04
2.016681991517543793e-02,-1.129230577498674393e-02
-3.088039904832839966e-02,-1.783400774002075195e-02
-6.028201896697282791e-03,-1.471675001084804535e-03
-6.533768959343433380e-03,1.479285652749240398e-03
7.294245529919862747e-03,-4.897331818938255310e-03
-6.900371226947754622e-05,4.431468248367309570e-02
2.779242396354675293e-02,-1.538143306970596313e-02
2.002265304327011108e-02,4.270114935934543610e-03
-2.045814646407961845e-03,-4.862583591602742672e-04
-3.187741152942180634e-03,5.487296264618635178e-03
-9.647761471569538116e-03,-4.168219398707151413e-03
-4.316378384828567505e-03,-8.187611820176243782e-04
-6.910433061420917511e-03,3.489050432108342648e-04
-3.421267261728644371e-03,1.227396423928439617e-03
-1.077484153211116791e-02,4.473491385579109192e-02
2.542387694120407104e-02,-1.272624824196100235e-02
2.551773190498352051e-02,-1.206606905907392502e-02
1.687340997159481049e-02,-7.682462688535451889e-03
1.008845213800668716e-02,-6.254612933844327927e-03
-4.428253695368766785e-02,-2.813342027366161346e-02
-5.355661734938621521e-03,-1.050685415975749493e-03
-6.361924577504396439e-03,2.045738743618130684e-03
1.747212745249271393e-02,-8.940478786826133728e-03
-1.043403614312410355e-02,3.621929138898849487e-02
1.757573895156383514e-02,-9.075437672436237335e-03
1.886216178536415100e-02,-9.680539369583129883e-03
1.687709987163543701e-02,1.027293410152196884e-02
1.937384530901908875e-02,-8.117263205349445343e-03
-9.375629946589469910e-03,-3.883379511535167694e-03
-4.967750981450080872e-03,8.178393356502056122e-03
-8.629405871033668518e-03,2.807847457006573677e-03
-3.705845680087804794e-03,1.014814013615250587e-03
7.889620959758758545e-03,-1.785465981811285019e-03
7.235934026539325714e-03,-4.946263041347265244e-03
2.257457002997398376e-02,-1.240447536110877991e-02
8.563430979847908020e-03,-6.267449818551540375e-03
1.427916996181011200e-02,-8.636532351374626160e-03
-4.240193963050842285e-02,-2.704230695962905884e-02
-3.685968928039073944e-03,-3.043647622689604759e-03
-6.788749713450670242e-03,4.350879171397536993e-04
7.846335880458354950e-03,-4.731209017336368561e-03
-1.380338799208402634e-02,5.839877575635910034e-02
2.882957272231578827e-02,-1.543224882334470749e-02
3.137623891234397888e-02,-1.923589408397674561e-02
-1.934895641170442104e-03,-9.682644740678369999e-04
1.783352158963680267e-02,-9.136994369328022003e-03
-4.524103924632072449e-02,-3.086220100522041321e-02
-3.552048932760953903e-03,-1.927788020111620426e-03
-6.832615472376346588e-03,1.583278365433216095e-02
-3.979505971074104309e-03,-1.268651685677468777e-04
-1.372689567506313324e-02,4.318133369088172913e-02
2.046517468988895416e-02,-8.896786719560623169e-03
-3.620002185925841331e-03,-3.029172774404287338e-03
-2.275684382766485214e-03,-1.612134044989943504e-03
3.698413958773016930e-03,1.035891752690076828e-02
-3.828196227550506592e-02,-2.178323268890380859e-02
-5.175794474780559540e-03,-1.226565451361238956e-03
-5.538173485547304153e-03,6.069221068173646927e-03
-4.344090819358825684e-03,-8.786038379184901714e-04
-7.040452212095260620e-03,1.999258249998092651e-02
1.985720731317996979e-02,-1.043688133358955383e-02
2.449219487607479095e-02,-3.732679411768913269e-03
-1.305361976847052574e-03,-8.420510566793382168e-04
-4.563122987747192383e-03,6.131418980658054352e-03
-5.957476049661636353e-02,-3.377042710781097412e-02
-7.146019954234361649e-03,-2.479120157659053802e-03
-7.917139679193496704e-03,3.048934508115053177e-03
1.752370595932006836e-02,-8.653202094137668610e-03
1.342283468693494797e-02,2.499435842037200928e-02
2.556956745684146881e-02,-9.913126006722450256e-03
2.535949833691120148e-02,-1.252395007759332657e-02
-3.732228185981512070e-03,-3.131386765744537115e-04
1.899535581469535828e-02,-8.593264035880565643e-03
-5.035953596234321594e-02,-2.987582050263881683e-02
-4.791400860995054245e-03,2.479292452335357666e-04
-4.803893622010946274e-03,1.379026682116091251e-03
-5.323646124452352524e-03,5.684918258339166641e-03
-6.665839813649654388e-03,1.082624215632677078e-02
1.902455650269985199e-02,-9.706364013254642487e-03
2.086511626839637756e-02,-1.012148708105087280e-02
1.762742176651954651e-02,-8.800505660474300385e-03
1.912481337785720825e-02,-9.657428599894046783e-03
-7.479643821716308594e-02,-4.365489259362220764e-02
-5.733505357056856155e-03,2.109557972289621830e-04
-6.189194042235612869e-03,-1.453549793950514868e-05
-3.646624740213155746e-03,5.802237428724765778e-04
-5.126467440277338028e-03,7.275850512087345123e-03
2.665344625711441040e-02,4.531343001872301102e-04
3.287160396575927734e-02,-1.644624024629592896e-02
-3.706777468323707581e-03,-7.295553223229944706e-04
-3.563961945474147797e-03,1.884873397648334503e-02
-6.868738681077957153e-03,-2.416020026430487633e-03
-5.970567930489778519e-03,-1.221538870595395565e-03
-9.653210639953613281e-03,1.032571122050285339e-02
2.098574675619602203e-02,-1.117448695003986359e-02
-1.479065883904695511e-02,6.215772405266761780e-02
-4.103254526853561401e-03,4.931945353746414185e-03
2.174550481140613556e-02,-1.084961090236902237e-02
-2.828406170010566711e-03,1.279823482036590576e-02
-1.176207326352596283e-03,-3.257901174947619438e-03
-5.841142311692237854e-02,-3.344634920358657837e-02
-6.159511860460042953e-03,-8.884630515240132809e-04
-5.787908099591732025e-03,-1.600972958840429783e-03
-7.043776568025350571e-03,2.794141694903373718e-02
-1.111899875104427338e-02,4.324317350983619690e-02
2.802025526762008667e-02,-1.312128640711307526e-02
1.771339774131774902e-02,-7.818642072379589081e-03
-4.896108526736497879e-03,5.642151925712823868e-03
-3.714799880981445312e-03,1.259880140423774719e-03
-5.035951361060142517e-02,-2.987588383257389069e-02
-9.989960119128227234e-03,6.099088204791769385e-05
-4.276489838957786560e-03,-5.791959702037274837e-04
-4.727477673441171646e-03,5.925319623202085495e-03
-1.259913947433233261e-02,4.621770977973937988e-02
1.514885108917951584e-02,-8.792438544332981110e-03
2.909039612859487534e-03,2.573369303718209267e-03
-2.559926593676209450e-03,8.274091407656669617e-03
-4.647804889827966690e-03,6.758174393326044083e-03
-6.129714101552963257e-02,-4.007778316736221313e-02
-5.001337733119726181e-03,-8.910380420275032520e-04
-8.696207776665687561e-03,3.978854976594448090e-03
1.751555874943733215e-02,-8.905583061277866364e-03
-2.292292751371860504e-02,8.407942950725555420e-02
-6.877161562442779541e-03,1.536504738032817841e-02
7.879691198468208313e-03,6.074522156268358231e-03
-4.849605727940797806e-03,6.642117630690336227e-03
-1.735916128382086754e-03,3.424896625801920891e-03
-3.696807101368904114e-02,-2.537177316844463348e-02
-4.813923034816980362e-03,-8.501069387421011925e-04
-6.317600142210721970e-03,6.000341381877660751e-04
-4.269727505743503571e-03,-2.272970741614699364e-04
-1.201661583036184311e-02,3.555975109338760376e-02
3.105034679174423218e-02,-5.724979564547538757e-03
2.230327576398849487e-02,-9.957959875464439392e-03
1.822968944907188416e-02,-7.830581627786159515e-03
-2.397523494437336922e-03,-9.951766114681959152e-04
-3.546819463372230530e-02,-1.901316642761230469e-02
-4.523819312453269958e-03,-7.203785935416817665e-04
-7.880130782723426819e-03,3.052666317671537399e-03
8.007787168025970459e-03,-5.621518008410930634e-03
-1.201661862432956696e-02,3.555975854396820068e-02
1.042313058860599995e-03,1.026625744998455048e-02
2.095604687929153442e-02,-1.015410758554935455e-02
1.769831776618957520e-02,-7.675087079405784607e-03
1.818337477743625641e-02,-8.964589796960353851e-03
-3.928621858358383179e-02,-2.287919633090496063e-02
-7.040600292384624481e-03,-1.598201692104339600e-03
-6.728101987391710281e-03,1.220781006850302219e-03
7.247555069625377655e-03,-3.502869047224521637e-03
-8.952051401138305664e-03,3.648273646831512451e-02
1.939830183982849121e-02,-8.780803531408309937e-03
-6.366482004523277283e-03,1.448790263384580612e-02
-2.588618546724319458e-03,-1.971947262063622475e-03
-3.931835293769836426e-03,-7.973145693540573120e-04
-3.240726888179779053e-02,-1.850230433046817780e-02
-3.819531062617897987e-03,-1.755758072249591351e-03
-4.652449395507574081e-03,-4.055968893226236105e-04
-7.763287052512168884e-03,3.420671075582504272e-02
-6.088648922741413116e-03,1.851452700793743134e-02
2.012988366186618805e-02,-1.124958787113428116e-02
1.296100672334432602e-02,-8.198057301342487335e-03
-4.440241027623414993e-03,6.915679667145013809e-03
1.874591410160064697e-02,-9.696486406028270721e-03
-4.797103255987167358e-02,-2.845263481140136719e-02
-7.472680881619453430e-03,-2.583099529147148132e-03
-6.930693518370389938e-03,1.948268152773380280e-03
1.792148873209953308e-02,-7.820203900337219238e-03
1.287578698247671127e-02,2.099363319575786591e-02
-1.967482734471559525e-03,4.644679371267557144e-03
-2.455850131809711456e-03,2.454200387001037598e-02
1.874653436243534088e-02,-9.707407443784177303e-04
7.719242945313453674e-03,-1.041284413076937199e-03
-6.083229929208755493e-02,-3.690515458583831787e-02
-8.143174462020397186e-03,-1.845066668465733528e-03
-5.253301467746496201e-03,5.590210275840945542e-05
-4.058543127030134201e-03,1.211348571814596653e-04
-1.154951751232147217e-02,5.209662392735481262e-02
2.083722501993179321e-02,-1.106433104723691940e-02
4.327438771724700928e-02,-2.084654569625854492e-02
-4.252057056874036789e-03,-1.644229050725698471e-04
1.912656612694263458e-02,-8.709209039807319641e-03
-4.771866276860237122e-02,-2.828108705580234528e-02
-7.783392444252967834e-03,-2.046840090770274401e-04
-6.587475538253784180e-03,4.660876467823982239e-03
1.775927655398845673e-02,4.510741291596787050e-06
1.813833229243755341e-02,-5.776555743068456650e-03
1.807044260203838348e-02,-9.102038107812404633e-03
-4.035457503050565720e-03,1.325881481170654297e-02
7.662951946258544922e-03,-3.661729395389556885e-03
2.271505631506443024e-02,-1.247329264879226685e-02
-3.083341382443904877e-02,-2.042107656598091125e-02
-3.532060654833912849e-03,-1.747435075230896473e-03
-5.883748177438974380e-03,-2.161195152439177036e-04
-4.645896609872579575e-03,6.889998912811279297e-03
-1.184348668903112411e-02,5.043020471930503845e-02
1.006722170859575272e-02,-4.766437690705060959e-03
2.718633785843849182e-02,-1.402933802455663681e-02
-2.632698742672801018e-03,-1.743440865539014339e-03
7.678414694964885712e-03,-5.000911187380552292e-03
-5.500801280140876770e-02,-3.157050162553787231e-02
2.172631444409489632e-03,-4.784288350492715836e-03
-6.100828293710947037e-03,1.266568579012528062e-04
7.922539487481117249e-03,-4.010215401649475098e-03
-1.519739534705877304e-02,4.811603948473930359e-02
-2.620565705001354218e-03,1.558027323335409164e-02
2.083418518304824829e-02,-9.979146532714366913e-03
-4.695433191955089569e-03,1.718758232891559601e-02
-4.034068435430526733e-03,6.946093868464231491e-03
-7.085797935724258423e-02,-4.457167536020278931e-02
-7.293283008038997650e-03,4.075024335179477930e-04
-9.631742723286151886e-03,4.663204774260520935e-03
-4.835960455238819122e-03,5.440933164209127426e-03
3.127520438283681870e-03,3.979987651109695435e-02
-3.326666541397571564e-03,8.369029965251684189e-04
2.069985866546630859e-02,-8.855440653860569000e-03
-3.813823219388723373e-03,-6.403951556421816349e-04
8.074339479207992554e-03,-5.552927963435649872e-03
-5.618351325392723083e-02,-3.212786093354225159e-02
-2.232374245068058372e-04,-5.784466397017240524e-03
-3.730925731360912323e-03,1.063603558577597141e-03
-3.865068079903721809e-03,-3.720140084624290466e-04
-1.887757331132888794e-02,6.294022500514984131e-02
5.134769249707460403e-03,2.519237576052546501e-03
1.799243316054344177e-02,-7.994596846401691437e-03
-4.151004832237958908e-03,1.512974733486771584e-03
1.748770475387573242e-02,-8.894353173673152924e-03
-5.073466151952743530e-02,-2.846860326826572418e-02
-6.795980967581272125e-03,1.270507741719484329e-02
-1.045981049537658691e-02,3.972049802541732788e-03
1.731981895864009857e-02,-1.661623711697757244e-03
-1.078348513692617416e-02,4.935891181230545044e-02
2.538982965052127838e-02,-1.277998089790344238e-02
3.128739818930625916e-02,-1.714949123561382294e-02
-3.731111763045191765e-03,-8.290130645036697388e-04
2.183414995670318604e-02,-1.140904705971479416e-02
-9.540794417262077332e-03,-3.849312663078308105e-03
-4.934955388307571411e-03,-8.663054322823882103e-04
-4.080991260707378387e-03,3.500247112242504954e-05
4.422414582222700119e-03,1.418248470872640610e-02
-6.951855029910802841e-03,1.278916373848915100e-02
-4.341095220297574997e-03,-8.112543146125972271e-04
2.639842033386230469e-02,-1.525149401277303696e-02
-3.888188861310482025e-03,6.627209950238466263e-03
2.104698866605758667e-02,-1.202819123864173889e-02
-4.424348939210176468e-03,-4.548758268356323242e-03
-4.567698109894990921e-03,3.070819366257637739e-04
-4.273256286978721619e-03,-3.402459260541945696e-04
-7.241537328809499741e-03,1.584925875067710876e-02
-9.356365539133548737e-03,3.140458837151527405e-02
1.925005763769149780e-02,-9.626544080674648285e-03
1.962815731531009078e-04,3.220892976969480515e-03
-3.534722141921520233e-03,4.733843670692294836e-04
8.462222293019294739e-03,-3.866181708872318268e-03
-6.631129235029220581e-02,-3.901617228984832764e-02
-4.715749062597751617e-03,-2.165881684049963951e-03
-6.852745544165372849e-03,1.941420952789485455e-03
1.752760075032711029e-02,-8.700959384441375732e-03
6.220740731805562973e-03,5.370550230145454407e-02
3.140274435281753540e-02,-1.299154385924339294e-02
-4.203242715448141098e-03,1.327093224972486496e-02
-2.162131248041987419e-03,8.445461280643939972e-03
1.850473321974277496e-02,-8.376816287636756897e-03
-5.180479213595390320e-02,-3.297928720712661743e-02
-4.200377035886049271e-03,-1.789241679944097996e-03
-2.675468567758798599e-04,-4.688995424658060074e-03
1.674245670437812805e-02,4.500708542764186859e-03
-1.005483511835336685e-02,4.699674993753433228e-02
2.814765460789203644e-02,-1.508612837642431259e-02
2.190803352277725935e-04,4.559236578643321991e-03
1.732014864683151245e-02,-8.712172508239746094e-03
1.850042119622230530e-02,-8.115835487842559814e-03
-5.409858375787734985e-02,-3.234562277793884277e-02
-5.719478707760572433e-03,-6.665875553153455257e-04
-3.229121677577495575e-03,2.767231781035661697e-04
2.031074091792106628e-02,-1.072445604950189590e-02
-4.645374603569507599e-03,7.812661118805408478e-03
1.973679289221763611e-02,-1.145089790225028992e-02
2.450919337570667267e-02,-1.281437464058399200e-02
-3.336961613968014717e-03,1.690811663866043091e-02
1.833604648709297180e-02,-8.964148350059986115e-03
-1.511302031576633453e-02,-7.249975576996803284e-03
-4.630848299711942673e-03,-3.437778213992714882e-03
-5.339171737432479858e-03,-1.282518263906240463e-03
1.749293133616447449e-02,-8.972516283392906189e-03
-5.686243530362844467e-03,9.734822437167167664e-03
9.915501810610294342e-03,1.346979942172765732e-02
1.792969368398189545e-02,-7.805783301591873169e-03
-2.951783593744039536e-03,-1.617870060727000237e-03
1.870272122323513031e-02,-8.325856178998947144e-03
-2.905680984258651733e-02,-1.350285392254590988e-02
-5.858110729604959488e-03,-1.836852054111659527e-03
-8.420920930802822113e-03,2.947221510112285614e-03
1.726471818983554840e-02,5.158989690244197845e-03
-1.344636175781488419e-02,6.116659566760063171e-02
1.839292421936988831e-02,-9.188210591673851013e-03
1.907176710665225983e-02,-1.162944361567497253e-02
1.706362888216972351e-02,-1.679132576100528240e-03
2.017843164503574371e-02,7.284251041710376740e-03
1.754180155694484711e-02,-1.342752203345298767e-02
-4.465306177735328674e-03,-8.971421630121767521e-04
-2.247156575322151184e-03,-3.177849110215902328e-03
1.779697090387344360e-02,-7.855786941945552826e-03
-2.910791430622339249e-03,7.415215019136667252e-03
1.967210322618484497e-02,-8.979129604995250702e-03
2.422842383384704590e-02,-1.095769368112087250e-02
-4.944117274135351181e-03,7.067438680678606033e-03
3.611081920098513365e-04,3.895314875990152359e-03
-5.329975858330726624e-02,-3.148861229419708252e-02
-4.295135848224163055e-03,-1.048916485160589218e-03
-7.219449616968631744e-03,-1.808530942071229219e-04
-5.017670802772045135e-03,6.600382737815380096e-03
1.876524183899164200e-03,2.989616245031356812e-02
2.607527002692222595e-02,-1.312889531254768372e-02
2.427902631461620331e-02,-1.127354148775339127e-02
-3.873066278174519539e-03,-2.054806973319500685e-04
1.766524836421012878e-02,-8.890000171959400177e-03
-3.479944542050361633e-02,-2.242187596857547760e-02
-3.944091033190488815e-03,-8.312301943078637123e-04
-8.060692809522151947e-03,3.409990109503269196e-03
7.366835139691829681e-03,-4.923140630125999451e-03
-1.185858529061079025e-02,5.154283344745635986e-02
2.897383086383342743e-02,-1.452057249844074249e-02
1.582463644444942474e-02,-1.046833675354719162e-02
-4.935568664222955704e-03,5.526424851268529892e-03
1.989143714308738708e-02,-9.264981374144554138e-03
-4.085046797990798950e-02,-2.212749980390071869e-02
-5.619218107312917709e-03,-1.037114416249096394e-03
-4.024416673928499222e-03,-6.518271984532475471e-04
1.751154288649559021e-02,-8.606242015957832336e-03
-1.223708409816026688e-02,5.724136531352996826e-02
2.060269378125667572e-02,-1.007048413157463074e-02
9.524076245725154877e-03,-6.974802236072719097e-04
-4.576362669467926025e-03,5.285579711198806763e-03
7.519653066992759705e-03,-4.709131550043821335e-03
-4.160593450069427490e-02,-1.154649164527654648e-02
-5.034209229052066803e-03,-2.824413357302546501e-03
-7.458718493580818176e-03,4.974071052856743336e-04
-5.486377980560064316e-03,1.564457267522811890e-02
-1.233636122196912766e-02,5.443312227725982666e-02
2.420010790228843689e-02,-1.220062561333179474e-02
2.139576710760593414e-02,-1.012332830578088760e-02
1.771167106926441193e-02,-8.796251378953456879e-03
1.934198103845119476e-02,3.787606023252010345e-03
-5.500799044966697693e-02,-3.157057613134384155e-02
-6.227051839232444763e-03,-3.985819639638066292e-04
-7.315746974200010300e-03,1.818974706111475825e-04
1.775394007563591003e-02,-7.473951205611228943e-03
-1.653007604181766510e-02,6.464000791311264038e-02
3.217604383826255798e-02,-1.828714087605476379e-02
-9.573186980560421944e-04,1.169894821941852570e-02
-5.187794100493192673e-03,6.006812211126089096e-03
-2.757816109806299210e-03,-9.980493923649191856e-04
-5.409855768084526062e-02,-3.234574571251869202e-02
-7.403467316180467606e-03,-2.874554367735981941e-03
1.773026399314403534e-02,-6.396928802132606506e-03
1.745040155947208405e-02,-8.830602280795574188e-03
1.058289408683776855e-02,3.963432461023330688e-02
2.538985759019851685e-02,-1.278007589280605316e-02
9.799831546843051910e-03,-3.920327289961278439e-04
-3.669869853183627129e-03,4.483913071453571320e-04
2.176740393042564392e-02,-1.212746091187000275e-02
-4.960721358656883240e-02,-2.156992629170417786e-02
-7.151837926357984543e-03,7.893169095041230321e-05
-7.052469998598098755e-03,5.360403098165988922e-03
-4.852933809161186218e-03,5.193691700696945190e-03
1.176386233419179916e-02,3.654765710234642029e-02
-3.747268347069621086e-03,-9.950416861101984978e-04
-1.217811251990497112e-03,-1.262747333385050297e-03
7.001957390457391739e-03,-3.765271045267581940e-03
7.425848394632339478e-03,-4.903196357190608978e-03
-5.908366665244102478e-02,-3.626145794987678528e-02
-4.556868690997362137e-03,-2.042292850092053413e-03
-4.508514422923326492e-03,-4.766787460539489985e-04
-6.759829353541135788e-03,1.192291639745235443e-02
1.909606344997882843e-02,-6.980138365179300308e-03
2.737526036798954010e-02,-1.358857844024896622e-02
-5.144552560523152351e-04,5.024813115596771240e-03
-3.250959562137722969e-03,5.962715949863195419e-04
1.410218141973018646e-02,3.746412461623549461e-03
-1.016203593462705612e-02,-7.811628747731447220e-04
-5.240892991423606873e-03,-8.862259564921259880e-04
-6.535060238093137741e-03,2.550760291342157871e-05
-3.912135493010282516e-03,5.135853425599634647e-04
-6.424223072826862335e-03,8.977091871201992035e-03
2.406674809753894806e-02,-1.194774359464645386e-02
2.074539847671985626e-02,-9.911798872053623199e-03
8.623204194009304047e-03,-5.977044813334941864e-03
6.336807273328304291e-03,2.234446816146373749e-03
-2.971633709967136383e-02,-1.625796221196651459e-02
-6.347692105919122696e-03,-7.979857036843895912e-04
-4.332750104367733002e-03,-3.585579688660800457e-04
1.960597932338714600e-02,-9.817813523113727570e-03
-1.548825111240148544e-02,6.740529090166091919e-02
1.974047347903251648e-02,-9.846474044024944305e-03
4.520609043538570404e-03,6.219401257112622261e-04
1.961034908890724182e-02,-8.345207199454307556e-03
-1.148678478784859180e-03,-2.652997151017189026e-02
-5.531692504882812500e-02,-3.209066018462181091e-02
-7.150463294237852097e-03,-4.781750903930515051e-04
-3.957558423280715942e-03,-8.724106592126190662e-04
7.262628059834241867e-03,-4.615821409970521927e-03
-5.430932622402906418e-03,4.439305048435926437e-03
6.515040993690490723e-03,-7.299285382032394409e-03
2.508680336177349091e-02,-5.231264512985944748e-03
-1.983664929866790771e-03,-2.923809515777975321e-04
9.147607721388339996e-03,6.330423522740602493e-03
-5.897078663110733032e-02,-3.714627772569656372e-02
-5.463676061481237411e-03,-1.077812630683183670e-03
-6.516488734632730484e-03,1.727858092635869980e-03
-4.709876608103513718e-03,5.302150268107652664e-03
-6.355280987918376923e-03,8.693867363035678864e-03
3.041939344257116318e-03,1.305948593653738499e-03
2.180464752018451691e-02,-1.341757643967866898e-02
-3.066577017307281494e-03,5.442082416266202927e-03
2.160735987126827240e-02,-8.887554518878459930e-03
-6.055661290884017944e-02,-3.486820310354232788e-02
-4.781298805028200150e-03,-8.739012992009520531e-04
-6.463425233960151672e-03,7.302832789719104767e-03
-3.950784448534250259e-03,-1.166332513093948364e-04
1.867580041289329529e-02,-2.699995879083871841e-03
3.218036517500877380e-02,-1.792715303599834442e-02
2.496656030416488647e-02,-1.291671860963106155e-02
1.905376464128494263e-02,-9.572661481797695160e-03
-3.212511539459228516e-03,4.422343336045742035e-03
-4.807113856077194214e-02,-2.832238376140594482e-02
-8.793239830993115902e-04,-6.239797803573310375e-04
-9.046000428497791290e-03,3.056102432310581207e-03
-6.933603435754776001e-03,1.441463176161050797e-02
1.478017866611480713e-02,8.709333837032318115e-03
2.732198918238282204e-03,-2.270861528813838959e-03
3.016779199242591858e-02,-1.472955103963613510e-02
6.459285039454698563e-03,-4.467687103897333145e-03
7.324556354433298111e-03,-3.725787391886115074e-03
-3.051107563078403473e-02,-1.778257638216018677e-02
-6.651762407273054123e-03,1.386972959153354168e-03
-6.813561078161001205e-03,1.673055812716484070e-03
-4.835646599531173706e-03,-9.086312638828530908e-05
-5.880480166524648666e-03,1.766528747975826263e-02
2.143510803580284119e-02,-1.096958015114068985e-02
2.028957568109035492e-02,-1.025801710784435272e-02
-3.862172598019242287e-03,-2.809351717587560415e-04
8.372313342988491058e-03,-5.349789280444383621e-03
-5.345338582992553711e-02,-3.178641945123672485e-02
-5.227820482105016708e-03,-1.122788758948445320e-03
-9.313527494668960571e-03,3.600252093747258186e-03
1.804271526634693146e-02,-9.149556048214435577e-03
1.286656782031059265e-02,2.758409455418586731e-02
1.721703447401523590e-02,-8.888931013643741608e-03
2.315407432615756989e-02,-1.251795701682567596e-02
-3.241511061787605286e-03,5.500987172126770020e-04
2.071784995496273041e-02,-1.089151576161384583e-02
-3.130127489566802979e-02,-1.584742031991481781e-02
-7.938847877085208893e-03,1.577721326611936092e-03
-5.153333302587270737e-03,7.445987430401146412e-04
-4.130954388529062271e-03,6.418417207896709442e-03
-8.839727379381656647e-03,2.869319170713424683e-02
1.920371875166893005e-02,-9.780728258192539215e-03
1.149726193398237228e-02,-6.513764616101980209e-03
-4.185786936432123184e-03,7.510203868150711060e-03
-3.689994569867849350e-03,7.880230434238910675e-03
-5.222805589437484741e-02,-3.069726750254631042e-02
-7.399790920317173004e-03,1.943414914421737194e-03
-8.083430118858814240e-03,1.625343807972967625e-03
-5.079670343548059464e-03,4.533440340310335159e-03
-1.700070686638355255e-02,6.416027992963790894e-02
3.116918727755546570e-02,-1.636038720607757568e-02
9.912793524563312531e-03,-5.805723369121551514e-03
1.993465423583984375e-02,-8.461977267870679498e-05
1.987932436168193817e-02,-1.037997100502252579e-02
-3.945638239383697510e-02,-2.158544398844242096e-02
-8.797748945653438568e-03,-5.954132648184895515e-04
-4.044571425765752792e-03,-2.079529367620125413e-04
1.608313992619514465e-02,4.850510042160749435e-03
-5.840744823217391968e-03,8.629657328128814697e-03
2.642189897596836090e-02,-1.366224791854619980e-02
2.447474282234907150e-03,2.507548080757260323e-03
-4.557236097753047943e-03,5.063926335424184799e-03
1.737617701292037964e-02,-8.837186731398105621e-03
-2.923028171062469482e-02,-1.671636477112770081e-02
-6.509567145258188248e-03,1.074816464097239077e-04
-5.167369730770587921e-03,2.959726378321647644e-03
-3.579961601644754410e-03,-7.660955452593043447e-05
-1.110739540308713913e-02,4.210897535085678101e-02
8.361971937119960785e-03,-6.046490278095006943e-03
1.322697661817073822e-02,2.662532962858676910e-03
-4.415478557348251343e-03,5.373211577534675598e-03
1.991888135671615601e-02,-9.391714818775653839e-03
-5.138809978961944580e-02,-3.154366090893745422e-02
-2.848192350938916206e-03,-2.235366730019450188e-03
-5.547203589230775833e-03,-6.672785384580492973e-04
1.751153916120529175e-02,-8.606223389506340027e-03
-1.690322719514369965e-02,7.691250741481781006e-02
1.780364476144313812e-02,-9.199558757245540619e-03
-2.191987441619858146e-04,1.634193584322929382e-02
-4.157170653343200684e-03,4.618978418875485659e-04
1.966470479965209961e-02,-1.151132117956876755e-02
-5.652509629726409912e-02,-3.188133984804153442e-02
-9.974945336580276489e-03,-1.022123498842120171e-03
-5.151069723069667816e-03,4.319413565099239349e-03
1.650921814143657684e-02,-2.670187503099441528e-03
-6.904496345669031143e-03,1.220390573143959045e-02
-4.196231719106435776e-03,7.783425389789044857e-04
2.988142706453800201e-02,-1.675180904567241669e-02
1.065317075699567795e-02,-6.641242187470197678e-03
-5.162314511835575104e-03,-2.106254221871495247e-03
-2.867704443633556366e-02,-1.364683452993631363e-02
-7.221883628517389297e-03,1.431962847709655762e-02
-7.969380356371402740e-03,4.637834616005420685e-03
1.749973744153976440e-02,-8.679052814841270447e-03
-1.243642345070838928e-02,6.144113466143608093e-02
-2.336739562451839447e-03,-1.001770375296473503e-03
2.146588452160358429e-02,-1.073223259299993515e-02
-4.603737499564886093e-03,2.244256250560283661e-02
-6.067492533475160599e-03,1.549415662884712219e-02
-2.961908467113971710e-02,-8.623670786619186401e-03
-6.475623231381177902e-03,-3.219153586542233825e-05
-5.257175769656896591e-03,2.274722792208194733e-04
1.763725094497203827e-02,-8.923705667257308960e-03
-1.816933602094650269e-02,7.724412530660629272e-02
1.042296644300222397e-03,1.026632264256477356e-02
2.714823558926582336e-02,-1.339517254382371902e-02
-2.767692087218165398e-03,5.750523880124092102e-03
-5.524724721908569336e-03,1.343763992190361023e-02
-5.979651957750320435e-02,-3.874643146991729736e-02
-7.696971297264099121e-03,1.080253976397216320e-03
-6.828094366937875748e-03,4.636909579858183861e-04
1.775395497679710388e-02,-7.474001497030258179e-03
-1.006256882101297379e-02,4.838248342275619507e-02
2.471059188246726990e-02,-1.237886585295200348e-02
-2.214571461081504822e-03,3.435833379626274109e-03
1.809464581310749054e-02,-7.933133281767368317e-03
7.581996265798807144e-03,-5.145473871380090714e-03
-4.308117553591728210e-02,-2.581592276692390442e-02
-5.061367526650428772e-03,-8.487218874506652355e-04
-5.600287113338708878e-03,-8.325481758220121264e-05
2.258049510419368744e-02,-1.276396866887807846e-02
-1.170597411692142487e-02,5.435902252793312073e-02
1.946686580777168274e-02,-9.582381695508956909e-03
-6.182738579809665680e-04,3.592486958950757980e-03
1.869550533592700958e-02,-7.229613140225410461e-03
1.942603103816509247e-02,-9.990327991545200348e-03
-3.051109053194522858e-02,-1.778251677751541138e-02
-6.769461557269096375e-03,-2.667224500328302383e-03
-7.374240551143884659e-03,1.875793212093412876e-03
1.994183287024497986e-02,-8.021098561584949493e-03
-4.420037847012281418e-03,4.863065201789140701e-03
4.448122810572385788e-03,2.180018229410052299e-03
2.473309822380542755e-02,-1.322350837290287018e-02
-1.052742358297109604e-03,-2.349332673475146294e-03
1.787476986646652222e-02,-9.095772169530391693e-03
-2.682742662727832794e-02,-1.518685743212699890e-02
-5.395534913986921310e-03,-6.626954418607056141e-04
-9.583692066371440887e-03,3.945460543036460876e-03
1.660140417516231537e-02,-7.370488252490758896e-03
1.076734345406293869e-02,3.246373683214187622e-02
-4.444265272468328476e-03,5.376452114433050156e-03
2.120840921998023987e-02,-1.025464292615652084e-02
-2.152341417968273163e-03,-7.623186684213578701e-04
1.971394196152687073e-02,-9.410270489752292633e-03
-5.978990346193313599e-02,-3.340407460927963257e-02
-8.290542289614677429e-03,-6.666895933449268341e-05
-7.558990269899368286e-03,7.827916415408253670e-04
1.466442644596099854e-02,-6.169802974909543991e-03
-8.896110579371452332e-03,3.797291964292526245e-02
1.952722482383251190e-02,-8.610496297478675842e-03
2.503920905292034149e-02,-1.483940053731203079e-02
1.901564002037048340e-02,-9.699126705527305603e-03
-2.541641239076852798e-03,1.256402023136615753e-02
-4.010230302810668945e-02,-2.587933279573917389e-02
-6.354024168103933334e-03,1.043285825289785862e-03
-1.152858603745698929e-02,4.112862050533294678e-03
7.553007919341325760e-03,-4.915154539048671722e-03
-1.743318140506744385e-02,8.207238465547561646e-02
1.539293583482503891e-02,-7.367083802819252014e-03
3.841558098793029785e-02,-1.607176475226879120e-02
-3.394490806385874748e-03,4.409911634866148233e-04
8.497915230691432953e-03,-4.538526758551597595e-03
-1.038133911788463593e-02,-2.890625037252902985e-03
-5.285907071083784103e-03,-1.722475397400557995e-03
-5.227633286267518997e-03,5.822896491736173630e-04
8.722238242626190186e-03,-6.323270965367555618e-03
-1.170009281486272812e-02,4.549867659807205200e-02
2.593565732240676880e-02,-1.347834337502717972e-02
2.259130775928497314e-02,-9.854628704488277435e-03
-4.098009783774614334e-03,2.704033613554202020e-05
-7.076838053762912750e-03,1.428935490548610687e-02
-6.969701498746871948e-03,-2.550116507336497307e-03
-5.196749232709407806e-03,-2.231538528576493263e-04
-6.581225432455539703e-03,1.509101479314267635e-03
1.993937976658344269e-02,-1.130843721330165863e-02
1.500826887786388397e-02,8.319146931171417236e-03
1.932263374328613281e-02,2.440399955958127975e-03
2.628644229844212532e-03,1.376535184681415558e-02
-4.489163868129253387e-03,6.576117128133773804e-03
2.025241404771804810e-02,-1.120499521493911743e-02
-6.776700727641582489e-03,-2.416620496660470963e-03
-7.164068985730409622e-03,-1.424912596121430397e-03
-8.157726377248764038e-03,1.572635956108570099e-03
-2.757474547252058983e-03,9.765321010490879416e-05
-1.102447323501110077e-02,3.948865085840225220e-02
1.668129302561283112e-02,4.920634441077709198e-03
-4.035491030663251877e-03,1.325892191380262375e-02
1.790918223559856415e-02,-8.477396331727504730e-03
1.934323273599147797e-02,6.298682186752557755e-03
-4.627550952136516571e-03,-9.919704170897603035e-04
-6.952056195586919785e-03,-1.083205686882138252e-03
-7.966799661517143250e-03,2.404720755293965340e-03
1.694935746490955353e-02,-8.471727371215820312e-03
-2.126241661608219147e-02,8.435968309640884399e-02
-3.026749705895781517e-03,-6.748991290805861354e-05
2.530018053948879242e-02,-1.319808419793844223e-02
1.800158619880676270e-02,-8.877501823008060455e-03
2.062962949275970459e-02,-1.279971096664667130e-02
-5.640615522861480713e-02,-3.069490008056163788e-02
-7.466120179742574692e-03,-4.084231797605752945e-03
-7.742800749838352203e-03,2.746036974713206291e-03
-5.596021190285682678e-03,5.634379107505083084e-03
-1.367076952010393143e-02,5.754750594496726990e-02
-3.974376711994409561e-03,-9.279411751776933670e-04
2.246262691915035248e-02,-8.244969882071018219e-03
-2.795169828459620476e-03,8.160982979461550713e-04
1.843868196010589600e-02,-7.858741097152233124e-03
-5.423800554126501083e-03,-1.389125129207968712e-03
3.573371795937418938e-03,-5.791941192001104355e-03
-6.647356785833835602e-03,4.728174462798051536e-05
1.943631842732429504e-02,-9.847752749919891357e-03
1.211386173963546753e-02,2.590315416455268860e-02
1.826381869614124298e-02,-9.332611225545406342e-03
2.320594340562820435e-02,-1.103407610207796097e-02
-3.985443618148565292e-03,6.203305441886186600e-03
2.150969766080379486e-02,-1.139004994183778763e-02
-1.792241260409355164e-02,-1.986326277256011963e-02
-7.129384204745292664e-03,-1.738183083944022655e-03
-4.976368043571710587e-03,1.131908429670147598e-04
-4.938676021993160248e-03,5.763091146945953369e-03
-1.088360231369733810e-02,5.327556654810905457e-02
7.409504149109125137e-03,-3.640120150521397591e-03
1.013601571321487427e-02,-4.762541502714157104e-03
-3.379673231393098831e-03,-6.709533627144992352e-04
1.929617859423160553e-02,-9.929358027875423431e-03
-5.327723175287246704e-02,-3.158314898610115051e-02
-5.666913930326700211e-03,1.020669296849519014e-04
-4.679926205426454544e-03,-2.170536201447248459e-03
1.535965688526630402e-02,4.257255699485540390e-03
-1.041301805526018143e-02,3.790508955717086792e-02
-2.669750014320015907e-03,1.043449621647596359e-03
2.015874721109867096e-02,-1.168014388531446457e-02
-5.189364776015281677e-03,6.960161030292510986e-03
1.796564646065235138e-02,-9.135825559496879578e-03
-1.001428999006748199e-02,-4.083074163645505905e-03
-7.090988568961620331e-03,-1.255240407772362232e-03
-8.428057655692100525e-03,1.423396519385278225e-03
1.751153916120529175e-02,-8.606237359344959259e-03
-6.251528393477201462e-03,1.187987253069877625e-02
2.100587077438831329e-02,-8.986038155853748322e-03
3.020875342190265656e-02,-1.390737295150756836e-02
-3.635833738371729851e-03,-8.057334343902766705e-04
1.890452951192855835e-02,-1.036643050611019135e-02
-6.754399742931127548e-03,-3.058751113712787628e-03
-4.156266513746231794e-04,-5.573166999965906143e-03
-6.663891486823558807e-03,5.056738154962658882e-04
1.605696044862270355e-02,-5.751051008701324463e-03
-1.206006575375795364e-02,4.320349544286727905e-02
-3.047751961275935173e-03,3.833062946796417236e-04
1.478116493672132492e-03,-4.065085668116807938e-03
-3.755782498046755791e-03,-5.593022215180099010e-04
-3.341244067996740341e-03,-4.945607724948786199e-05
-6.277617067098617554e-02,-4.077820107340812683e-02
-1.788853085599839687e-03,-3.473977791145443916e-03
-9.707845747470855713e-03,5.280918441712856293e-03
1.904053613543510437e-02,-8.634924888610839844e-03
-1.897013001143932343e-02,8.375546336174011230e-02
2.968703582882881165e-02,-1.298632379621267319e-02
2.385501936078071594e-02,-1.221865601837635040e-02
1.747840829193592072e-02,-7.989360019564628601e-03
1.860600896179676056e-02,-8.969428949058055878e-03
-2.550439164042472839e-02,-1.407743897289037704e-02
-5.122320726513862610e-03,-2.267035451950505376e-04
-3.868796629831194878e-03,-9.474930702708661556e-04
1.848102919757366180e-02,-7.713180966675281525e-03
-1.609740965068340302e-02,6.725829094648361206e-02
1.736458763480186462e-02,-8.924221619963645935e-03
2.253453806042671204e-02,-1.120468135923147202e-02
-4.348171409219503403e-03,6.959320511668920517e-03
1.791859231889247894e-02,-9.233444929122924805e-03
-6.296479701995849609e-02,-3.976435586810112000e-02
-3.892848035320639610e-03,6.922131869941949844e-03
-6.370797287672758102e-03,5.922915879637002945e-04
-4.190112464129924774e-03,1.783806364983320236e-03
1.264701504260301590e-02,2.138689346611499786e-02
1.926187984645366669e-02,-8.794507943093776703e-03
1.318914466537535191e-03,9.016709402203559875e-03
-5.096930079162120819e-03,5.439083091914653778e-03
8.535929024219512939e-03,-5.827512592077255249e-03
-1.721098460257053375e-02,-8.723830804228782654e-03
-5.623814649879932404e-03,7.946072582853958011e-05
-6.598376203328371048e-03,2.194528002291917801e-03
6.657978054136037827e-03,-1.692304038442671299e-03
-1.310720480978488922e-02,5.654966831207275391e-02
2.538982219994068146e-02,-1.277996134012937546e-02
2.174674905836582184e-02,-1.050490420311689377e-02
-3.914339002221822739e-03,5.904528079554438591e-04
1.866890490055084229e-02,-9.686958044767379761e-03
-7.767931558191776276e-03,4.024906374979764223e-04
-6.087662652134895325e-03,-1.205090433359146118e-03
-6.364570930600166321e-03,-4.642913336283527315e-05
1.758896000683307648e-02,-7.583117578178644180e-03
-1.870569586753845215e-02,7.808392494916915894e-02
1.437517814338207245e-02,-8.343221619725227356e-03
2.161936648190021515e-02,-1.120536774396896362e-02
-4.998129792511463165e-03,5.392965395003557205e-03
2.077347412705421448e-02,-1.179184205830097198e-02
-4.771870747208595276e-02,-2.828094549477100372e-02
-3.351726336404681206e-03,-1.667699310928583145e-03
-7.202607579529285431e-03,1.212326227687299252e-03
1.644757762551307678e-02,-2.678770571947097778e-03
1.354908570647239685e-02,1.220455300062894821e-02
1.731759682297706604e-02,-7.714120671153068542e-03
2.333133295178413391e-02,-1.149893645197153091e-02
-3.894707188010215759e-03,1.152882259339094162e-02
8.362117223441600800e-03,-5.536674521863460541e-03
-6.055658310651779175e-02,-3.486826270818710327e-02
-3.953996114432811737e-03,-2.859273459762334824e-03
-7.058791350573301315e-03,7.291788700968027115e-03
1.756991632282733917e-02,-8.881658315658569336e-03
-1.154198404401540756e-02,4.208844900131225586e-02
-4.019189625978469849e-03,-3.894765104632824659e-04
2.184599824249744415e-02,-1.017204578965902328e-02
1.810067892074584961e-02,-8.006864227354526520e-03
5.188847426325082779e-03,2.319205785170197487e-03
-1.036269683390855789e-02,2.953748044092208147e-04
-5.347345955669879913e-03,-1.379585941322147846e-03
-7.003910373896360397e-03,1.864513498730957508e-03
7.238654885441064835e-03,-4.691348411142826080e-03
-4.673807881772518158e-03,7.634051609784364700e-03
2.144922874867916107e-02,-1.366881746798753738e-02
-3.919664304703474045e-03,-7.807554211467504501e-04
-4.136923700571060181e-03,6.558857392519712448e-03
8.376157842576503754e-03,1.086217630654573441e-02
-4.377151653170585632e-02,-3.225838765501976013e-02
-6.005808245390653610e-03,2.274831240356434137e-05
-7.184350397437810898e-03,2.379058627411723137e-03
1.810947433114051819e-02,-7.579659111797809601e-03
1.058328896760940552e-02,3.355896100401878357e-02
2.003043331205844879e-02,-8.974169380962848663e-03
2.183095738291740417e-02,-9.060491807758808136e-03
8.389349095523357391e-03,-3.327766200527548790e-03
2.098411880433559418e-02,-1.089126244187355042e-02
-4.624627158045768738e-02,-2.967963181436061859e-02
-6.465627346187829971e-03,-2.347537156310863793e-05
-2.958184573799371719e-03,-1.312327221967279911e-03
1.699287444353103638e-02,-8.664177730679512024e-03
-1.300443895161151886e-02,5.510393902659416199e-02
3.131249174475669861e-02,-1.582296937704086304e-02
2.789762243628501892e-02,1.724536705296486616e-04
-4.806239157915115356e-03,1.791346631944179535e-02
7.819274440407752991e-03,-5.574285984039306641e-03
-1.555356197059154510e-02,-4.761863499879837036e-03
-5.801815539598464966e-03,-1.005799393169581890e-03
-7.952122949063777924e-03,1.889537554234266281e-03
-3.738401457667350769e-03,1.193969883024692535e-02
-1.310723274946212769e-02,5.654974654316902161e-02
2.688587456941604614e-02,-1.270941644906997681e-02
2.154198102653026581e-02,-1.030676532536745071e-02
1.820566877722740173e-02,-9.435730986297130585e-03
1.600981689989566803e-02,-1.014552917331457138e-02
-8.598302491009235382e-03,-1.292491680942475796e-03
-3.994768951088190079e-03,-1.610633684322237968e-03
-6.001515313982963562e-03,3.269136184826493263e-03
1.700892485678195953e-02,-6.496581248939037323e-03
-1.649485714733600616e-02,6.783792376518249512e-02
-6.360872648656368256e-03,1.181796193122863770e-02
-7.422704715281724930e-03,1.698178052902221680e-02
-2.025086432695388794e-03,1.075080595910549164e-02
8.694420568645000458e-03,-6.312066223472356796e-03
-2.298620715737342834e-02,-1.250490266829729080e-02
-6.643775850534439087e-03,1.025768433464691043e-04
-3.767417743802070618e-03,-8.270658436231315136e-04
2.038487233221530914e-02,-1.062390021979808807e-02
-1.156921684741973877e-02,3.706329315900802612e-02
2.746666781604290009e-02,-1.468350831419229507e-02
2.515341341495513916e-02,6.316894199699163437e-03
-4.379532765597105026e-03,-4.665273008868098259e-04
-6.528607103973627090e-03,1.383625250309705734e-02
-4.580170288681983948e-02,-2.697061561048030853e-02
-5.510159768164157867e-03,7.131559541448950768e-04
-6.656714715063571930e-03,6.652886804658919573e-05
-7.326968945562839508e-03,1.769617013633251190e-02
-1.363306120038032532e-02,5.910397693514823914e-02
3.086955472826957703e-02,-1.450613047927618027e-02
1.945969276130199432e-02,-1.275641936808824539e-02
-2.480614464730024338e-03,-1.805525738745927811e-03
2.006733603775501251e-02,-1.242199819535017014e-02
-2.655341289937496185e-02,-1.962905190885066986e-02
-6.494862027466297150e-03,2.597465645521879196e-04
-7.223404943943023682e-03,2.410928485915064812e-03
-4.783685319125652313e-03,1.284995116293430328e-03
-1.056523434817790985e-02,3.611824288964271545e-02
7.120033260434865952e-03,-4.994408693164587021e-03
2.229650691151618958e-02,-9.343822486698627472e-03
-1.531781861558556557e-03,-3.367070807144045830e-03
-4.104616120457649231e-03,-2.677133888937532902e-04
-1.694796979427337646e-02,-1.850610971450805664e-02
-4.444101359695196152e-03,-1.966345356777310371e-03
-1.177849899977445602e-02,5.162734538316726685e-03
-7.295078597962856293e-03,1.502195745706558228e-02
-7.951062172651290894e-03,1.820193603634834290e-02
-4.039987456053495407e-03,3.615566820371896029e-04
7.106252014636993408e-03,-4.062588792294263840e-03
1.878271065652370453e-02,-9.785511530935764313e-03
1.870849542319774628e-02,-8.663493208587169647e-03
-1.031445432454347610e-02,-4.316925536841154099e-03
-5.032188724726438522e-03,-2.194943604990839958e-03
-5.228774622082710266e-03,7.607926381751894951e-04
7.198013365268707275e-03,-3.534363117069005966e-03
-4.638868849724531174e-03,3.732948098331689835e-03
5.981196183711290359e-03,-9.530081879347562790e-04
1.829450391232967377e-02,-8.361028507351875305e-03
-3.983036614954471588e-03,8.528302423655986786e-04
2.136689238250255585e-02,-1.183308567851781845e-02
-2.677324414253234863e-02,-1.935156434774398804e-02
-1.980471890419721603e-03,-4.372876603156328201e-03
-8.794445544481277466e-03,5.353056825697422028e-03
1.759078539907932281e-02,-5.944036412984132767e-03
-1.568187400698661804e-02,5.710010603070259094e-02
2.269173599779605865e-02,-1.005905028432607651e-02
3.068015165627002716e-02,-1.901458390057086945e-02
7.370930165052413940e-03,-3.957289271056652069e-03
5.966704804450273514e-03,2.254512906074523926e-02
-4.719487391412258148e-03,-9.915732080116868019e-04
-3.769529750570654869e-03,-4.789376631379127502e-03
-6.626425310969352722e-03,2.246584277600049973e-03
1.751155406236648560e-02,-8.606274612247943878e-03
-9.654513560235500336e-03,3.516663610935211182e-02
3.025556355714797974e-02,-1.559396367520093918e-02
3.304802230559289455e-04,3.441214794293045998e-03
-4.499424248933792114e-03,6.359791383147239685e-03
1.850812137126922607e-02,-9.551867842674255371e-03
-6.009978428483009338e-02,-3.846380859613418579e-02
-5.677542649209499359e-03,-1.019774470478296280e-03
-6.469828076660633087e-03,1.422115601599216461e-02
-6.604902911931276321e-03,2.388053201138973236e-02
1.465402264147996902e-02,4.634577780961990356e-03
2.096997387707233429e-02,-9.361974895000457764e-03
7.491732016205787659e-03,-5.019851028919219971e-03
-4.164776764810085297e-03,-3.516780270729213953e-04
1.833252795040607452e-02,-8.998734876513481140e-03
-9.271205402910709381e-03,-2.748634666204452515e-03
-6.231968291103839874e-03,-7.693461957387626171e-04
-1.124816574156284332e-02,4.807084798812866211e-03
-5.466795992106199265e-03,6.499801296740770340e-03
-7.310481742024421692e-03,1.297541148960590363e-02
2.402162179350852966e-02,-1.212146598845720291e-02
2.075223997235298157e-02,-9.950945153832435608e-03
-3.508989233523607254e-03,-1.049756305292248726e-03
2.120079472661018372e-02,-1.238886453211307526e-02
-3.536089882254600525e-02,-1.883956789970397949e-02
-4.074676427990198135e-03,-1.716734259389340878e-03
-6.517794914543628693e-03,2.744178927969187498e-04
1.761744730174541473e-02,-8.334470912814140320e-03
-7.707058452069759369e-03,1.873559877276420593e-02
2.097541093826293945e-02,-5.776155274361371994e-03
2.246563509106636047e-02,-1.114311162382364273e-02
-4.397416952997446060e-03,7.596608716994524002e-03
8.130092173814773560e-03,-5.110046360641717911e-03
-2.975617907941341400e-02,-1.591740734875202179e-02
-5.296663846820592880e-03,-2.367733279243111610e-03
-5.418500863015651703e-03,2.919969556387513876e-04
1.740771159529685974e-02,-6.521538831293582916e-03
-1.259914133697748184e-02,4.621770232915878296e-02
4.039537627249956131e-03,-4.100029822438955307e-03
1.112651452422142029e-02,-5.986077710986137390e-03
-3.260125638917088509e-03,5.740548949688673019e-03
2.049349620938301086e-02,-1.142619363963603973e-02
-4.771868884563446045e-02,-2.828099578619003296e-02
-4.873277619481086731e-03,-1.434074365533888340e-03
-1.171332900412380695e-03,-4.238437861204147339e-03
-2.979762386530637741e-03,1.805897057056427002e-02
1.202591322362422943e-02,2.801257930696010590e-02
1.914756000041961670e-02,-1.167013682425022125e-02
-4.110163077712059021e-03,-7.882165955379605293e-04
1.763114519417285919e-02,-7.658390328288078308e-03
1.910604164004325867e-02,-1.098267734050750732e-02
-3.586392477154731750e-02,-2.099337801337242126e-02
-5.033527500927448273e-03,-2.571953460574150085e-03
-5.249421112239360809e-03,3.217350167687982321e-04
1.802142709493637085e-02,6.160756107419729233e-03
-1.079232245683670044e-02,3.493300080299377441e-02
-2.332591218873858452e-03,-1.178807811811566353e-03
-8.373765158466994762e-04,4.194908775389194489e-03
-4.552387166768312454e-03,9.593531722202897072e-04
2.135299891233444214e-02,-9.536232799291610718e-03
-2.895574085414409637e-02,-1.700543053448200226e-02
-5.079421680420637131e-03,-1.727769151329994202e-03
-6.998377386480569839e-03,7.031733985058963299e-04
9.339590556919574738e-03,-6.568413227796554565e-03
-1.511366572231054306e-02,6.747537106275558472e-02
1.519254036247730255e-02,-8.458883501589298248e-03
1.710040681064128876e-02,6.119948811829090118e-03
1.977133378386497498e-02,-1.145849749445915222e-02
1.884673349559307098e-02,-8.393092080950737000e-03
-3.555468097329139709e-02,-2.230053208768367767e-02
-3.762055886909365654e-03,-2.535925712436437607e-03
-4.909483250230550766e-03,2.669509558472782373e-04
7.152672857046127319e-03,-4.628849215805530548e-03
1.678054220974445343e-02,-9.819006081670522690e-04
-4.177897702902555466e-03,7.546246051788330078e-04
1.848208718001842499e-02,-1.054878160357475281e-02
-3.477354766800999641e-03,6.292575271800160408e-04
1.783352345228195190e-02,-9.136999025940895081e-03
-4.807117208838462830e-02,-2.832229249179363251e-02
-4.786960780620574951e-03,-8.748098625801503658e-04
-5.450513213872909546e-03,8.627321803942322731e-04
5.261379759758710861e-03,-1.627537538297474384e-03
-1.232438441365957260e-02,5.725266784429550171e-02
-5.624918267130851746e-03,1.390223205089569092e-02
2.284532040357589722e-02,-1.110901311039924622e-02
1.735859178006649017e-02,-8.850404061377048492e-03
-4.270171280950307846e-03,6.790195126086473465e-03
-1.494344510138034821e-02,-7.215918041765689850e-03
-4.570624325424432755e-03,-8.342561195604503155e-04
-5.228769965469837189e-03,7.607823936268687248e-04
7.247838657349348068e-03,-4.687548149377107620e-03
-1.117999665439128876e-02,3.882517293095588684e-02
2.538979239761829376e-02,-1.277986913919448853e-02
7.245248998515307903e-04,6.276218220591545105e-03
-2.303143497556447983e-03,-1.531033660285174847e-03
1.781852357089519501e-02,-9.179582819342613220e-03
-7.403633557260036469e-03,-2.388278720900416374e-03
-5.260525736957788467e-03,-4.779993032570928335e-04
-5.980046465992927551e-03,6.316384533420205116e-04
7.492288015782833099e-03,-5.153222940862178802e-03
-1.214322447776794434e-02,4.574299603700637817e-02
1.920941658318042755e-02,-9.720788337290287018e-03
2.861492522060871124e-02,-1.532346941530704498e-02
1.953561417758464813e-02,-8.322933688759803772e-03
8.223811164498329163e-03,-4.690382629632949829e-03
-5.730473622679710388e-02,-3.417031466960906982e-02
-7.655920460820198059e-03,-6.241761002456769347e-05
-1.026403531432151794e-02,4.768636543303728104e-03
8.967316709458827972e-03,7.714525796473026276e-03
-1.216439250856637955e-02,5.196858569979667664e-02
1.870318129658699036e-02,-1.029821578413248062e-02
2.320589311420917511e-02,-1.103391684591770172e-02
1.877168379724025726e-02,-9.738236665725708008e-03
2.058246918022632599e-02,-1.148939784616231918e-02
-2.798578701913356781e-02,-1.552272308617830276e-02
-6.015597376972436905e-03,-1.240465207956731319e-03
-6.189153995364904404e-03,-1.464621254854137078e-05
8.016513660550117493e-03,-3.344458993524312973e-03
-1.327308267354965210e-02,5.285981297492980957e-02
1.767471618950366974e-02,-8.014042861759662628e-03
4.053859505802392960e-03,2.043545618653297424e-02
-4.155454225838184357e-03,-6.573629216291010380e-04
1.982601173222064972e-02,2.273078542202711105e-03
-5.561927333474159241e-02,-3.190778568387031555e-02
-5.182149820029735565e-03,-9.790904587134718895e-04
-7.784046698361635208e-03,2.544722228776663542e-04
1.809656992554664612e-02,-9.019937366247177124e-03
-2.149296924471855164e-02,8.558421581983566284e-02
2.416526712477207184e-02,1.824615406803786755e-03
1.773418299853801727e-02,-9.007747285068035126e-03
1.824553497135639191e-02,-7.961074821650981903e-03
-6.004210095852613449e-03,1.404130272567272186e-02
-6.758932769298553467e-02,-4.126558825373649597e-02
-8.945663459599018097e-03,-9.546061482978984714e-05
-8.027848787605762482e-03,1.299270428717136383e-03
1.545935031026601791e-02,5.547839682549238205e-03
-6.399448495358228683e-03,8.909374475479125977e-03
1.712903939187526703e-02,-8.514217101037502289e-03
2.229650132358074188e-02,-1.232586521655321121e-02
1.881333068013191223e-02,-1.018219254910945892e-02
1.932868920266628265e-02,-1.050261035561561584e-02
-5.557253211736679077e-02,-2.671191096305847168e-02
-4.478963091969490051e-03,-7.644970319233834743e-04
-5.561285186558961868e-03,2.307984279468655586e-03
1.863105036318302155e-02,-1.014358270913362503e-02
-9.900804609060287476e-03,3.450435400009155273e-02
2.779239416122436523e-02,-1.538134925067424774e-02
1.130381785333156586e-02,-5.031260196119546890e-03
7.998049259185791016e-03,-4.005420953035354614e-03
9.093591012060642242e-03,-4.500211216509342194e-03
-4.856902733445167542e-02,-2.771142311394214630e-02
-3.992419689893722534e-03,-8.685162756592035294e-04
-6.863225251436233521e-03,4.673114162869751453e-04
1.873035356402397156e-02,1.254564151167869568e-02
-1.118604931980371475e-02,3.994791209697723389e-02
3.206187859177589417e-02,-1.950660720467567444e-02
2.233218401670455933e-02,-1.065737847238779068e-02
1.758868061006069183e-02,-8.926838636398315430e-03
-4.880634602159261703e-03,5.204938817769289017e-03
