-9.561893286236395895e+00,1.234949703046082092e-01
-9.612073697460171928e+00,-2.266751487212319560e+00
-1.692422276607979370e+01,-3.702038511309249991e+00
-1.484656581395888963e+01,-4.970985966473152828e+00
-1.571514376889137665e+01,-5.061017637950961046e+00
-1.567938818195782247e+01,-3.844231059286660646e+00
-1.484381975506384421e+01,-3.303318620810282269e+00
-1.468568739802855205e+01,-3.688120942306264638e+00
-1.542548396836088642e+01,-3.979780410168309857e+00
-1.456966903674235603e+01,-3.361406088116788204e+00
-1.444797780506354101e+01,-3.003619037221658683e+00
-1.443027979157981910e+01,-2.637208920337807072e+00
-1.194185888065255696e+01,2.773184714419543173e-01
-1.330319561331405964e+01,-2.158997178264903560e+00
-1.197265047296149199e+01,-1.668261908456571518e+00
-1.454989143767794957e+01,-1.936334746154763753e+00
-1.585787782073057706e+01,-3.418795248516842022e+00
-1.511497879899276420e+01,-4.407373847266319977e+00
-1.376044497475849937e+01,-4.037684871870365733e+00
-1.188634634864491346e+01,-2.493456175329105573e+00
-1.069075070661152793e+01,-1.708660465585219779e+00
-1.070669023882994964e+01,-1.017139394810916198e+00
-1.180052921465463633e+01,-1.432297994404678088e+00
-1.291230423601066057e+01,1.333749018444793322e+00
-9.818869012198026880e+00,-3.828693556857136748e+00
-9.664545859309850329e+00,-5.077055212567429976e+00
-1.021796333029006121e+01,-6.420814567482287849e+00
-1.094145024288957124e+01,-5.834766623522908979e+00
-1.118287547818302130e+01,-5.909096302814037749e+00
-1.042037114500498340e+01,-6.312981027966729997e+00
-1.125387240178088710e+01,-3.430328627549722231e+00
-1.139989218452437747e+01,-1.936952910984447884e+00
-1.234395623604843450e+01,-4.106726997112022381e-01
-1.375473207750401095e+01,-1.457557653740734427e+00
-1.468778368969223180e+01,-1.682313806234673192e+00
-1.555827941165445516e+01,-2.293399293197139865e+00
-1.542224028760256616e+01,-3.858845967730561100e+00
-1.399242152598110422e+01,-4.116962309814799603e+00
-1.169294401641920444e+01,-4.010657655941592736e+00
-1.478659906619691711e+01,-2.948153204201232391e+00
-1.692310232023773153e+01,-2.156165475845214896e+00
-1.721114994326404357e+01,-2.345803549862922388e+00
-1.672863344192809620e+01,-2.913342586654900757e+00
-1.625480754362718727e+01,-4.342470309878120105e+00
-1.625732430877209467e+01,-4.459582587540422693e+00
-1.546955880029048735e+01,-2.658864083255198185e+00
-1.601765202421321277e+01,-4.194604579327434024e+00
-1.548483096093887035e+01,-3.505986551616527613e+00
-1.353530357197909240e+01,-4.034689582366849159e+00
-1.206151336323851275e+01,-3.447741706234473291e+00
-1.177246017685326329e+01,-4.858768210353662909e+00
-1.122235301364161408e+01,-4.109076084428416209e+00
-1.134780636096775730e+01,-4.197321799797681940e+00
-1.179250330618525489e+01,-3.669002475893049287e+00
-1.212921133574376142e+01,-2.780764313604964677e+00
-1.277360121989713271e+01,-2.233492342757178672e+00
-1.584547329272886884e+01,-2.919423288040301045e+00
-1.359483327528333341e+01,-1.075412703853725560e+00
-1.208957709995089047e+01,-5.367168305307372655e-01
-1.046943600848009837e+01,-4.124533966063974599e-01
-9.682501921033153991e+00,-6.894731008482627432e-01
-9.553872728922717883e+00,-9.588640567778826673e-01
-8.500530060967729895e+00,1.243134945966099414e+00
-8.717725267277806722e+00,-1.175583456873106059e+00
-1.078444328535550056e+01,1.999779469205974269e+00
-9.215414278425017258e+00,3.603740722286904230e+00
-9.152804429953047105e+00,3.758454156934787349e+00
-1.729679217647460376e+01,-1.864864028950149910e+00
-9.664323782620694914e+00,2.945325716220462908e+00
-1.010533892572770398e+01,1.520605799856756368e+00
-1.852933055633901205e+01,-2.442789518981500763e+00
-1.704682475243992812e+01,-4.991801513222393183e+00
-1.737380109769155823e+01,-2.165058525093584318e+00
-1.709805326311020934e+01,-2.880623226122817737e+00
-1.809844658046002053e+01,-3.969177540078840938e-01
-1.764221026882018606e+01,-2.138481631240340519e+00
-1.678726523450273689e+01,-3.885900745383039645e+00
-1.680949709042496210e+01,-4.174177650379085946e+00
-1.528252029292027281e+01,-6.462565952877363351e+00
-1.528855786100693770e+01,-8.948617735815117769e+00
-1.412623323071144732e+01,-7.047697011192302519e+00
-1.353557851883761742e+01,-2.774143527252006081e+00
-1.408614724299672183e+01,-2.943150397200584134e+00
-1.569687515689730084e+01,-2.923812961087281614e+00
-1.703652912260489671e+01,-2.889985630159164653e+00
-1.480773256600392429e+01,-2.847576841623207233e+00
-1.077863673095771802e+01,-1.399834480649496227e+00
-1.193418794800819960e+01,7.733158849720135342e-01
-1.434603508663589189e+01,1.253394043301088612e+00
-1.524111005251369555e+01,1.215123539273236908e+00
-1.533504236244424490e+01,2.714180843728819958e+00
-1.640197582135058596e+01,3.381543036572604244e+00
-1.685234040057188309e+01,4.283808147426372948e+00
-1.713097241926510961e+01,4.444777967498067639e+00
-1.819967223169058457e+01,3.711947932435660125e+00
-1.585057218069058038e+01,-2.706947158385999419e+00
-1.864410138480325685e+01,2.723859151032932857e+00
-1.999147877073761137e+01,5.137669051568773071e+00
-2.026968418572276320e+01,4.681125232774755673e+00
-1.953087635044470360e+01,2.714816265743444479e+00
-1.897081846696131535e+01,2.702470841124426926e+00
-1.818502099248602022e+01,2.235389105329645520e+00
-1.713353847361318927e+01,1.969354448043191042e+00
-1.764773069786208737e+01,1.265356947581809166e+00
-1.805837959453418406e+01,-1.357045703457322894e+00
-1.859223232064874054e+01,-2.661331152381906318e+00
-1.549897146669241366e+01,-2.044702136688278937e+00
-1.947550664550694677e+01,-2.653046681660859996e+00
-1.889735008822270856e+01,-2.236651178113115535e+00
-1.892038416745251794e+01,-2.181880302683518735e+00
-1.925214762642909605e+01,-3.010180886221967889e+00
-1.840764132143838694e+01,-1.387256403761272683e+00
-1.761145167673129919e+01,-1.462639904829316606e+00
-1.677709526032871779e+01,-6.947978544630535325e-01
-1.634680767909598842e+01,-1.245818225624805153e+00
-1.546878395022016406e+01,-2.357353023870431219e+00
-1.501486497623999306e+01,-2.856472458999275599e+00
-1.612207963590738302e+01,-2.245364655744301441e+00
-1.466018420538108913e+01,-4.196080716745989037e+00
-1.221909122851848295e+01,-3.973587015337826767e+00
-1.104690352708938761e+01,-3.631068873700044719e+00
-1.251524878088042847e+01,-2.833224259177465232e+00
-1.188583533982699336e+01,-2.390085861182730920e+00
-1.204918649164868860e+01,-2.221175953516564938e+00
-1.122056058125691536e+01,-2.759406939032868156e+00
-1.386600357869987654e+01,-5.914670924651568296e-01
-1.412651826932522070e+01,5.218664023940845498e-01
-1.424162406174813889e+01,3.793214142312083537e-01
-1.636372019008062750e+01,-5.524465361137993469e-01
-1.465629855749025801e+01,1.598653714269241632e+00
-1.509787298927717814e+01,3.169794499260604859e+00
-1.606288905173058268e+01,4.928164392641008362e+00
-1.642494840688045343e+01,4.401440741896951891e+00
-1.689332136900926784e+01,4.599879450852175644e+00
-1.823399137085343469e+01,4.477452138406971649e+00
-1.771394602869416701e+01,4.579602087363833007e+00
-1.683015965834264094e+01,3.897407088392667251e+00
-1.677974019625052193e+01,2.751879197178325409e+00
-1.670902658801445639e+01,2.443650424154265366e+00
-1.663242657192368767e+01,-7.849430006659043890e-01
-1.754137355051627978e+01,2.709456054222179500e+00
-1.849499479502852495e+01,5.889752546514905873e-01
-1.792894090471774859e+01,-1.136695917461638894e+00
-1.801130219723010129e+01,-2.034882982894403280e+00
-8.880594206002426105e+00,-2.794076333116566779e+00
-1.084200682516043202e+01,-2.596032880218924532e+00
-1.000184403695629598e+01,-3.425114528173972772e+00
-9.795434737263700953e+00,-3.275171693842041876e+00
-9.875104390449374492e+00,-1.318498672156352303e+00
-1.080682776375212661e+01,-7.650882811979140552e-01
-1.104472747473946725e+01,-5.510227449128131116e-01
-1.120341915349501072e+01,-8.892696543124628539e-01
-1.101291595912934262e+01,-8.964749488857679527e-01
-1.084646825199351028e+01,-1.294958035628134496e+00
-1.127615069752148358e+01,-1.475794655970365632e+00
-1.149416471247301530e+01,-6.443523694622825815e-01
-8.855435107125401828e+00,-1.042089438668927892e+00
-1.131416662116568084e+01,-1.166447559049210714e+00
-1.141159427069843346e+01,-1.292827997529552686e+00
-1.169838467741211119e+01,-1.419688558085561159e+00
-1.206908622992402158e+01,-1.325472858797563269e+00
-1.223952414780139542e+01,-1.311525475068935798e+00
-1.234476663348266179e+01,-1.065113339631163392e+00
-1.246036046441158973e+01,-1.250342919108375250e+00
-1.273833715110590958e+01,-1.234355452433039568e+00
-1.248677943019175451e+01,-1.365921105663063795e+00
-1.292451104763057046e+01,-1.118805633087061491e+00
-9.632630584861470169e+00,-4.514729177549033912e-01
-1.266040969572447672e+01,-1.518892833648244345e+00
-1.250833440923183737e+01,-1.012952156841101514e+00
-1.228967421565397977e+01,-1.397760552607014706e+00
-1.259121203677649703e+01,-9.923387323441241747e-01
-1.173432098307952032e+01,-8.069699070393142604e-01
-1.217196740464898141e+01,-9.284207875878862648e-01
-1.184206562620686221e+01,-1.161255093461919463e+00
-1.144879696961185545e+01,-1.252648532322664821e+00
-1.124357859201800558e+01,-1.359231962053276455e+00
-1.170092641700987457e+01,-1.233915713576415829e+00
-1.040620172759026829e+01,-9.221174212294901418e-01
-1.117563677107558107e+01,-1.356248688560094173e+00
-1.124243758937395476e+01,-1.205757836724249632e+00
-1.139285617433195696e+01,-1.321290297647455425e+00
-1.138264982227567224e+01,-1.339925480419537962e+00
-1.102568534975073433e+01,-1.619855667048845760e+00
-1.079948786630227353e+01,-1.543816819256393247e+00
-1.047664188912842143e+01,-1.721135246015978559e+00
-1.063091040379750751e+01,-1.808502950332081527e+00
-1.097028569903036477e+01,-1.712345849582245449e+00
-1.082057271304782553e+01,-1.514131910702684936e+00
-1.108639791478159431e+01,-4.724249551901589239e-01
-1.113850230425222421e+01,-1.600183923734301406e+00
-1.129500108468257302e+01,-1.808229798144218581e+00
-1.197364969220566344e+01,-1.780851141891624412e+00
-1.165857224241892354e+01,-1.004808918417990471e+00
-1.127439059350576400e+01,-5.106821447864613450e-01
-1.120567095383164613e+01,-8.973013205455000474e-01
-1.178165374416401256e+01,-6.392583703675192019e-01
-1.237377996486271314e+01,-1.353472141983920407e+00
-1.223030838621273908e+01,-9.632533372981781916e-01
-1.179479765733495711e+01,-1.363809727721706722e+00
-1.102137683253935840e+01,-1.811292219742726806e+00
-1.172960717290781574e+01,-4.633883440693014055e-01
-1.068519925682530136e+01,-7.457316253582790821e-01
-1.084852303688227337e+01,-1.994835811605216724e+00
-1.206847713600409833e+01,-1.691060138142369773e+00
-1.175005121289048660e+01,-2.767148506969350219e+00
-1.098432125907012136e+01,-1.341657105312723974e+00
-1.139845078162197112e+01,-1.864215665243267317e+00
-1.147068721890106779e+01,-1.505467710494272193e+00
-1.206365037828035014e+01,-3.575681710206101371e+00
-1.110300649138718043e+01,-2.239195824525141099e+00
-1.096485031565768153e+01,-3.749918442629033954e+00
-9.529393073582985707e+00,-1.790341999434524434e+00
-1.004686084163328985e+01,-1.858389372781448223e+00
-1.045065361485591993e+01,-3.335403382851486853e+00
-1.063779567196225173e+01,-3.208877715571735401e+00
-1.261747660860427267e+01,-1.236644090087631875e+00
-1.161629049374124811e+01,-1.412844851180095063e-02
-1.722807734081172271e+01,-2.175188840543305524e+00
-1.653374301370296351e+01,-8.989219180922169983e-01
-1.565931348444943438e+01,-9.553486358233560516e-01
-1.374717395176012680e+01,-4.872855724544469247e-01
-1.336855619561408659e+01,-1.546541823627453738e+00
-1.439408998638066528e+01,-3.962317099111926755e+00
-1.528964907967091769e+01,-5.298221928230409716e+00
-1.506776303497359848e+01,-6.071142350987799752e+00
-1.543299866931009490e+01,-6.356221536465055166e+00
-1.536037260406061300e+01,-6.777750883373204971e+00
-1.053852745237594313e+01,-1.029645846853228131e+00
-1.636787219875739652e+01,-6.520709667923420660e+00
-1.584384594795673884e+01,-6.315672331551944296e+00
-1.433843716303471183e+01,-5.572706809443211284e+00
-1.316404867261971745e+01,-5.457871338966502783e+00
-1.031094719892795020e+01,-4.546880457631760741e+00
-1.076230945411470508e+01,-1.834207976611956337e+00
-1.133956200104395151e+01,-1.302771363885151246e-01
-1.311413700255941883e+01,-6.561015654650881324e-01
-1.313152722908141001e+01,9.464231536549361223e-01
-1.331938461799582818e+01,5.727810419159928834e-01
-1.085872736270937011e+01,1.879374133229160693e+00
-1.340363925787990418e+01,2.488724952802461310e-01
-1.433855123267007414e+01,1.319634447246889497e+00
-1.307932318257284976e+01,2.450345351941578542e-01
-1.271120913423223442e+01,6.981146974097853786e-01
-1.239653351442773044e+01,2.207863064464019143e+00
-1.237009955219545354e+01,3.355550624433800699e-01
-9.705533415937216191e+00,-2.137901281502005979e-01
-9.735653124413889969e+00,1.787978756492238919e+00
-1.032382676981126046e+01,2.220423397857573367e+00
-1.091055093095025086e+01,3.166702661997582879e+00
-1.109672550740199171e+01,1.849934176052786761e+00
-1.145542978375554810e+01,3.775022167725099020e+00
-1.157258352843390448e+01,4.041508827266959258e+00
-1.240219955807721419e+01,3.285174916421675473e+00
-1.249970951728076507e+01,1.263082387507951321e+00
-1.229538710112806754e+01,-3.314750084637864802e+00
-1.655026081936382099e+01,-1.158302164812481827e+00
-1.652806222098980626e+01,2.066994097695418198e-02
-1.804798588695989636e+01,-2.099738173511613404e+00
-1.727787991532746048e+01,-2.891600911799351081e+00
-1.634754732343406758e+01,-2.630502453646454519e+00
-1.179553913058049730e+01,-1.995223163012863843e+00
-1.594641450614616573e+01,-3.192704695779953195e+00
-1.653341849896111881e+01,-3.627514635031497292e+00
-1.642108171365690694e+01,-1.464463416860353862e+00
-1.689933686651224320e+01,-1.442601371694906875e+00
-1.619281364780021093e+01,-1.033697551294713524e+00
-1.658768467471450236e+01,-3.564409325985920418e+00
-1.378303892932351538e+01,-2.708712640155362728e+00
-1.410665707505362221e+01,-2.140000328307263722e+00
-1.408844171195044481e+01,-5.860187300342549754e-01
-1.811018822522495952e+01,-1.866544338226898914e+00
-1.536738069764470893e+01,-1.043099961577232282e+00
-1.880308079822808054e+01,-6.800953705085397427e-01
-1.846254462846913569e+01,1.150045163044466356e-01
-1.697917644611073129e+01,1.831169734289143758e+00
-1.576849034288130724e+01,1.747624446554587152e+00
-1.533775873472552753e+01,5.529690205160981975e-01
-1.786574161972174224e+01,-1.923132811557447752e+00
-1.367560766845785203e+01,-7.020566453156997788e-01
-1.102331983908100810e+01,2.091382463016553395e+00
-1.111942424903650917e+01,2.135953648207352895e+00
-1.045722976379205527e+01,2.967301635540217308e+00
-1.785814055737963457e+01,-4.225503614427298160e+00
-1.193593408635700470e+01,5.029106109670507863e+00
-1.352403720754448280e+01,2.491937240261241193e+00
-1.754839801002426114e+01,-1.931141083384089630e+00
-1.560629719282417049e+01,-1.571414919370266894e+00
-2.210083184942821788e+01,-5.795184848806527178e+00
-2.349575070283978917e+01,-5.516482536452847363e+00
-1.635536028355352300e+01,-5.495546022642708195e+00
-1.655435731583990844e+01,-4.252831226196776448e+00
-1.741417233606729198e+01,-3.510657659302490075e+00
-1.637647346511168678e+01,-3.252813576304366183e+00
-1.631495563890198852e+01,-5.987384468223344136e+00
-1.873158816542569483e+01,-3.873570174746897354e+00
-1.815933426853365873e+01,-3.117083036209046032e+00
-1.970966387583247226e+01,-4.173733811942467398e+00
-1.746479789629744772e+01,-6.881852566677262750e+00
-1.695355616804491916e+01,-4.987450518825466972e+00
-1.978041573503477579e+01,-5.885792623187651174e+00
-1.414391338952295740e+01,-5.844982098028223660e+00
-1.430905712153658449e+01,-7.486101468700711692e+00
-1.543624130603026323e+01,-6.706670735282681761e+00
-1.545205322851344398e+01,-5.635294948520470193e+00
-1.473380148693207659e+01,-4.658596056433100152e+00
-1.441711332409241386e+01,-3.491032221804239555e+00
-1.475289606710710011e+01,-2.480915379548677357e+00
-1.564591273979110575e+01,-1.352030314250755039e+00
-1.579271175707737740e+01,-7.052764811592726613e-01
-1.444798857824143212e+01,-1.700793121238604932e+00
-1.878067017488519497e+01,-6.167945550846248182e+00
-1.486987351622452280e+01,6.700733169558497071e-01
-1.315785392819689648e+01,-8.839180178196508475e-01
-1.560598619167630652e+01,-5.182350179940894641e+00
-1.930012213670864440e+01,-7.995687341214678057e+00
-2.031924037993517729e+01,-3.761460156296534407e+00
-2.017153967514994761e+01,-3.124836384547814205e+00
-2.165648868147184558e+01,-5.953934675627762019e+00
-2.115207643528901471e+01,-6.394772343384961033e+00
-1.984924440822227254e+01,-4.598500921429330646e+00
-1.760141542300806350e+01,-5.725479607665144854e+00
-1.682292844099410090e+01,-7.728850049779105724e+00
-1.677461706422090160e+01,-7.678743380928554352e+00
-1.470242599493420244e+01,-5.587148763910914084e+00
-1.369713118066290569e+01,-5.756209908381657137e+00
-1.270747793827546701e+01,-6.386297031619392328e+00
-1.248164030000769031e+01,-4.994596073506216705e+00
-1.300101354996883884e+01,-4.976325609043884768e+00
-1.334239298172336419e+01,-4.828922790873674487e+00
-1.393915161884925702e+01,-3.707954173952341836e+00
-1.528055947441036366e+01,-2.531559969546177236e+00
-1.639924003496633276e+01,-4.346070964067959785e+00
-1.682106256074623118e+01,-6.766060386169900909e+00
-1.526934906246897583e+01,-4.371330408411674640e+00
-1.524023703156531440e+01,-6.379330151036423757e+00
-1.796193937832125442e+01,-6.056890431343338932e+00
-1.931178612506170111e+01,-4.563591570858869240e+00
-1.977047576732523382e+01,-4.903765907218144093e+00
-2.196743562181598719e+01,-7.289762010314895235e+00
-1.845374459727723959e+01,-6.022848757836271716e+00
-1.528635575040715544e+01,-7.000014908168148864e+00
-1.433680571868258724e+01,-7.193200058369813021e+00
-1.467591510078478123e+01,-6.668363199652270978e+00
-1.621135780487636424e+01,-6.652756689006655400e+00
-1.330450759966203123e+01,-5.688034551731892208e+00
-1.290162570481494697e+01,-3.988269932044139487e+00
-1.350450890682585126e+01,-3.183615361468653759e+00
-1.357334441117412993e+01,-2.864328109824067603e+00
-1.353129822342061495e+01,-2.221599411857227313e+00
-1.385554374772754294e+01,1.514457005629399333e-02
-1.467967046331650138e+01,4.497904038863120846e-02
-1.456606775598237213e+01,-1.457069706532846620e+00
-1.780633617646898159e+01,-2.998682977980377196e+00
-2.042745708734302568e+01,-4.660932940725265539e+00
-1.532904847535299453e+01,-5.969126498442225426e+00
-2.145246541390976702e+01,-4.224585991771439453e+00
-2.119246637505339237e+01,-4.849781200616643417e+00
-1.584663263745927964e+01,-5.426627353071926230e+00
-1.532012320155043916e+01,-4.819938109399715565e+00
-1.155755675356519241e+01,-5.498984407681227538e+00
-1.106961720293776352e+01,-5.866952311215618998e+00
-1.010777275463167513e+01,-6.394669710311397637e+00
-1.039340024715304445e+01,-6.303057040188818405e+00
-1.035275437225875272e+01,-6.198014806805021593e+00
-1.044478966044798440e+01,-5.970539751981329246e+00
-1.158391502671276818e+01,-5.564749818812140703e+00
-1.105093989344709726e+01,-5.481678761571593839e+00
-1.050036469779762527e+01,-5.513226658376440881e+00
-1.059921476022429765e+01,-5.510135846928761794e+00
-1.078142356182508799e+01,-5.501375478372628081e+00
-1.063430386648072812e+01,-5.623939012165195983e+00
-1.025069339626272580e+01,-6.000033516145155232e+00
-1.020839840641287388e+01,-5.204555793820572873e+00
-1.017277475262220321e+01,-5.307773349557750819e+00
-9.949661661222517495e+00,-5.436502073550845360e+00
-9.694951693142405347e+00,-5.351937888514504138e+00
-9.479534078855246904e+00,-5.387293063531751081e+00
-9.537797074155855981e+00,-5.287158237518146287e+00
-1.004241107739847649e+01,-5.406109455857106560e+00
-1.026502826098342602e+01,-5.378048094000202894e+00
-1.029744283894750545e+01,-5.453801394044621276e+00
-1.052111045744370799e+01,-5.546738433006450641e+00
-1.035431211841416399e+01,-5.878118713690852815e+00
-1.051886713899672010e+01,-5.822078712053945893e+00
-1.047578126005882915e+01,-6.074791848934354199e+00
-1.082303057618129571e+01,-6.065495563878402052e+00
-1.155581702375523356e+01,-6.412260179766357204e+00
-1.043031399635913203e+01,-6.621051612276305676e+00
-1.022820423132116829e+01,-6.346735488271392001e+00
-1.061110283538968346e+01,-6.318307163201825283e+00
-1.006275602063709407e+01,-6.308041673157907425e+00
-1.047706692604298695e+01,-6.493144334262236583e+00
-1.078922920925981899e+01,-6.494913939172400674e+00
-1.046257052844610591e+01,-5.853270434193772687e+00
-1.065744835164078808e+01,-6.142006153462847173e+00
-1.062154564368070808e+01,-6.189923019657044279e+00
-1.031386236365716869e+01,-6.345404141568538492e+00
-1.017182935177774716e+01,-6.076816193263604227e+00
-1.002653109511362395e+01,-6.166857038729693485e+00
-9.544235299614546975e+00,-6.335949142833928960e+00
-9.855332540221288795e+00,-6.602168631687187705e+00
-1.017559597048385633e+01,-6.645486301820503705e+00
-1.068426629608566181e+01,-6.633595771913793016e+00
-1.090065230656253803e+01,-6.806422719297786195e+00
-1.010067185798345157e+01,-6.407722126570316590e+00
-1.104247006693134558e+01,-6.949814602790005402e+00
-1.109845355438912939e+01,-6.923655664357004191e+00
-1.118046287204190747e+01,-7.079642782157105074e+00
-1.111508418390780761e+01,-7.049257799636600375e+00
-1.172057320648726986e+01,-7.489275760496656886e+00
-1.195283439284486882e+01,-6.890483638369682140e+00
-1.156899684359235358e+01,-6.875192477957165593e+00
-1.085666108014797793e+01,-6.626506598238396606e+00
-1.001989505313970064e+01,-6.577677621512200368e+00
-1.021872882966606788e+01,-6.705534412403438616e+00
-9.669260143642750549e+00,-6.482235360543086244e+00
-9.260198020037293531e+00,-6.605103203524761213e+00
-9.966284704162116981e+00,-6.757131646720249130e+00
-9.563927514323168566e+00,-6.123096381293821722e+00
-9.710477320926422351e+00,-6.644499136504837367e+00
-8.954715790377326456e+00,-6.688013854229037491e+00
-9.739014638646096955e+00,-6.900032876457152575e+00
-9.002755234234300019e+00,-6.763413310080321317e+00
-1.022885950441805747e+01,-6.887345728505515297e+00
-9.348762424739467392e+00,-6.667600438391486861e+00
-9.181901508212963137e+00,-6.512910368837042441e+00
-9.279049726603435744e+00,-6.089453163097881649e+00
-9.249438460289534092e+00,-6.575107827990802178e+00
-1.207351726331919473e+01,-6.372346332811930303e+00
-1.000969972753994952e+01,-6.204983792260569508e+00
-9.794328198186542878e+00,-6.236318214692910367e+00
-8.577889100158344604e+00,-9.472131274057176142e+00
-8.965963877517788561e+00,-1.014373152110859522e+01
-9.980108381150042618e+00,-7.998758167393945406e+00
-9.506047611814782528e+00,-7.996079989385704856e+00
-9.980090156131424806e+00,-8.120128445693785224e+00
-9.983735613215923621e+00,-7.547691964346675775e+00
-9.107280188128855869e+00,-7.589053023046249180e+00
-9.436078961614505545e+00,-8.162430948495194016e+00
-9.412662265962488561e+00,-8.530710363416124764e+00
-9.543468854861258066e+00,-8.809280853068198525e+00
-9.278086774248052393e+00,-7.302196975194744866e+00
-9.124340206684470544e+00,-7.706131779573839324e+00
-8.645941337338864940e+00,-9.613544380552470514e+00
-9.115621225948796535e+00,-6.959592709244656561e+00
-9.055450837919281071e+00,-7.515856512431650316e+00
-9.099434940135557426e+00,-7.389120679093696076e+00
-8.713514224060064706e+00,-7.099220344100455549e+00
-8.930798085260111208e+00,-7.472416320960608260e+00
-8.634735248805114338e+00,-7.612058163717842163e+00
-8.624658710891839775e+00,-6.840265905911110167e+00
-8.522578200043717800e+00,-7.350399177826009378e+00
-8.867389452943859496e+00,-7.322076870118700676e+00
-8.670738584961544149e+00,-7.044358410578818841e+00
-9.088033790228163156e+00,-9.813826748971743896e+00
-8.750448852556658608e+00,-7.112166152136317976e+00
-8.587616689302883799e+00,-7.143568370185604088e+00
-8.237444583953964283e+00,-7.350153681605068101e+00
-8.940755938749497034e+00,-6.520593784106109680e+00
-8.629233319228386989e+00,-6.872948844384416667e+00
-8.393996474027169086e+00,-6.837989187078532538e+00
-9.170425058330774704e+00,-6.310047083435580184e+00
-8.712396046589690357e+00,-6.668344523204957852e+00
-9.601460588728565781e+00,-6.418378013624012723e+00
-9.321952301745442426e+00,-6.185250620176342196e+00
-8.650225644350989285e+00,-9.577691394725349028e+00
-9.656985755217666778e+00,-6.284327355213649824e+00
-9.183635518269477771e+00,-6.313588773030590851e+00
-9.405515170257864099e+00,-6.377378178872358916e+00
-9.664241734039972442e+00,-6.215325572695896028e+00
-9.216996463070994849e+00,-6.269195901162754936e+00
-9.332632502813185127e+00,-6.476520331956123755e+00
-9.501642757418593987e+00,-6.321617726826000982e+00
-9.499683500180125861e+00,-6.385669340861905852e+00
-9.655771056217588466e+00,-6.170635722040293203e+00
-9.598217946118197119e+00,-6.171791709356057254e+00
-9.256948191381528801e+00,-7.968136923751618639e+00
-9.379900571818506450e+00,-6.134455910303657333e+00
-9.303954453439658323e+00,-6.471638891077502009e+00
-9.280026008299939733e+00,-6.442345865704946384e+00
-8.959034111069223982e+00,-6.536194958137453881e+00
-9.400113352173395498e+00,-6.495659882344334335e+00
-9.265692901068005582e+00,-6.654394491830917246e+00
-9.154506634004784260e+00,-5.630961234501150159e+00
-9.265488502897239798e+00,-6.056661856934011823e+00
-8.657749615372386742e+00,-6.049141907815581476e+00
-8.822011720301555115e+00,-6.125069474982915985e+00
-9.835761700469991098e+00,-8.553350078217556884e+00
-8.504217541876364805e+00,-6.007889247960214618e+00
-8.885675703145260229e+00,-6.210987859966273561e+00
-8.184309049980823758e+00,-6.215642182051524856e+00
-8.686652955713229929e+00,-6.135406165410128843e+00
-8.034808842360694925e+00,-5.994357370800704743e+00
-8.285163553010804094e+00,-6.685233143533751310e+00
-8.581427137828647744e+00,-6.330889412929423088e+00
-8.052870924023222798e+00,-6.569643951138225191e+00
-8.409968330288956295e+00,-8.463348195695761689e+00
-8.778167564846814486e+00,-8.812947373696060183e+00
-1.004044404767145870e+01,-8.749613827455171133e+00
-8.551780064981990392e+00,-8.221285001919817148e+00
-8.749652221995054546e+00,-8.605486612724655870e+00
-1.012845786140402460e+01,-7.663483799540991015e+00
-1.023911707619095246e+01,-7.996786147194010042e+00
-9.609714451019366166e+00,-5.663798964515426526e+00
-9.283807925330968658e+00,-6.132738045656616954e+00
-9.573219047459343045e+00,-5.577117256585385263e+00
-9.977355337212706843e+00,-5.610835218258657164e+00
-1.089468077352090702e+01,-5.726548646040443558e+00
-1.197454433129665219e+01,-5.596170718738772365e+00
-1.083270869499897060e+01,-5.793566984313141432e+00
-1.161019611466454826e+01,-5.361937133735814598e+00
-1.102347584105831224e+01,-5.319420212887251864e+00
-1.276740988369195051e+01,-5.442015350416006925e+00
-1.148653110603330774e+01,-5.241076180392643558e+00
-1.143193027850192145e+01,-5.117539542805139341e+00
-9.391708493862994445e+00,-5.796557972497273781e+00
-1.021981981272200457e+01,-4.848000192277062581e+00
-1.113660547099734544e+01,-5.209366977576391555e+00
-1.263517555568488149e+01,-5.886642803040405880e+00
-1.359628297490218429e+01,-5.951347840650045740e+00
-1.178360222270253033e+01,-5.762536076444957800e+00
-1.232332587722317108e+01,-6.051150183676110572e+00
-1.236058507494596626e+01,-5.999357315163597271e+00
-1.284314508130756138e+01,-6.134212198077386269e+00
-1.219919050068935640e+01,-6.548102684486404534e+00
-1.082799592150266399e+01,-6.756474628651264247e+00
-9.383512820869299276e+00,-6.134622533049901350e+00
-1.218546807552283084e+01,-6.828918071159371550e+00
-1.035486197016352250e+01,-6.704699195134138812e+00
-9.914599838377787577e+00,-7.040403245797811849e+00
-9.640843221634458615e+00,-6.675161014436033824e+00
-9.292936417699474205e+00,-5.976289873834501165e+00
-9.263429337263412222e+00,-6.057507171480622787e+00
-9.160656919212378568e+00,-6.319230578502371465e+00
-9.374665691629049391e+00,-6.427727329633414755e+00
-9.297421263972303507e+00,-5.797185915060856232e+00
-8.246921748988027545e+00,-5.918089503152461184e+00
-8.861099100984894505e+00,-5.676024383280744878e+00
-8.911393690812749568e+00,-7.120449100240367812e+00
-8.882947883258054844e+00,-7.370259127792614606e+00
-9.061334368410721041e+00,-6.834553155911648581e+00
-8.810447989062177854e+00,-7.157943670400884528e+00
-8.326021342616762411e+00,-7.337906279136531040e+00
-9.012182666091277383e+00,-6.668478604798703913e+00
-8.848945401308707659e+00,-6.628239954850716487e+00
-9.023438416383426031e+00,-6.485071217947472988e+00
-9.253339964601842382e+00,-6.261477863107293373e+00
-9.046193912659926895e+00,-6.753214190270691475e+00
-9.675944249658009255e+00,-6.149165392553403109e+00
-9.688413004412993246e+00,-6.612305123012808927e+00
-9.791319648367702300e+00,-6.942867734901701837e+00
-9.647274237486952231e+00,-7.271074360576120554e+00
-1.001008965885569779e+01,-7.179347624683630968e+00
-9.724403594174150456e+00,-6.926226644385795161e+00
-9.622326832439053845e+00,-6.904747295528403050e+00
-9.480781576335985505e+00,-6.680499044564203182e+00
-9.416832322215565654e+00,-6.795772260064447678e+00
-9.036864211020329662e+00,-6.483214720790028807e+00
-9.338303783587763363e+00,-6.758068564202504902e+00
-9.198872261506513937e+00,-5.922721274602631425e+00
-9.670818278551429614e+00,-6.143156256467665166e+00
-1.076296583903308068e+01,-6.440842121649904328e+00
-1.116411402974597422e+01,-6.371786440110304817e+00
-1.235676516169990613e+01,-6.787729166841190320e+00
-1.111219284909173410e+01,-6.777532427593165210e+00
-1.208069294196114818e+01,-6.818112897693954011e+00
-9.574974515886765403e+00,-6.720582334566805649e+00
-9.385244916978580321e+00,-6.306561933881352111e+00
-9.980926801774504753e+00,-6.095229633523409518e+00
-1.003296253506059621e+01,-5.893920770179155610e+00
-9.238960876250953191e+00,-5.873224736347406605e+00
-9.807438042434069914e+00,-5.949853743271926731e+00
-9.745852361107196771e+00,-5.716715212190168316e+00
-8.968725421751646110e+00,-5.932813121148679869e+00
-9.126530884403832644e+00,-5.551598831877759821e+00
-2.672843694828240579e+00,-2.815162876240050238e+00
-2.848443832110029383e+00,-2.953426015813506389e+00
-4.024452789751042481e+00,-4.369078421797429002e+00
-5.447439954720595168e+00,-4.927801209096792867e+00
-5.179168481769215404e+00,-3.471215411670814266e+00
-2.351351709971810866e+00,-5.148775844932321988e+00
-2.329629378536818507e+00,-4.494104679473904795e+00
-4.358028651839294554e+00,-3.294475591150029192e+00
-3.748610558806163340e+00,-4.855451979987851274e+00
-3.408016363019129358e+00,-1.816927587224656193e+00
-2.918607325010232234e+00,-1.623185630418626069e+00
-3.102113196024594011e+00,-3.353031953808823573e+00
-2.551945357482817478e+00,-2.870801872338815119e+00
-1.097777561990335160e+00,-2.216179510141977449e+00
-2.472863832414229801e+00,-3.456681363908221449e+00
-2.478265034949671541e+00,-3.949304189904630835e+00
-2.880307022454792421e+00,-3.176184372058105332e+00
-3.532058609582651165e+00,1.575222217278024361e+00
-2.969392757079840628e+00,2.371680985275389286e+00
-3.186138841442866632e+00,1.676784387480354077e+00
-3.296160400724520212e+00,2.304716867040498940e+00
-1.797720253874226237e-01,6.383525281139498242e-01
7.545476072148762925e-02,1.070062899213469088e+00
-3.687127714501069242e+00,-9.334794307502811694e-01
-1.763406309868780886e+00,3.663433691244851742e-01
-3.193543802054558789e+00,-8.251317186425142225e-01
-3.539748538125701227e+00,-2.852963729497316692e+00
-3.606026400805679266e+00,-3.819978732578714453e+00
-3.556836600665238990e+00,-4.407474241327173026e+00
-3.612000125002137629e+00,-3.639042251975107778e+00
-3.708576375410499004e+00,-1.523078961315144753e+00
-4.150283672464627038e+00,-8.155438531681442615e-01
-3.469453110610067448e+00,-3.801885387201062727e-01
-3.008136444526412934e+00,-7.350574440761055151e-01
-4.541641512467239572e+00,-6.887618119384879556e-01
-2.028525853725064554e+00,-2.909624006956777809e+00
-2.565329052275180377e+00,-3.913090649771829632e+00
-4.023216224483626924e+00,-3.466817374446174327e+00
-4.807049440571544707e+00,-1.741177982545180303e+00
-3.895262466156053094e+00,-3.021613139336504439e+00
-3.783453819847236943e+00,-3.196318477019318927e+00
-1.976052937929644537e+00,-2.563092975830497888e+00
-2.317315500730717570e+00,-2.512050809036166399e+00
-2.505165948767859252e+00,-2.365018194425521525e+00
-2.018682290937648283e+00,-2.730383826605682795e+00
-6.681327433617825662e+00,-7.600231529240588646e-01
-2.343806974886966099e+00,-2.641534176764558151e+00
-1.617044223975993233e+00,-4.197425571152615831e+00
-1.798546554851545576e+00,-4.190697384712682272e+00
-1.871371046252075399e+00,-4.157442516175433589e+00
-2.051452095152329846e+00,-4.058735592263041703e+00
-2.233663464880820904e+00,-4.082093591324381876e+00
-1.913982639567354926e+00,-4.055833574094643623e+00
-1.686625924038577029e+00,-3.573193949884176934e+00
-1.715328685727992353e+00,-3.317553352111529463e+00
-1.607151866762297932e+00,-2.685682915993019115e+00
-8.343698649098367781e+00,-4.590469595355413102e-01
-2.037130165313343788e+00,-3.019070779795073989e+00
-3.191468177634146919e+00,-1.990312537660122727e+00
-3.460802101507118422e+00,-1.575004774612583924e+00
-3.361313305668363949e+00,-1.899969056604343232e+00
-2.568802621693957455e+00,-1.725348200603989524e+00
-3.361910666307608153e+00,-9.891785628576285072e-01
-6.011246002909898856e+00,-6.867618824929803134e-01
-6.378717887452010515e+00,-1.754564359587888145e+00
-5.357868109157863046e+00,-1.389817133367520441e+00
-4.312470525896744178e+00,-1.375760545309679284e+00
-6.723593034309067740e+00,-9.758853448680797626e-01
-3.978622985643467835e+00,-1.237964849890203611e+00
-3.602356063327476932e+00,-1.836838587564579850e+00
-2.772925987334287079e+00,-1.079132348205705583e+00
-3.481028345412281233e+00,-2.791809265378563332e+00
-1.320203956070022278e+00,-2.849709140086476022e-01
-2.847243880332925414e+00,-2.206460866740428184e+00
-5.470887714557170156e+00,-9.507118562296625441e+00
-6.244451459193333775e+00,-9.422644631339869292e+00
-6.937450840870414304e+00,-6.018994656758358985e+00
-8.295785681849192628e+00,-2.758960226178089226e+00
-7.277189402478434488e+00,2.060399499176858384e+00
-7.013426854942160560e+00,1.372909405226208079e-01
-9.020439871071227245e+00,5.357786311934582546e-01
-1.026155356584597200e+01,-6.405444910752017051e+00
-1.140836677032265811e+01,-8.563689833758187930e+00
-8.466210924749978162e+00,-8.049066052142061167e+00
-4.300925609432371566e+00,-2.513404243257035375e+00
-8.664778820541796378e+00,-1.011536117144819835e+00
-7.311219842267506763e+00,-1.122268034684469784e+00
-8.177050722245239101e+00,8.315961444521724477e-01
-8.419638797735347069e+00,1.861878917898279306e+00
-7.458399013917921927e+00,6.436003203605891176e-01
-3.709334114446498187e+00,-6.028246254330777987e-01
-3.021647741323125302e+00,-4.868697781858191131e-01
-2.644197431948199117e+00,-9.847764356245689576e-01
-4.754773675698622526e+00,-1.023062946274028606e+00
-4.563859127355646805e+00,-9.271436476698884377e-01
-5.493141077076321821e+00,-3.304750858559708959e+00
-3.856973260739568143e+00,-1.051521912538085468e+00
-4.582735290036940690e+00,-1.191239171221945448e+00
-3.564761607135955579e+00,-2.742027346877895511e-01
-2.449775940306762045e+00,2.198620773409406759e+00
-2.276054205840472466e+00,1.592098232576370398e+00
-3.168525025439396181e+00,5.814714807616776504e-01
-2.501094324218308795e+00,9.712199786556836578e-01
-2.624104455523552204e+00,6.407186837607006247e-01
-3.695388750320588667e+00,-3.714013319686486625e-01
-5.707947119969733585e+00,-1.604833130179858625e+00
-3.711124600119718675e+00,-3.177537946171251626e+00
-7.085776013000551821e+00,-2.127146863715773328e+00
-5.748331832824833398e+00,-3.146198706888871932e+00
-4.427573959294107020e+00,-4.862352704040389106e+00
-4.311754607288868613e+00,-7.862900731198065429e+00
-3.991674008869817492e+00,-7.715334506147367932e+00
-4.741065640293490979e+00,-6.165227364383015107e+00
-5.606184409678387937e+00,-6.741174535196510220e+00
-7.808881861982133188e+00,-7.967959537399057268e+00
-8.902662150879756098e+00,-3.896138261021035554e+00
-8.309453926736766860e+00,-1.902888749793824497e+00
-4.328278647727639594e+00,-2.554659387304734075e+00
-8.806476619233409409e+00,-2.285227721710077819e+00
-6.102153363781275708e+00,-1.554234011062641807e+00
-9.336940084218849023e+00,-3.346347040836008091e+00
-1.288372573989478553e+01,-9.517879272474297991e+00
-1.634601137102289670e+01,-1.172234307056628388e+01
-1.090311734396099652e+01,-9.739377053887201541e+00
-8.777979294875088101e+00,-5.942657296517017684e+00
-6.478642558175438104e+00,-1.614635650045702198e+00
-8.270202780791017005e+00,-1.466264781735086675e+00
-9.272905351499426629e+00,1.936553920539340279e+00
-3.622161051827205824e+00,-5.148747581538408724e+00
-9.096561211130705260e+00,-1.097289887204249803e+00
-5.414741160746150861e+00,-1.700257422170039501e+00
-3.864684712077599560e+00,-8.065228658058214428e-01
-2.710113913117374818e+00,-1.324011440991666788e+00
-4.222677990695191674e+00,4.265024643499277790e-01
-5.745630111682620722e+00,2.696113075813363125e+00
-4.928354858185208798e+00,1.550668371909779575e+00
-3.410610778685721378e+00,1.231277810554775476e+00
-2.605068106406237760e+00,1.892913620528549501e+00
-1.680680678964649566e+00,2.387693156926872895e+00
-3.953863252711877330e+00,-4.770674253071778281e+00
-1.127026845992919801e+00,2.911914313747088201e-02
-2.074119306148975994e+00,-1.006360889967452543e+00
-3.606351139375163051e+00,-4.927933001979258876e+00
-5.018654751752519516e+00,-7.130030725782900092e+00
-7.896723262164456969e+00,-9.072859736770043426e+00
-8.317554037107099063e+00,-8.909355763679663198e+00
-1.043693657922344187e+01,-5.111670393239794663e+00
-1.089290830891808426e+01,-6.423896124871762758e+00
-1.180360362584961109e+01,-8.467577018485656026e+00
-1.173620758505501094e+01,-9.827117033641123101e+00
-1.018523145013544706e+01,-1.012807828064423532e+01
-8.300275049587675369e+00,-1.031548908406797693e+01
-8.603509675679315905e+00,-1.067776782859476548e+01
-8.869187148223282691e+00,-1.097596478358518546e+01
-9.357286924102243830e+00,-1.126421784504699986e+01
-1.034986979939359486e+01,-1.154938331019062048e+01
-8.458404926848277938e+00,-6.917090453524392224e+00
-1.066640016742597652e+01,-1.274165206206667200e+01
-9.309812756958880442e+00,-1.299710646910859424e+01
-9.999799118154449218e+00,-1.356711084075419471e+01
-9.117620559195508179e+00,-1.278643741128969680e+01
-9.427197845177378355e+00,-1.315736382812048788e+01
-1.016809677254405742e+01,-1.399426986520996508e+01
-1.147813526633412984e+01,-1.383316216141968269e+01
-1.238912668662227290e+01,-1.189783863910716377e+01
-1.215834907700727818e+01,-1.095837504672399021e+01
-1.080627461496267117e+01,-9.329753921018866691e+00
-9.166422371786577372e+00,-5.966100467886902514e+00
-1.119078924872691694e+01,-8.698427033398216324e+00
-1.216421597651578601e+01,-7.010864322934359905e+00
-1.111369787205670079e+01,-6.218047996422580326e+00
-1.001041426195055450e+01,-5.579602409020753662e+00
-9.820679138033694855e+00,-4.946202261895457752e+00
-9.600721109316113555e+00,-5.148852340974584330e+00
-9.607890726941089810e+00,-4.823719699363518743e+00
-9.510049614739013890e+00,-4.763437566671475665e+00
-1.003678471014389473e+01,-6.034600944956845403e+00
-8.960705800979949842e+00,-6.066621733523422932e+00
-9.407456809536574482e+00,-5.202517038838119667e+00
-7.647179312668498596e+00,-6.522195432875745880e+00
-7.343496686713128163e+00,-5.778850726123254233e+00
-8.419273988127478958e+00,-5.049168491124937042e+00
-1.094037016259595418e+01,-5.078632543641644403e+00
-1.004738273112527125e+01,-4.706196768657844309e+00
-1.197746728471247124e+01,-5.796507299096829158e+00
-1.269389744477622628e+01,-5.733217741614362595e+00
-1.372223626483085113e+01,-5.769368038289339751e+00
-1.403126062290581189e+01,-6.119788073248548343e+00
-1.454155058889664964e+01,-4.974750189339943951e+00
-9.390579595582295269e+00,-5.680244965679236202e+00
-1.430943747041541414e+01,-3.394963624271695402e+00
-1.555301713687575571e+01,-2.952500661532371673e+00
-1.577077797331151032e+01,-2.820253299982718342e+00
-1.455615184385429828e+01,-3.332967013061996830e+00
-1.355569987777169061e+01,-4.006143959463559057e+00
-1.294733693770093730e+01,-4.903448749337532497e+00
-1.125415347039909086e+01,-5.396715020906935223e+00
-1.105785864740533775e+01,-4.609032269751407007e+00
-1.050235840130051912e+01,-3.730623268708941787e+00
-9.301133698718080822e+00,-3.480092633948709047e+00
-1.030140971271210759e+01,-5.434197651629737003e+00
-8.934514532705419398e+00,-3.588945388836911832e+00
-9.097542427343217497e+00,-3.326709758143256757e+00
-9.333467109710388954e+00,-4.439126767155459063e+00
-8.669988400108513460e+00,-3.606699697918073433e+00
-7.902641901199814356e+00,-3.950883706243468296e+00
-8.170207781065926156e+00,-4.333914945861349288e+00
-8.929996984035836860e+00,-6.389687126580102294e+00
-8.989837469446086970e+00,-8.327244448774564489e+00
-7.808282183548741706e+00,-8.950420034286732829e+00
-6.992699337249021596e+00,-8.997711131033430121e+00
-1.059943268588623155e+01,-5.716469714496680510e+00
-6.331844591507778119e+00,-9.056755638221853033e+00
-6.277344241972604877e+00,-8.983203914609594776e+00
-9.921589127494730320e+00,-4.883167196443624292e+00
-1.012559034803392954e+01,-2.763523382675130868e+00
-1.005813103469864078e+00,-2.804133733766322578e+00
1.349850563590788699e-01,-3.898994756769889936e+00
-2.583436758699494629e+00,-4.600672366169408889e+00
-2.671221436612936539e+00,-5.048073479171420352e+00
-3.378562948205690031e+00,-5.131422252125203975e+00
-3.604459960713382038e+00,-5.458455832461344137e+00
-2.258474452870219640e+00,-6.394769227468554362e+00
-3.939730374768815047e+00,-8.620254336547045426e+00
-3.874029469071317955e+00,-8.993115472406476130e+00
-2.605472233843018515e+00,-5.516358960032841985e+00
-4.487150566638195670e+00,-5.315453187449964645e+00
-5.735704702341479333e+00,-5.756751898921320887e+00
1.358156218420252248e-01,-4.023248549907506799e+00
-4.434321729548432955e+00,-7.570661747613348425e+00
-4.574978884683776670e+00,-5.992843200353360267e+00
-4.073832183685914821e+00,-4.859590317507766599e+00
-6.170594415532218768e+00,-4.767283396802568518e+00
-5.707949132117665414e+00,-4.528480435250159530e+00
-4.197288820561476896e+00,-4.639322941316291526e+00
-4.966814761630853781e+00,-4.234315072609419417e+00
-1.576304294349829327e+00,-6.918667584331767095e+00
-3.227007625109261646e+00,-5.557500554255433656e+00
-3.833520058357134275e+00,-4.464275734886515856e+00
-7.793654985199793828e-03,-5.473844807578816862e+00
-3.991295363179460765e+00,-3.744549512505662925e+00
-4.732429403815011426e+00,-2.303327509955401364e+00
-5.070216370968111619e+00,-3.270369966528055894e+00
-5.725993798664232415e+00,-3.793744142611042314e+00
-4.715851409133758665e+00,-3.161538163085323205e+00
-4.858370857384474384e+00,-2.503779654587356962e+00
-4.072134439229709635e+00,-3.948907308151532902e+00
-2.716631706358224818e+00,-4.480366798419575858e+00
-4.412570686327961234e+00,-3.613776279815975823e+00
-4.391589262679197248e+00,-6.893897545020716278e-01
-2.815214804253338698e-01,-5.142244789903596569e+00
-5.091860268484667884e+00,-3.543295452329126238e+00
-4.272370964213478395e+00,-3.301978764975600278e+00
-3.982714524042741733e+00,-2.556971092459557671e+00
-5.272015333652500857e+00,-2.241399819989290609e+00
-5.803447870360109562e+00,-2.659064723730728108e+00
-5.963191662734234733e+00,-2.400148633695931899e+00
-7.152166608240228207e+00,-2.501700602069877988e+00
-6.195922457158459906e+00,-2.884548526847748207e+00
-5.500459563645015315e+00,-3.185515728844220185e+00
-4.927772223048825673e+00,-4.232758857906305572e+00
-5.442478283780326498e-01,-5.184121033573701354e+00
-3.918750479627248318e+00,-4.090943359374742627e+00
-3.437826264586218539e+00,-4.015140452424422968e+00
-2.430861308721794067e+00,-3.612394697796387888e+00
-2.502971259821517247e+00,-4.180518169181199895e+00
-3.840674027558356407e+00,-4.912594046449904717e+00
-2.907948213163444873e+00,-5.284245311433504178e+00
-3.026920213512559243e+00,-5.344108721506607651e+00
-3.215928943466948020e+00,-6.489621280527371638e+00
-2.834763981317371950e+00,-6.029422291891237684e+00
-3.073740250258047535e+00,-4.615347584382824664e+00
-2.306865848025961618e+00,-5.508148938509159542e+00
-2.667161917163011875e+00,-5.204831999801626807e+00
-3.425324966469909693e+00,-5.936838048735766371e+00
-1.974431341993831746e+00,-6.012774044780938354e+00
-2.358479065403575881e+00,-5.199469702044742014e+00
-2.816400313257235943e+00,-2.215874615660148983e+00
-3.107263372912769661e+00,-2.112753418183662468e+00
-2.274877144857565536e+00,-3.068741757829738237e+00
-1.563923374274305278e+00,-4.295951468568143028e+00
-9.263868275052674628e-01,-2.190976464474219121e+00
-1.656344494199287531e+00,-2.067735721141197303e+00
-2.619710534606159769e+00,-4.304449485586570923e+00
-1.960781283838562539e+00,-3.377861896465503388e+00
-1.188859821524630656e+00,-2.279430304210715352e+00
-1.847852160948201483e+00,-4.141445237161267556e+00
-1.393763407810244326e+00,-4.539333177980020118e+00
-6.442387701594848970e+00,-4.992568311387753255e+00
-6.700064596387418803e+00,-5.205547494315017509e+00
-6.009839328633435507e+00,-7.494357136890370086e+00
-6.814426491747031633e+00,-7.026902786971204407e+00
-9.713083958760391212e+00,-7.265876723392223901e+00
-1.181434814202364514e+01,-6.424708206903519070e+00
-1.108141819147922824e+01,-6.460969698795699045e+00
-1.164483225267258426e+01,-6.377699100591500248e+00
-1.102589598923385239e+01,-8.637421298330909991e+00
-1.020340062964400296e+01,-9.592543159937658714e+00
-1.140998470255335739e+01,-1.173437961414171227e+01
-1.219100342738932952e+01,-8.717551594697066975e+00
-6.910257508016421468e+00,-2.919454707017445472e+00
-1.281124534226470146e+01,-6.849193012302496442e+00
-7.928431893631191940e+00,-5.691753753122341664e+00
-7.160752112416257198e+00,-4.844361514630011634e+00
-8.648869016168546864e+00,-4.892822072527588162e+00
-1.120944568334472891e+01,-6.227311998758610301e+00
-1.229831924620276951e+01,-9.754737046269944756e+00
-1.100708854163910644e+01,-1.107100965826866101e+01
-1.081585144588147251e+01,-8.949376511526518030e+00
-1.060524268310658691e+01,-8.439462920553491898e+00
-9.340540917323552961e+00,-7.982963322812702600e+00
-6.726545892276089234e+00,-2.209562917612233335e+00
-8.774960269333513807e+00,-8.339923136188534869e+00
-1.140828445181656647e+01,-8.866845239589540739e+00
-1.115447461838511600e+01,-9.699313911317613446e+00
-1.137071425147335724e+01,-8.095842987340676089e+00
-1.154082227096504631e+01,-7.723952862920275386e+00
-1.142139172793639545e+01,-7.535763101010918952e+00
-1.025478809033726435e+01,-7.295614985387899765e+00
-9.142948715680672578e+00,-6.682755359740015777e+00
-9.895320037882681774e+00,-5.626660601324006805e+00
-9.933786759236150843e+00,-5.360567525022602808e+00
-6.485973691005989750e+00,-2.214758946771218984e+00
-1.034705622112282697e+01,-6.415428030075146282e+00
-1.019205352233210782e+01,-2.962852690043365378e+00
-1.030350413865457249e+01,-2.473089309314032480e+00
-8.386428164976829081e+00,-3.388138406707625006e+00
-6.718720153365257630e+00,-5.357752677413488485e+00
-9.684932949882755437e+00,-7.735031556711128964e+00
-9.702715107834931629e+00,-6.896122014824053181e+00
-9.111265703643809388e+00,-2.423103348355526432e+00
-9.402036413780706425e+00,-5.008793005914172092e+00
-1.095156209844890860e+01,-3.821580037507860794e+00
-6.689641767658672578e+00,-2.684500532477104073e+00
-1.301832906409811308e+01,-4.971701396194334599e+00
-1.524147274164915089e+01,-6.406496953688191276e+00
-1.424645916883201302e+01,-3.785592345725670604e+00
-1.210668078035876327e+01,-3.005960445188302632e+00
-1.258252292396234751e+01,-4.057722630811461784e+00
-1.130450704470120193e+01,-6.087596963625683699e+00
-1.206927561756141110e+01,-1.890603925404866548e+00
-1.003700199966410622e+01,1.006149964073300707e-01
-6.748473809401621004e+00,3.149693351447350187e-01
-7.146518724080868523e+00,8.252005404889588558e-01
-4.395224058683696811e+00,-5.615526339375565001e-02
-4.696321434125455774e+00,-1.032650532700120305e+00
-3.638532147303065400e+00,-4.388515543674896158e+00
-4.159767073012879735e+00,-4.592192461519497115e+00
-3.572522406579173193e+00,-3.781403623425164895e+00
-4.321103010317095539e+00,-4.873526604097437875e+00
-5.679720914483435301e+00,-7.206442600013816424e+00
-5.323362137232363622e+00,-6.774417374102332801e+00
-5.643874186995028630e+00,-5.847171781776141941e+00
-5.750302705908096002e+00,-6.209079670403587770e+00
-5.647864851282056620e+00,-6.327604830614357745e+00
-5.662824012531833873e+00,-9.982361548749616453e-01
-5.219389867537647554e+00,-4.770355130809085686e+00
-6.316427584923058447e+00,-5.677997070545959701e+00
-5.586557428947438453e+00,-2.144909619529444811e+00
-3.775168869074797762e+00,-3.686503359069982722e+00
-3.371188934710810159e+00,5.807070968425132040e-01
-4.109604077641335174e+00,2.011479407584906287e+00
-6.709817662124454962e+00,-6.885781000989199541e+00
-8.685175945072353798e+00,-7.648828356941644202e+00
-6.586918138143719403e+00,-4.375135150708412191e+00
-7.100346152970656632e+00,-2.241408242976925980e+00
-1.011919855797595957e+01,3.012481564920255761e-01
-1.073986885245504652e+01,1.741114855418829155e+00
-9.561515387911329711e+00,-2.966010633033826505e+00
-1.143205942116200902e+01,2.159063067895590216e+00
-1.211348218383960784e+01,-2.916226429135116760e+00
-7.210000396363859032e+00,-1.691061192488373388e+00
-4.367934768562860448e+00,1.573948037186102100e+00
-8.683785574872661783e+00,-2.340410852777933925e+00
-1.061431954491696317e+01,-1.223769547595416451e+00
-9.322372945306229397e+00,-1.152847629450780786e+00
-7.147217142901143738e+00,-1.034098732894647821e+00
-6.791723229774279780e+00,6.905877271715916699e-01
-5.840048955909057149e+00,2.409619178512047988e+00
-4.024423385866931824e+00,2.090499476215972763e+00
-6.631486810427455580e+00,1.036919208590955321e+00
-6.615491121031323196e+00,5.986718451399559715e-01
-6.360314519436162328e+00,4.532415537269796069e-01
-6.215445846921886286e+00,7.405730122295135498e-01
-5.745916096409950491e+00,1.680405211927737064e+00
-5.082764390159897339e+00,1.350199122133701302e+00
-4.242036842843578626e+00,2.658136730927088465e+00
-3.690152951259753511e+00,3.278160870789322168e+00
-4.068350621136263001e+00,2.688115288544758563e+00
-5.585713766602248498e+00,1.638228421296454851e+00
-4.995509407359365994e+00,1.059667180135489328e+00
-6.114535380354556793e+00,1.276142200386959136e+00
-6.105078061616972640e+00,8.045368490154164443e-01
-6.562088908201376469e+00,-1.815044201298988913e+00
-6.173885577201962960e+00,-9.467365300264133365e-01
-4.468595042946387430e+00,-1.736640632123764183e+00
-4.265694966060094018e+00,-1.842599110040422206e+00
-3.397099433294849202e+00,-3.916599908287477394e+00
-3.830002789536068430e+00,-2.387454372590136931e+00
-2.858949689114102632e+00,-3.932728892567367573e-01
-5.024544575923881595e+00,-1.399018757000883628e+00
-5.869839991161882153e+00,-5.225122321916554569e+00
-8.135844524296500069e+00,-7.856062363391802528e+00
-7.876373294584260165e+00,-2.769165914482340174e+00
-8.236938321694815102e+00,-3.995425984535876385e-01
-5.252640530103139582e+00,-1.912960519589272268e+00
-6.873703697221856146e+00,1.079893647868297002e+00
-3.212649520599948794e+00,-2.936440746119237666e+00
-6.868893122825751263e+00,-2.038421103763797149e+00
-6.111814199644383550e+00,-7.936884542755826999e+00
-9.683208060434578712e+00,-5.889132988652651335e+00
-9.990389233206679265e+00,-5.148543205547930768e+00
-3.364000035328321037e+00,-3.773319775900191964e+00
-4.742240735421765940e+00,-1.208454532788612035e+00
-8.508351965357620728e+00,8.992572855296667722e-01
-8.170110826882540422e+00,1.186564033165849796e+00
-3.942609340162485321e+00,-1.751003560707815598e+00
-6.516315931281890350e+00,-3.399170205662069399e+00
-3.399747297014762637e+00,-4.149924208214297749e+00
-3.018871336111779602e+00,-1.842699694060261795e+00
-4.689913767030296832e+00,-7.556168215599323723e-01
-4.489956093003997672e+00,-8.970438834142888118e-02
-5.475994283341175439e+00,-4.853767414120431223e-01
-5.782174195546271989e+00,-1.149303586720411552e-01
-3.824862711397753579e+00,2.754286328009336593e-01
-3.733091869679094010e+00,1.009952831077250313e+00
-3.895328365726454134e+00,2.304633556035514452e+00
-5.226305864881751972e+00,-3.146509718344589146e+00
-3.671521184804335647e+00,5.147238841120246322e-01
-3.270697656824588240e+00,-2.491117677674034581e-01
-5.726088912159760014e+00,-2.508066625442945785e+00
-7.484667471805898309e+00,-2.112367802544664830e+00
-1.480858787033167445e+01,-8.321758521585863377e+00
-1.426087121285830328e+01,-8.093823028266175612e+00
-9.656328698862379767e+00,-9.750997487147897047e+00
-7.274338900929587126e+00,-1.091928336619381845e+01
-4.703910110110835596e+00,-1.050740729323492317e+01
-7.018981644472439108e+00,-7.386327455149256593e+00
-8.433727234110776294e+00,-8.300868687619793462e+00
-8.914775031462012223e+00,-8.154771083538783216e+00
-7.794557337509544936e+00,-8.438883439619822013e+00
-8.754258191419111768e+00,-5.497094677272650998e+00
-8.093313302039558010e+00,-4.462180345896163303e+00
-8.890087077994117237e+00,-3.405459515055433428e+00
-1.238320076140810144e+01,-8.188380901119046484e+00
-8.076097940472889647e+00,-3.662967526000796781e+00
-7.972752947749031094e+00,-4.223036180821386765e+00
-7.311015908778390582e+00,-4.569591693464308158e+00
-7.484763933605281139e+00,-4.768390722221578670e+00
-5.224379180087472818e+00,-5.197307091133831491e+00
-5.238981689657965291e+00,-5.323709423491827408e+00
-5.569276986548331365e+00,-5.252665799066049246e+00
-6.742518562766151469e+00,-4.924260532248242228e+00
-1.012177574185910345e+01,-4.532899593999828447e+00
-1.220136516295180762e+01,-4.219293575360932635e+00
-1.276870905443477788e+01,-8.254523913534029589e+00
-1.304748256753989111e+01,-3.034740174136070223e+00
-1.361541981432532467e+01,-2.770601266307485488e+00
-1.449777109754262305e+01,-3.342351841094098663e+00
-1.453437591747909252e+01,-3.518259541118835543e+00
-1.384493277419385215e+01,-3.298981542013559309e+00
-1.412192650412121964e+01,-4.629186488276978650e+00
-1.390118928425507328e+01,-4.096505795858653265e+00
-1.451341311570124759e+01,-4.468683499042069407e+00
-1.435320049276704424e+01,-3.757031465728864372e+00
-1.474536424187061456e+01,-4.399165427877348655e+00
-9.176855325771089866e+00,-8.495983335923057211e+00
-1.510738231260066655e+01,-5.384869761245534292e+00
-1.352213816546417213e+01,-5.060929432188824961e+00
-1.282378627554451356e+01,-4.774458141847638615e+00
-1.222223340196793551e+01,-4.543640760858238536e+00
-1.324760623774228385e+01,-5.013239515076578279e+00
-1.144143034758313426e+01,-3.924546085613656476e+00
-1.122323587527541733e+01,-5.565577301142925926e+00
-1.133981364663488556e+01,-5.844108707837857963e+00
-1.119907580163406635e+01,-5.656477052794768312e+00
-1.017634593739944115e+01,-5.807125228958073926e+00
-8.681308014906569781e+00,-8.318508697347752445e+00
-8.831631355312071108e+00,-6.029812432309125114e+00
-9.407311024113154119e+00,-6.162357726122854373e+00
-8.760716408220488916e+00,-5.542042192568481518e+00
-9.765702763057753089e+00,-4.545444190984750499e+00
-1.049823318125855565e+01,-3.464768209545577626e+00
-1.017009098849445081e+01,-3.894689596973167411e+00
-1.009453615914572566e+01,-3.763630536382753355e+00
-9.713756289879796668e+00,-1.742049936630879259e+00
-7.066265540448235960e+00,-3.204326557414427512e-02
-8.017528603173527557e+00,-3.697216350887493341e-01
-9.927694568369176409e+00,-6.450865973922766727e+00
-7.123163257806020887e+00,-7.564656923154851054e-01
-8.850211352789632002e+00,-8.659645728182032709e-01
-9.993455212486679784e+00,-1.480763313057330111e+00
-8.625536291960319346e+00,-6.190526597035457712e+00
-9.177445700631775338e+00,-1.063183348077963153e+01
-9.747715902945213173e+00,-9.970088077723364250e+00
-9.540107069679793383e+00,-9.723094885723119418e+00
-9.892636904006451459e+00,-1.102173717148455800e+01
-1.072279610443848341e+01,-1.042976045881640168e+01
-1.088469447937936074e+01,-1.174692926491921341e+01
-6.171641837214446369e+00,-6.556671796232645733e+00
-1.135110680559450280e+01,-1.105114119696140307e+01
-1.338309701646375416e+01,-8.504346251606669682e+00
-6.068833810343543078e+00,-7.617007172566339079e+00
-9.232624409907225882e+00,-6.808770526231699094e+00
-2.866656145561564006e+00,-1.530158290991879166e+00
-4.768392228640520258e+00,-1.649073333924238272e+00
-8.730557376760978983e+00,-6.036624637682592720e+00
-9.332450148812235113e+00,-7.817784264869920285e+00
-8.587689381747757977e+00,-3.871016065726731625e+00
-8.141732934819586376e+00,-7.448311514340318240e+00
-8.624275305918958523e+00,-4.573727052014994854e+00
-1.331355492211366531e+01,2.096743414126199134e+00
-1.493122807820703635e+01,-6.507277983085373307e+00
-1.459387301005283355e+01,-6.839839393501156550e+00
-7.807960292891509724e+00,-7.372398731577857411e+00
-7.728632825051108490e+00,-4.960208170662653515e+00
-7.345462385254684534e+00,-3.111106302119798883e+00
-7.181368973845597914e+00,-2.498278689715136114e+00
-7.691364915720819262e+00,-9.091020322475125148e-01
-5.573352216453187680e+00,3.137956842937803525e+00
-3.320798758698784603e+00,6.045328308865152156e-01
-5.209345525463827009e+00,-5.490181622084022717e-01
-6.535492941876827722e+00,-1.786094127734130232e+00
-6.275731537295420104e+00,-9.681568826291440111e-01
-6.624021933677346041e+00,3.838136309863564577e-01
-5.921147719147351829e+00,-5.360303570383826433e-01
-5.737980605381197918e+00,-1.318159208084008771e+00
-5.995834842349818672e+00,-2.873973729456931636e+00
-4.666704418975234248e+00,-9.733299606193694942e-01
-4.050193389900727858e+00,-3.386282808542129708e+00
-3.435308879497639190e+00,-7.226460373502431089e+00
-4.910771806702314279e+00,-6.773445961393351311e+00
-6.141395086325539765e+00,-5.511355893863343347e+00
-4.107777742731399506e+00,-5.929939928152133000e+00
-6.339324080834547459e+00,-5.173784943947005388e+00
-7.084852750477098837e+00,-2.071983167274559001e+00
-6.614532571785364468e+00,-1.946416072801568475e+00
-6.765857088822508025e+00,-2.864567550918232453e+00
-3.689450145712176887e+00,-2.379648653000442593e+00
-4.557997980088727807e+00,-2.680834341700508716e+00
-6.115205124203111353e+00,-2.093145412735699207e+00
-5.811601078638913620e+00,-2.073885672793140955e+00
-7.670142038001652729e+00,-4.920246360168445854e+00
-8.004835754243455170e+00,-4.775119908891293896e+00
-1.096186469050169343e+01,-4.522451390284553341e+00
-6.980426973580582839e+00,-5.065494196710779384e+00
-8.730560738386206054e+00,-4.050572721799515996e+00
-7.992614318726662503e+00,-5.337293891312254956e+00
-6.725493867010522209e+00,-5.414733705776257011e+00
-3.344527059980557659e+00,-6.736389985181610918e+00
-8.314997833016017026e+00,-5.582371465792016707e+00
-8.185130016644727391e+00,-4.291956544193133993e+00
-8.709869930106222569e+00,-6.579511934699585396e+00
-8.754142825939503325e+00,-9.191382658704377207e+00
-8.686048967125149289e+00,-1.184523413032797556e+01
-1.645649165916966794e+01,-8.248926690994711208e+00
-1.531868423719130057e+01,-1.393952696602696939e+00
-8.160738246051170819e+00,1.104979876858137144e+00
-7.094078575474413562e+00,2.406659603138757042e+00
-6.109199511930206938e+00,1.892747337941421915e+00
-6.098163148069877693e+00,-7.486958184283845519e+00
-6.040124598883873652e+00,-3.568887186480187435e-01
-3.924983131175807660e+00,-1.828646495813179396e+00
-4.419819842284087308e+00,-5.170489129018360774e-01
-5.322880513155400450e+00,5.246090214116672090e-01
-5.590569127142755335e+00,9.165917175124635996e-01
-3.184792026335533599e+00,1.704286749737378592e+00
-2.833305308345210882e+00,-2.395954404057358822e+00
-2.582207400093177174e-01,-2.989048378177577625e+00
2.396059349771144653e+00,-1.473197610328962570e+00
-4.870646065283785187e-01,-5.776772518113361343e+00
-5.106394259876195996e+00,-4.305627973470705250e+00
-3.325032164065167439e+00,-2.525243877408209769e+00
-3.280375203556479935e+00,-1.185943512255707377e+00
-6.513989649811956717e+00,-6.651720110793588603e+00
-7.993852508953319003e+00,-3.989084688227214848e+00
-3.409016089188736220e+00,2.566667270633943065e+00
-5.840595095359150335e+00,-5.862473559828426106e-01
-4.943896271708292822e+00,-8.898516238561169800e+00
-4.425341670248760018e+00,-9.652107674698800821e+00
-4.150766645397649945e+00,-4.840244752916886384e+00
-5.773083039483190682e+00,-2.123183212811535103e+00
-8.888579874182175544e+00,-2.587611385748659565e+00
-6.410399901099777864e+00,-3.660165242190724033e+00
-5.762638643990033671e+00,-2.819797651692804497e+00
-6.321167700733076877e+00,-8.205617396727420854e+00
-6.017818307017241963e+00,-5.543380696602000057e+00
-2.711640302925044210e+00,-7.959969662143143054e+00
-5.949633603630637424e+00,-3.040251214197346563e+00
6.516765017887731215e-01,-4.434671448460969501e+00
-5.397836356169368521e+00,3.662502443633405491e+00
-7.334306798937405780e+00,7.747625183730382226e-01
-5.489031371824168559e+00,1.256137634201859310e+00
-4.108687145611559899e+00,1.405989081142692942e+00
-4.781118523605238479e+00,1.142710073103165413e+00
-6.104321592287457854e+00,2.765190202102778549e-01
-5.930244051017611540e+00,5.939197251000064570e-01
-5.917191930741298123e+00,1.857644615748771599e+00
-6.886480321010250094e+00,1.421095638785902171e+00
-7.123494569839981416e+00,-3.070541170102791817e+00
-6.779006297284281501e+00,1.344868631462997177e+00
-6.590445408526328208e+00,8.269674653576015722e-01
-4.792457079817623367e+00,2.217548581374331196e-01
-4.594397417086433677e+00,2.336718518343558593e+00
-2.640168803911270956e+00,2.193700382103169311e+00
-2.455732750790635688e+00,2.779321588352400063e+00
-1.953769843147666441e+00,1.144970212860209058e+00
-2.893654495087080392e+00,-9.583230033324087183e-01
-2.832606053116372369e+00,1.457941719152418658e+00
-2.634994569900045658e+00,3.390038484727060819e+00
-3.301211236425300122e+00,-3.508647781307249858e+00
-4.763826661578660193e+00,5.630350891122309243e+00
-4.427493527124932271e+00,4.023898510779242876e+00
-3.622950833557429196e+00,1.236802087370574954e+00
-3.050885286154828790e+00,-2.964406707701447985e+00
-3.094599343264348157e+00,-6.632074475795615598e+00
-2.810480130989177372e+00,-6.177604282803135227e+00
-1.000570839176998739e+00,-5.592080880398803799e+00
-1.518311114806276230e+00,-6.816474048254577589e+00
-4.560223560839212098e+00,-6.264498850822127096e+00
-4.234589424925763623e+00,-9.380925162735966882e-01
-2.944036283452676983e+00,-2.540699377377748203e+00
-4.307708825812770925e+00,-1.049948586800649952e+00
-7.113175765008545426e+00,-6.849891322154042506e-01
-5.950020731210639013e-01,-7.076160065255953313e+00
-8.422159718417161045e+00,-5.827381819179533906e+00
-1.110278204453630835e+01,-5.902664695732603661e+00
-2.946492297062984100e+00,-9.491999429073974426e+00
4.973706594424764926e-01,-2.429898300225431740e+00
-1.406049561728041075e-01,-7.275185697413992791e-01
-7.066513680034991474e+00,2.293185643821235686e+00
-5.655730673011675869e+00,5.957821095134944400e+00
-3.639163706450151192e+00,-3.273579286798001142e+00
-5.480977723360461518e+00,1.172833032970870049e+00
-2.493863760129888973e+00,7.766825118988160970e-01
-6.988532638410596132e-01,3.725067577977891342e-01
-1.900558453691639782e+00,2.461249242233072732e+00
-4.134051704276069827e+00,1.259733815520206024e+00
-4.658999519013426571e+00,1.873878093669509859e+00
-4.271614253017578910e+00,2.740013728604931309e+00
-2.177866343387238501e+00,3.041267503612572032e+00
-3.068160857357591365e+00,2.252606734623752605e+00
-3.640396926083317997e+00,2.793044870543193614e+00
-3.978126310630033302e+00,-4.210272293488553252e+00
-2.265986485558311170e+00,1.971276738747416823e+00
-2.205638632947000577e+00,3.477318979461297310e+00
-3.304380977488655891e+00,-2.605860233172792029e+00
-3.125592910202378061e+00,-2.538364354941350598e+00
-4.429219590195686784e+00,-8.207779477520226408e+00
-3.693172421511517811e+00,-6.672167796810770213e+00
-4.335498467536965883e+00,-9.035217994043735601e+00
-6.150013393031738218e+00,-8.159948876635024106e+00
-6.728030894447369015e+00,-7.597872521352932118e+00
-8.260945911488569493e+00,-7.780170759767897515e+00
-8.375070422906768286e+00,-7.991163513590678669e+00
-8.913188526399517642e+00,-1.008163010996759112e+01
-8.714830056709379491e+00,-8.715958377750368413e+00
-8.890719644365598029e+00,-9.019282384699272015e+00
-8.197525815368344126e+00,-7.927484772848007566e+00
-9.140782155389894470e+00,-6.224366532994023871e+00
-4.272374937154150842e+00,-6.666081292933002445e+00
-8.831292062055560166e+00,-7.247919508662047150e+00
-1.000945676852315458e+01,-7.537462932070878807e+00
-9.778584197085306684e+00,-7.646642739641336561e+00
-9.513652574206327373e+00,-9.335560111696727503e+00
-9.728720310545515559e+00,-7.627901120198304241e+00
-9.823490584051649321e+00,-7.035129348179698816e+00
-9.044929357156672012e+00,-6.941440138630778023e+00
-8.788005168223222086e+00,-7.128202018594453904e+00
-8.681540234614130824e+00,-7.383466843622352727e+00
-8.795457662758147777e+00,-7.028164350252275483e+00
-4.278317207676499478e+00,-6.466145294846914027e+00
-8.812258872501962159e+00,-6.960555584843356236e+00
-9.463854504774126042e+00,-7.356855574555233090e+00
-7.244413060140482585e+00,-7.745908873360164648e+00
-7.370488280177928786e+00,-8.758101535885323585e+00
-7.431959897759643496e+00,-9.990475053437354092e+00
-7.793525932457665562e+00,-9.226854492560558896e+00
-9.373806947423830138e+00,-8.917197847898668428e+00
-1.043944574011866955e+01,-8.607980149861353070e+00
-1.026970149944965272e+01,-1.051574721725464201e+01
-9.643739614660763237e+00,-1.216790387268359730e+01
-3.706145754457326191e+00,-7.279794847546668279e+00
-8.534603060405174801e+00,-1.230679731310992153e+01
-9.580739850656945222e+00,-1.278731122060468905e+01
-8.063626488005779080e+00,-1.169656521783946168e+01
-8.261147537675459063e+00,-9.137921025525287178e+00
-8.232277342048661239e+00,-5.292225924716261964e+00
-7.267455279628276976e+00,-4.817365933499031527e+00
-7.294686857558300375e+00,-4.499428740990060405e+00
-6.557462366421512812e+00,-3.284785404230550654e+00
-6.297945059230308118e+00,-2.539984760688395404e+00
-6.217403929433364951e+00,-2.739270179063488797e+00
-4.230648776545475442e+00,-9.681493246175460143e+00
-7.348233268402456275e+00,-3.011590199308541216e+00
-8.014991698694631239e+00,-4.473915284667100423e+00
-9.729852218719001300e+00,-4.294788801764281239e+00
-1.045951489824951963e+01,-4.670083038351566351e+00
-1.167798695797123898e+01,-4.583598559389190363e+00
-1.222920329023486019e+01,-5.071185379738751386e+00
-1.212051767569432670e+01,-4.997107877629211714e+00
-1.087040421526172551e+01,-4.141650981887235794e+00
-1.070295195199134852e+01,-5.225349324194383804e+00
-9.086953600965825828e+00,-5.991375522736198889e+00
-4.270959392234765950e+00,-9.179012017766124742e+00
-8.615394213778914789e+00,-5.539980750279875465e+00
-9.205762605644117968e+00,-5.723311991555814160e+00
-9.244157235261198480e+00,-5.894115200564998602e+00
-8.313543265514052649e+00,-5.494429332540153865e+00
-8.626045346704009020e+00,-6.212311998535477109e+00
-8.403653545775643607e+00,-5.976248830912929577e+00
-8.547173008815819983e+00,-5.622265130018240242e+00
-7.397396315249300969e+00,-6.013363365295620433e+00
-6.948493913669847366e+00,-7.558719082063758421e+00
-6.375406369247112792e+00,-8.749765157766695722e+00
-4.624268229223554627e+00,-9.583812359961186189e+00
-6.077073701077228662e+00,-8.744748968229043129e+00
-6.063509380689815487e+00,-8.417618128891612983e+00
-4.424376606348302765e+00,-9.589269898589193986e+00
-3.772722696310975010e+00,-9.793932568469326583e+00
-1.336370607376326092e+01,-5.111099886027568040e+00
-1.392662241885013152e+01,-5.184959350561353375e+00
-1.007763967245330328e+01,-7.906506303135117264e+00
-1.018344527608946848e+01,-7.210082117014530390e+00
-9.805155306761026424e+00,-6.313655562021365242e+00
-9.643965793967053557e+00,-6.656078382534029281e+00
-9.984325848368403200e+00,-8.275271946797754907e+00
-1.051393016088406007e+01,-8.602331585383758750e+00
-1.101172387666096952e+01,-8.516715721131166816e+00
-1.120661291479863131e+01,-6.971517296294383215e+00
-1.233349165757397969e+01,-8.134607334667762757e+00
-1.210798035899801839e+01,-5.775948959760953905e+00
-1.419885955218468077e+01,-5.503909878549677615e+00
-1.143401996283246191e+01,-5.519171201227950796e+00
-1.051372763220791562e+01,-4.215689903179281828e+00
-9.947858599969855220e+00,-4.183541609428534258e+00
-9.350262541166880936e+00,-2.540938646735734885e+00
-9.911753363333628997e+00,-2.237105321456637874e+00
-1.063545558929086354e+01,-6.967796951008464745e-01
-9.942167063529812054e+00,-1.820180077515062944e+00
-9.962062395934692560e+00,-1.312006916549660396e+00
-9.669117671457470919e+00,-1.225342926344661354e+00
-9.979395844253899028e+00,-2.117474959244371568e+00
-1.430325698248818966e+01,-6.008091588149920170e+00
-1.026481800436338077e+01,-3.663052194697144159e+00
-1.041607707868884702e+01,-4.809267902369702696e+00
-1.113730847386665879e+01,-5.086901637992601977e+00
-1.129455746418339324e+01,-4.280458130866796829e+00
-1.182494792417516649e+01,-3.324736004751635665e+00
-1.324283425447152673e+01,-3.817739761836444146e+00
-1.429211432405801041e+01,-3.622396282900102182e+00
-1.455527582368912221e+01,-3.907484091631832968e+00
-1.447296026269845015e+01,-4.078274526267286149e+00
-1.480990193886574602e+01,-4.753655686070441533e+00
-1.431630794828507725e+01,-9.921801416970444265e+00
-1.490928406905198145e+01,-6.701550529210476448e+00
-1.397006876631764527e+01,-7.328059841930955720e+00
-1.311324277430995622e+01,-7.881629547368568467e+00
-1.165048766230018451e+01,-6.387763115937143965e+00
-1.113373699273867423e+01,-5.158538735524867747e+00
-1.137424614161435166e+01,-4.844982123893171178e+00
-1.154884230552337243e+01,-4.866929673059114947e+00
-1.025260707549287886e+01,-4.729046849784313444e+00
-9.826295592816023827e+00,-4.196860202404611329e+00
-9.504942159479735864e+00,-5.168112998315970152e+00
-1.451556221449073192e+01,-9.284236747436045434e+00
-9.226313955980232961e+00,-6.098492857969126213e+00
-9.551519417595839556e+00,-5.870723521333518491e+00
-9.819861646588464055e+00,-5.989671656888454265e+00
-1.042698734254611992e+01,-6.791984059661348994e+00
-1.114542537535976585e+01,-6.390076221487287711e+00
-1.126628706829131943e+01,-5.589393378202153428e+00
-1.160418553547953024e+01,-4.998729096592150256e+00
-1.103830377598934831e+01,-3.972435292527692674e+00
-1.072408015945262605e+01,-3.602212165713523984e+00
-1.139702478159555632e+01,-3.566792360004050977e+00
-1.254365271499519530e+01,-9.069406786000369536e+00
-1.237292325572198592e+01,-3.280430194474361905e+00
-1.185688518968951755e+01,-2.782498412382631514e+00
-1.175093920783458934e+01,-3.197834684003708183e+00
-1.198244489343262487e+01,-3.731114081499689483e+00
-1.151569836309475825e+01,-4.456540604939885242e+00
-1.178963555573456468e+01,-5.067675455998512213e+00
-1.071866836339042628e+01,-5.534783108678328567e+00
-1.092142307011247837e+01,-6.813532960013851891e+00
-1.161453526681207649e+01,-6.502645881783939430e+00
-1.172642202455081595e+01,-5.140136427745225056e+00
-1.240309319583401759e+01,-9.373391774387354047e+00
-1.222761313913785486e+01,-3.081404067539426528e+00
-1.226870852178737081e+01,-4.560866693127134219e+00
-1.086577864619336076e+01,-7.977034970835658712e+00
-1.008724148224260730e+01,-7.051059986194395890e+00
-9.624370732236103620e+00,3.171190995269488333e-01
-9.355726150383443240e+00,-7.256473824223008684e-01
-1.009135537984542630e+01,-6.529917511977330946e+00
-7.753163669183884110e+00,-6.744520119747862807e+00
-4.599247597195032178e+00,-4.438054367684137524e+00
-9.767475426408839922e+00,1.209459362817511430e+00
-1.036703039976022112e+01,2.530420798754680511e+00
-1.178685889135436859e+01,-6.236981140909744425e+00
-1.128427147071742986e+01,-8.657247202934900798e+00
-8.793393500669161256e+00,-1.163720513723453642e+01
-6.284301308744190351e+00,-1.157416598987331646e+01
-7.464018148005499675e+00,-1.217804357122374093e+01
-8.972396548516805126e+00,-2.432751085515716949e-01
-1.051156763065611344e+01,-7.707777289726298164e+00
-1.219702274174264467e+01,-7.966414631882146047e+00
-1.299479333410744886e+01,-1.888649858538018478e+00
-1.187934467942957539e+01,2.228867261102958075e+00
-5.926907801330661307e+00,7.080424900735642346e-01
-4.249796176362986344e+00,-2.141800247137617408e+00
-7.261470599657688041e+00,-1.780637454229412997e+00
-8.315273386565259273e+00,-3.374505524378891952e+00
-8.168813487992270694e+00,-6.675945683471662839e+00
-6.591383835372627509e+00,-7.682461894361913401e+00
-5.606850188869367813e+00,-1.355474889890675438e+00
-5.571429095598738002e+00,-6.097013239441693599e+00
-5.433872559648184719e+00,-5.108855090612642869e+00
-6.332627204863207737e+00,-4.403720445588959365e+00
-6.086156591508476765e+00,-5.262438988675292251e+00
-1.063909443775374797e+01,-1.741213034764050871e+00
-7.464040035992951516e+00,-2.005722847086139904e+00
-1.127448570258364136e+01,-3.992622778909327153e-03
-1.252136970709368491e+01,3.319570616419004416e+00
-1.194211417964075750e+01,-3.534871179156472643e+00
-8.672615680152389928e+00,-6.021074781292444555e+00
-3.373360516398062892e+00,-4.144528009404729652e+00
-3.943897250313275649e+00,-3.562290909254196336e+00
-2.930835314848347473e+00,-4.363444008159945042e+00
-5.004704964821826252e+00,-4.554356471739855472e+00
-8.032657288093608017e+00,-3.253123006977351572e+00
-8.553708384307086021e+00,-5.969976747412810703e-01
-1.055311619949146262e+01,3.854279571254746184e-01
-8.975068178830195365e+00,-1.843604113278049628e+00
-8.591447285901271158e+00,-2.637473743781250768e+00
-6.379735879135367327e+00,-7.663629902299000207e+00
-7.154175682936280367e+00,1.327779239486654994e+00
-5.396754829831372113e+00,-5.143183446467741504e+00
-5.974339021544927242e+00,-2.096071617542547116e+00
-8.401683556222550919e+00,-5.031989295393296757e+00
-9.492651863093914955e+00,-8.312304854772991192e+00
-9.172149219982477675e+00,-8.942400498922951968e+00
-8.352955265122162132e+00,-1.508478778963123723e+01
-1.106742528919650326e+01,-1.826181357103259728e+01
-1.734289411671034031e+01,-9.210209979837783223e+00
-2.104560730932926660e+01,-8.149144033020869315e+00
-1.304044596832735614e+01,-3.401151516181760037e+00
-5.395517663763439664e+00,1.932596198306623991e+00
-4.547412675591448128e+00,-7.522820714445646040e+00
-4.165879864858353265e+00,2.788285629986335223e+00
-4.768447253427060772e+00,-1.185256078660563706e-01
-5.421720509228319607e+00,-1.577562959651939378e+00
-6.820662412357222593e+00,-4.188518087230067799e+00
-1.052914167602145668e+01,-7.620316473110506195e+00
-1.038557551546660740e+01,-9.614576703095210064e+00
-8.725015804842071176e+00,-8.455637445291667831e+00
-6.540601489768418375e+00,-6.749259392235233967e+00
-7.887503937004104237e+00,-7.323979487551103951e+00
-8.339360633759660857e+00,-6.364001745685629707e+00
-6.461241647173703306e+00,-5.581151406018638461e+00
-1.002154124655548983e+01,-1.944722145195705298e+00
-1.221000340209867829e+01,-2.766544449171404185e+00
-4.899044410333942778e+00,-4.004793335973048762e+00
-6.925117081426625631e+00,-7.009733156926220232e+00
