-9.545035692318377951e-02,2.597261817113876922e-02
-7.920759162790451391e-02,-7.708452724983541268e-03
-5.825754969727153093e-02,3.620879476054397316e-03
7.365555328139336555e-02,-1.453547938374701032e-02
-1.299569283142510134e-01,-6.593875758355558503e-01
-7.369669230008456251e-02,-2.766989247697956844e-01
1.997387460719757812e-01,9.281820794206434300e-02
-6.606627541034128248e-02,-9.488299698907497193e-02
-3.863521966596859120e-02,1.617121270255309634e-02
-4.610313087882703664e-01,1.994478500241270713e-01
-5.491605569047296187e-02,2.049291672746051882e-02
-9.988046240484187155e-02,-3.375627489572561452e-02
-3.328706194713806216e-02,-4.048949110439735433e-02
-1.747465570345694830e-01,-6.722771067556629898e-01
3.046628558745168025e-01,1.798473903460822143e-01
4.281403507113836771e-01,2.509977779621547778e-01
-5.534175718064718308e-02,-1.004709649563941161e-02
3.032993285926097737e-01,1.923064092883652321e-01
-6.216357571022027573e-01,3.350844958652942629e-01
-8.133357569951367438e-02,-1.093756222841689267e-02
-7.516818972775957119e-02,9.878931056743470358e-05
2.154095614660384017e-01,-1.005163687002397777e-01
-1.638008725242741936e-01,-7.909175080268799896e-01
4.230221927885614158e-02,-1.686275751540960294e-02
3.273957768549018987e-01,1.630109888614840463e-01
2.545350590585456207e-01,1.572565313224281724e-01
2.895314880602057883e-01,1.990597158380225384e-01
-6.652231084316422294e-01,3.338251315983061240e-01
-4.013532068664394381e-01,1.839897751148295846e-01
-6.762599334865170009e-02,-1.245004295326398482e-02
1.004148935214463495e-01,7.064987691481774967e-02
-1.454490412849849534e-01,-7.119446882959009626e-01
2.556212705699406618e-01,1.502199868509092595e-01
-4.651057251010141946e-02,-1.930438277421444304e-01
2.484903831430853582e-01,1.334039577465687409e-01
2.517039291615003060e-01,1.542544425679184261e-01
-4.397616551213155422e-01,2.149266350950986837e-01
-6.381223456874730859e-02,2.106555881369199038e-02
-8.709063682191096889e-02,-9.898421568857623462e-03
9.941069900558879846e-02,7.201986299028680094e-02
-1.771288004509142811e-01,-8.487288953651215273e-01
3.538620422893576367e-01,1.872702457758949335e-01
3.827570956668445712e-01,2.284274396559031473e-01
-5.479768965690249433e-02,3.558671271798288533e-03
2.748427285949743837e-01,1.407889412946247698e-01
-1.013375018134534677e-01,2.732446900031501938e-02
-4.103056477898736620e-02,1.838339301444375309e-02
-7.040437296177473603e-02,-2.654412234509082383e-03
2.445627694238442784e-01,1.276211016893302186e-01
-2.252249599125224766e-01,-1.411346405502901469e+00
2.856362303006194231e-02,-3.945504798592108092e-02
2.960024607490887583e-01,1.656058251001426007e-01
-4.809699006858718373e-02,-8.195822618165293783e-02
4.265537827166170914e-01,2.229864440314067164e-01
-8.122214875761724073e-01,4.149999541057896590e-01
-4.553648124854275253e-02,2.599183989744795545e-02
-6.409204005136219517e-02,2.556394827930889846e-02
1.163398832056443261e-01,8.008622603482608293e-02
1.829367654580979496e-01,-3.146509291080133441e-01
3.797193898166634218e-01,2.308720108144804162e-01
1.508220725205155210e-01,-2.868600803465669660e-02
2.805753904648033425e-01,1.460356241847779735e-01
2.954932611000664067e-01,1.832202949310912377e-01
-4.417157058812048454e-01,2.718532148348982713e-01
-6.989887832877192397e-02,-3.937367997794490038e-03
-1.217644940231750045e-01,-1.179119229513472290e-02
2.722557952054850405e-01,1.720023028390135211e-01
-1.577363454250006181e-01,-7.956683804068251931e-01
3.023075716710859062e-01,1.835780451855900663e-01
3.381021788280774709e-01,2.002221158052363281e-01
-3.876798791579213338e-02,2.036000627825682724e-02
2.562307493323076613e-01,1.355941148325531531e-01
-1.130101117074749695e+00,5.519195412210372576e-01
-1.303839813285398164e-01,1.297396323887304789e-02
-8.487433968282680208e-02,-4.384082324906909967e-02
2.459256668620568020e-01,1.266636851394051522e-01
2.402133257229064484e-02,-4.974684466239832070e-01
3.296611942613512092e-01,1.914903600566184028e-01
-5.664413536139777106e-02,6.561485864214163487e-03
2.468163465843278004e-01,1.239155300079444327e-01
4.296684768333997040e-01,1.086476790055686953e-01
-4.456488000115853554e-01,2.162784859242748992e-01
-6.537207006729151004e-02,1.752330400675435832e-04
-6.976593397858633916e-02,-1.798173012007861157e-02
2.490755425837359871e-01,1.186603712941095429e-01
-1.305718156630185089e-01,-4.584639293106100300e-01
3.704251013227005118e-01,1.982614953429971405e-01
3.886730434689890101e-01,2.182243411638839781e-01
-5.105322341703370792e-02,-7.355911047422123653e-04
2.738600840754939481e-01,1.746456609897493462e-01
-4.348006092061475480e-01,2.118953272343722660e-01
-8.173708680343744204e-02,1.279135073683538085e-02
-8.852735050318814858e-02,-2.471005205868613205e-02
9.833382809502992650e-02,7.454104000181926981e-02
1.503623632250271867e-02,-6.150845604640137188e-01
3.783173476695042559e-01,2.390283577688601113e-01
2.782012093176945422e-01,-4.109820807351103472e-02
-2.905239464166320396e-02,6.101274113970323910e-03
-4.293361533006049419e-02,-7.850444406125210717e-02
-1.336861783501795131e-01,4.595043995942825477e-02
-5.999570382836662275e-02,6.067895376987051184e-03
-9.335509915135976888e-02,-6.344147033015229940e-03
-4.751801064508471423e-02,-1.803415013968398886e-02
-1.318641362543362394e-01,-6.311720880044533466e-01
3.462061598192227585e-01,1.998199753246947541e-01
3.473458986503659696e-01,1.907403166601614464e-01
2.304243087999235107e-01,1.243053315639815887e-01
1.374486996600420841e-01,9.768695293772465538e-02
-6.255705179726661624e-01,3.395189122679688754e-01
-7.062460509156562316e-02,7.414524586834512869e-03
-8.539826228535721264e-02,-2.878923387429848518e-02
2.404833055741118775e-01,1.482349061297717208e-01
-1.306301656447103332e-01,-5.134591936136703172e-01
2.389623357421526428e-01,1.418987426057780332e-01
2.563928727639129823e-01,1.512741831623548583e-01
2.363597993335693481e-01,-1.157269073452805996e-01
2.638904542538808573e-01,1.309766159431663135e-01
-1.301246496546243636e-01,4.241882508881571895e-02
-6.594315573610211312e-02,-1.163484876874700535e-01
-1.150433315126069000e-01,-3.995466032513280558e-02
-5.131323417125056158e-02,-1.646445304050388886e-02
1.072998748101202243e-01,3.134510794500460634e-02
9.735430245647960779e-02,7.457586964781925953e-02
3.070400140939119060e-01,1.929981649190710136e-01
1.151848030020499875e-01,9.425334956992789670e-02
1.937337686292023575e-01,1.334148651156501775e-01
-5.994029651301980843e-01,3.274331186626471268e-01
-4.864798653867703770e-02,3.622440814942150950e-02
-9.180284964971860417e-02,-1.007197309571665131e-02
1.055658796388268261e-01,7.395238315174994248e-02
-1.681419091191733162e-01,-8.251329079739219141e-01
3.924524860123523862e-01,2.401209105802239452e-01
4.280186320991441473e-01,2.972850569908563889e-01
-2.892331396872445393e-02,1.186055296723930244e-02
2.423787817123621846e-01,1.429586927191308643e-01
-6.402840981103612439e-01,3.761219925327446423e-01
-4.852877346642572864e-02,2.109959089033563301e-02
-8.678451060733172184e-02,-2.198004102671403948e-01
-5.520641317643448093e-02,-1.710559026033034403e-03
-1.724550127206329331e-01,-6.126665242855247051e-01
2.789401583214649594e-01,1.427526677254327414e-01
-5.141356049757397906e-02,3.930032614416873599e-02
-3.327327583010900036e-02,1.889715922683548113e-02
5.341156561826181093e-02,-1.395057335898936823e-01
-5.391280282844898020e-01,2.584799803350464331e-01
-7.011616305202947319e-02,1.069742853256466786e-02
-7.373378772513339285e-02,-8.068885158919975042e-02
-6.063156160841596393e-02,8.455423040906923787e-03
-9.005330039687564625e-02,-2.818250766917433925e-01
2.699656299371110402e-01,1.634282514101074446e-01
3.367442512100750074e-01,7.572634347379542108e-02
-1.943513108731728667e-02,1.080615615943784913e-02
-6.170540158032426087e-02,-8.840224820295544683e-02
-8.398559453702373334e-01,4.019796712726696475e-01
-9.861777544679328766e-02,2.560286928475973001e-02
-1.059903855604603373e-01,-4.348674825616970219e-02
2.381056832446799831e-01,1.373014167659720730e-01
1.942738786589985611e-01,-3.349824567895439142e-01
3.508681437963768746e-01,1.641861617027429165e-01
3.457992533788220024e-01,1.970129159296521160e-01
-5.274132677530936342e-02,9.331652743167583421e-04
2.586030503163471717e-01,1.369023763874395172e-01
-7.101578088491574681e-01,3.568016626103827638e-01
-6.572236506884171492e-02,-9.100757686720271911e-03
-6.593515161813030823e-02,-2.250315681239183768e-02
-7.148330442099183613e-02,-8.194780504044747726e-02
-8.784691015030027250e-02,-1.571269735756388453e-01
2.587308605332137579e-01,1.519595217342118165e-01
2.842099466088483517e-01,1.596133501797760146e-01
2.393407457054676224e-01,1.387293798671829226e-01
2.599983538786772574e-01,1.513003352399462931e-01
-1.057563449591879534e+00,5.230039492514259036e-01
-7.539408626334750951e-02,-9.483160211926303790e-03
-8.338195325380294565e-02,-4.153114331053140589e-04
-5.077160203680057549e-02,-1.081380724891691306e-02
-6.855354126334312070e-02,-1.071396711278915920e-01
3.689444231156848164e-01,1.720573556312469249e-02
4.497754247823966267e-01,2.592793993870121105e-01
-5.219969464085937039e-02,6.583811065903734036e-03
-4.437160564722075068e-02,-2.573865055692978188e-01
-9.561612237950126159e-02,2.521386861138031135e-02
-8.086224546964190796e-02,9.508745514799670645e-03
-1.222146575471894925e-01,-1.353937912709674007e-01
2.855609835165066612e-01,1.756388304871210893e-01
-1.802482673697020366e-01,-8.794346960891964438e-01
-5.614799642615268815e-02,-7.321913590133356797e-02
2.957225987651658228e-01,1.702434203235387855e-01
-3.589186167778033593e-02,-1.758033552921216547e-01
-1.772994974366473575e-02,4.351202985549812441e-02
-8.237607197848464402e-01,3.978298006059974301e-01
-8.207311583056280113e-02,4.449239204957022506e-03
-7.796140406301897696e-02,2.168812552665259213e-02
-8.683448191236317615e-02,-3.800052094877310327e-01
-1.374509777142658706e-01,-6.115975451897639470e-01
3.830277233016556870e-01,2.082517411483540692e-01
2.419455865947662543e-01,1.260418035823208938e-01
-6.645716883461898206e-02,-8.296252336228056301e-02
-5.278335645530052994e-02,-1.975438069284863804e-02
-7.101578088491574681e-01,3.568016626103827638e-01
-1.277142440050523797e-01,-1.153962672076550879e-02
-5.920287806976636674e-02,4.104472569546871105e-03
-6.297660955263857663e-02,-8.367720680736713545e-02
-1.581233621738266926e-01,-6.547026283573623706e-01
2.055358935447414159e-01,1.351991863145790840e-01
4.030739370992109799e-02,-3.364116311500624235e-02
-3.458388560750969704e-02,-1.138713281600474275e-01
-6.316087006958931438e-02,-9.767456705450218435e-02
-8.686417003079912602e-01,4.873430338714754839e-01
-6.833327294419977438e-02,6.065947879223501649e-03
-1.154952936694452759e-01,-5.490794207380463726e-02
2.380850203711619428e-01,1.394861882865617575e-01
-2.838814738883365663e-01,-1.193741143416694461e+00
-9.096178450569998575e-02,-2.195837288497490269e-01
1.102358069109765915e-01,-7.022692297560249874e-02
-6.505818499838363078e-02,-9.530866121220255005e-02
-2.459487314323573898e-02,-5.014757290407262369e-02
-5.229623706857975396e-01,3.089921941478809830e-01
-6.491741851243304495e-02,5.596133577043103068e-03
-8.522980129535676075e-02,-1.172056650035864164e-02
-5.868014894031198941e-02,9.039798466252034958e-04
-1.532749852602727503e-01,-5.066236583579236674e-01
4.272513951092248297e-01,1.132733101911383294e-01
3.035378344017551355e-01,1.598670057501621333e-01
2.476029128007438129e-01,1.275455212717091502e-01
-3.460175763060375359e-02,1.074010508059818243e-02
-4.985377901534968070e-01,2.232803845234782036e-01
-6.212836046050025651e-02,5.331533376483651825e-03
-1.057446230772643159e-01,-4.344244171506517899e-02
1.085469872382953255e-01,8.644367995717675002e-02
-1.532749852602727503e-01,-5.066236583579236674e-01
1.748071318738648322e-02,-1.434128942155228625e-01
2.853365641215039883e-01,1.601013357372689516e-01
2.406517276994390719e-01,1.237675932697362147e-01
2.471059262897743747e-01,1.414610967594250590e-01
-5.538753246857456292e-01,2.725437602760243383e-01
-9.264728261313076585e-02,1.237942892396813425e-02
-9.084802834037322694e-02,-1.832543833771800232e-02
9.779121166870297088e-02,5.684448968049613665e-02
-1.110109077045876025e-01,-5.166882760525496332e-01
2.640830500162487104e-01,1.399716051275331496e-01
-8.432584330609146916e-02,-2.080016832706690633e-01
-3.708157715871016058e-02,2.429749184082830374e-02
-5.545175065363501521e-02,6.272091290055618017e-03
-4.566227202258599238e-01,2.194854669150241855e-01
-5.181751176530701580e-02,1.859000007734126422e-02
-6.450188303965130598e-02,2.037563829227483168e-03
-9.477597634264636750e-02,-4.730452957624223242e-01
-7.822459222941026413e-02,-2.629979399296352160e-01
2.732119502333877348e-01,1.738850329057843036e-01
1.750182930965205608e-01,1.263411860563999067e-01
-5.960027323155313306e-02,-9.843313230352339349e-02
2.547222791076866333e-01,1.514950840450239034e-01
-6.762931221891089750e-01,3.396977680267487254e-01
-1.027196747627055901e-01,2.676479975091562713e-02
-9.153592788178888107e-02,-2.535357317463157734e-02
2.439520454188847942e-01,1.260501396378981565e-01
1.850081823400839542e-01,-2.796808734893914128e-01
-2.682144279521325725e-02,-6.582702879592629286e-02
-2.732334899621191929e-02,-3.410281222322312789e-01
2.571832009848437628e-01,3.435507785010528253e-02
1.050133982782998493e-01,2.442384362135778184e-02
-8.590555408465271325e-01,4.433245436024080832e-01
-1.065752714035281407e-01,1.422091908911315636e-02
-7.255672028533292905e-02,-6.187972735972776563e-03
-5.397082223899885012e-02,-1.339173626829673162e-04
-1.395017231192911544e-01,-7.350229631554500154e-01
2.833876300167320617e-01,1.736787490084212848e-01
5.947749289121666560e-01,3.320466911311782954e-01
-5.893064250520910902e-02,-1.823348305129922440e-03
2.601932090622415816e-01,1.385649888563786070e-01
-6.728609001767288378e-01,3.375411476101049524e-01
-1.031452067369803965e-01,-5.426202289580928442e-03
-8.736746579455866024e-02,-6.657682249826926690e-02
2.443203891688700558e-01,1.833047533905613272e-02
2.475045268685154010e-01,9.659343447664586746e-02
2.458294814603722844e-01,1.429263088122665337e-01
-5.168719901083581453e-02,-1.892408924055828945e-01
1.030203738120760715e-01,5.893582969096195640e-02
3.086541362632654328e-01,1.932032427982617595e-01
-4.352342606848007001e-01,2.474366495349757111e-01
-4.814670031938930034e-02,1.872988001907134950e-02
-7.982337600400954414e-02,6.108676923994410231e-04
-6.292420784627164587e-02,-9.855123135771012843e-02
-1.454490412849849534e-01,-7.119446882959009626e-01
1.359001408951451828e-01,7.699585164864544695e-02
3.716098715202054703e-01,2.198335229015219439e-01
-3.863720307237589191e-02,2.101201460845415758e-02
1.031915660710659294e-01,7.744427463754580132e-02
-7.754898908981434635e-01,3.753623046149702769e-01
2.984929833285291517e-02,6.806565209135830019e-02
-8.294405506274325768e-02,-3.493228177802917920e-03
1.067957395269531762e-01,6.325143559841379937e-02
-1.905596435069845107e-01,-6.839096853921174946e-01
-3.254079364362277155e-02,-2.071769826907401690e-01
2.837584830601126984e-01,1.575792319387921969e-01
-6.011427369738120419e-02,-2.390031928984417131e-01
-5.382753842989299042e-02,-9.721858545069853030e-02
-1.003446053174938957e+00,5.396033076365061021e-01
-9.681905161455436892e-02,-1.281294430990465374e-02
-1.275615826250987017e-01,-6.417168600316519589e-02
-6.579825729568659909e-02,-7.938131607413227708e-02
5.628185704357222680e-02,-5.472762433336137988e-01
-4.483678782650825367e-02,-1.255398618392294594e-02
2.822039934758873714e-01,1.422897075233180708e-01
-5.355563238908878088e-02,4.845649988995254231e-03
1.086891932219224838e-01,8.374125917730833313e-02
-7.922029560718738539e-01,3.819693280778386768e-01
-3.133318878257429843e-03,7.760961724149280372e-02
-4.934500772772736771e-02,-1.602701807266391359e-02
-5.407324798054385928e-02,8.765030133749150470e-04
-2.345693012648904230e-01,-8.946602570768742435e-01
7.028711911006485513e-02,-2.737127466828733965e-02
2.448148435602003903e-01,1.276188452103023119e-01
-5.859498115486346664e-02,-2.276532634531706553e-02
2.376452899882128267e-01,1.393730321822048424e-01
-7.149212541323105574e-01,3.375757366073547372e-01
-8.655681776004303662e-02,-1.750724616846615067e-01
-1.389943359688556035e-01,-5.369366530174118218e-02
2.378800875860659081e-01,4.165216333622960565e-02
-1.321866396959077428e-01,-6.940067755233740865e-01
3.457405456031366064e-01,2.004475128462203382e-01
4.274099660307668636e-01,2.675914036845315480e-01
-5.270123638718929998e-02,7.090794768136258683e-03
2.971850172547260693e-01,1.782300778321416757e-01
-1.305754944239780058e-01,4.228916043919435375e-02
-6.663315942895577104e-02,6.228909095698951723e-03
-5.431598668707452587e-02,-6.278631631982874465e-04
6.772593758069467285e-02,-1.806670136257700343e-01
-9.183684802780975320e-02,-1.847738931098608095e-01
-6.073581363549104828e-02,6.916189398685522634e-03
3.595735003842283062e-01,2.365761314161374806e-01
-5.325992402594018765e-02,-9.417310421688242228e-02
2.864729522800374961e-01,1.855754628333358136e-01
-5.996951664579637520e-02,5.636160578815470334e-02
-6.296395510753814706e-02,-8.561342752459828384e-03
-5.880144887830579536e-02,1.644858205028905656e-03
-9.316625251366239535e-02,-2.251323036235022002e-01
-1.182707092830160428e-01,-4.445945486304951899e-01
2.619631959508210151e-01,1.522295322073244639e-01
2.971872302681878662e-03,-4.539289199912405204e-02
-5.000683745264693919e-02,-9.535727695333735821e-03
1.140808228587496809e-01,6.183788277056288113e-02
-9.369685345734560800e-01,4.669057139826353620e-01
-6.001541633613746013e-02,2.165773834669209100e-02
-9.231527027986158318e-02,-3.005045095654925932e-02
2.382449286040401182e-01,1.378524554476200925e-01
1.055710767157612973e-01,-7.414221204174188395e-01
4.299691192452034239e-01,2.103172567937058313e-01
-5.379662038820576253e-02,-1.894430870653119603e-01
-2.843407369217185177e-02,-1.129031911537314858e-01
2.518203721157565300e-01,1.333970396505828604e-01
-7.318930537929210223e-01,3.978326637305066860e-01
-5.541804004152765112e-02,1.813379927439124142e-02
-3.641803220283408148e-03,6.661637408522676218e-02
2.333283078813423728e-01,-3.756271868008727310e-02
-1.218207300768937018e-01,-6.623096070348161168e-01
3.829694316863985759e-01,2.345969190167498108e-01
3.477906465131971794e-03,-6.363350632406788998e-02
2.357701252066718156e-01,1.373627253681389548e-01
2.517326776241305408e-01,1.308881802501467295e-01
-7.632381614967237438e-01,3.869386775550096025e-01
-7.645548078657804503e-02,2.690692686134016961e-03
-4.412397421859296648e-02,-5.520629385599569623e-03
2.767714303075340943e-01,1.702023903212957212e-01
-6.111999797900917464e-02,-1.126549221566127551e-01
2.681248271625714663e-01,1.761329498307547536e-01
3.332313468323508387e-01,1.997552312706720179e-01
-4.179314009479237479e-02,-2.330145903333354640e-01
2.491887900049989668e-01,1.416607457838826301e-01
-2.111937453654758878e-01,8.265666812086647219e-02
-6.245842689726337216e-02,4.137220200008772525e-02
-7.112026952815525549e-02,1.876940250351187209e-02
2.376543262064221840e-01,1.402470819896675380e-01
-7.586771004991128831e-02,-1.407247345896944501e-01
1.399726784188642936e-01,-1.696600753223370117e-01
2.440631957201762070e-01,1.262186710618964924e-01
-4.196306249801041305e-02,1.878708707321304419e-02
2.545414234022129740e-01,1.326894200390177081e-01
-4.068811602971060815e-01,1.549196648561494694e-01
-7.894836482926041732e-02,1.819146740881768046e-02
-1.121579103121143201e-01,-3.807419067586477468e-02
2.399551661140346126e-01,-4.752649617390869441e-02
-1.634919834988698695e-01,-8.619954652527441752e-01
2.499981188713248093e-01,1.441791277893936518e-01
2.582578001028846826e-01,1.799228860624756121e-01
2.336822627697628940e-01,4.106018489841241348e-02
2.798948805751114155e-01,-7.367272765083208996e-02
2.381686279447191579e-01,2.019595628488275452e-01
-6.126328380349394670e-02,6.737640877565108724e-03
-3.224782076617419002e-02,4.210152939347359263e-02
2.421059859189417796e-01,1.254682595248420018e-01
-3.863882396664919394e-02,-1.065753284191649219e-01
2.679484634345026817e-01,1.445615702950356629e-01
3.300522387601638741e-01,1.749420969660086533e-01
-6.598642855399873552e-02,-1.009907603598092646e-01
4.455725033136789109e-03,-5.125389812688310037e-02
-7.514891594730769286e-01,3.759716507385572615e-01
-5.881546098556437313e-02,9.076941202201194853e-03
-9.710658470437735779e-02,6.889296411720306334e-04
-6.599126033167777849e-02,-9.270271662172221983e-02
3.630863689540141104e-02,-4.137447532654787152e-01
3.552235999290903612e-01,2.059715044096945558e-01
3.314212311467443772e-01,1.790280595061709834e-01
-5.409726452353877391e-02,-8.049958025917238478e-04
2.400752453983128754e-01,1.396059510350110555e-01
-4.915655977249417941e-01,2.705325525115976903e-01
-5.454037322117816222e-02,7.256036640000955440e-03
-1.076502604252337486e-01,-4.453301643268057358e-02
9.894076305078004785e-02,7.492821614908204420e-02
-1.453960292425544865e-01,-7.270026766524001482e-01
3.971060884519732603e-01,2.292480760796092865e-01
2.158261087826212898e-01,1.591979173147813342e-01
-6.708499398001326053e-02,-8.016502208670618634e-02
2.701905028500815598e-01,1.473800950641685481e-01
-5.747340356535685091e-01,2.604314278820503148e-01
-7.507303434543359522e-02,6.829163920310146740e-03
-5.591928933785796085e-02,5.034971320578517789e-03
2.379428516846676944e-01,1.371508045686367638e-01
-1.503841096970665869e-01,-8.054279570803600796e-01
2.801677760169422604e-01,1.586458968428693106e-01
1.302834655812606657e-01,1.937853101997381519e-02
-6.264786212998127435e-02,-7.730512416446545798e-02
1.016324975195170149e-01,7.205972039590258227e-02
-5.835514103050499779e-01,1.173215575874718281e-01
-6.488128613110744070e-02,3.157450161645866671e-02
-1.007486936723323151e-01,-6.849916631139247800e-03
-7.114258022191229103e-02,-2.185393225522053173e-01
-1.507213249556897672e-01,-7.671667495620252408e-01
3.296611942613512092e-01,1.914903600566184028e-01
2.915102291776579535e-01,1.602142973041421059e-01
2.410552450148888970e-01,1.389882838604303283e-01
2.674445871286497689e-01,-3.075267467014622738e-02
-7.754898908981434635e-01,3.753623046149702769e-01
-8.169981997748203273e-02,-2.469458567425217820e-03
-9.851378863937648722e-02,-4.336087134376530490e-03
2.414330441017581430e-01,1.223971098766036963e-01
-2.048509398594718089e-01,-9.160201012510966745e-01
4.390458909709181734e-01,2.841438052392356584e-01
-1.089649076363112534e-02,-1.628947648507343970e-01
-6.952984347004421972e-02,-8.721579804269338765e-02
-3.917685180041858423e-02,1.052056691096611533e-02
-7.632381614967237438e-01,3.869386775550096025e-01
-9.968237306102228912e-02,3.095032997169617009e-02
2.461463323940720205e-01,1.111301570173787168e-01
2.372585344326631762e-01,1.390940267773555228e-01
1.606534741511524700e-01,-5.400928041678275671e-01
3.457405456031366064e-01,2.004475128462203382e-01
1.344125936444872937e-01,1.437361345140860357e-02
-5.177703359353052343e-02,-8.531537422938301196e-03
2.956663362394821304e-01,1.877502901154748938e-01
-6.970732791705998022e-01,2.434391097749054322e-01
-9.565404216655784553e-02,-8.373888089756972158e-03
-9.421512081535474148e-02,-7.881169013685619673e-02
-6.581892016920463939e-02,-7.719654455354259259e-02
1.762685010030140553e-01,-4.968059738680024595e-01
-5.313888492794980462e-02,8.934592022592799040e-03
-1.769505632416152816e-02,1.580763472324441324e-02
9.432694589547453712e-02,5.911661697159584228e-02
9.987059333991774035e-02,7.435762450336980134e-02
-8.345220445143360921e-01,4.356538207353719550e-01
-6.067212773373325402e-02,2.156891238461853058e-02
-6.071741715534589162e-02,4.007994704293550529e-03
-8.145304043865396471e-02,-1.589416995449317860e-01
2.606130325568229433e-01,1.145388431730497425e-01
3.733819828490117509e-01,2.138239920675136241e-01
-6.257133230206058869e-03,-7.041410460390744308e-02
-4.504270274856798928e-02,-9.382921995361066803e-03
1.957183713213608012e-01,-3.859794377553737998e-02
-1.376760670823984900e-01,1.453165169963545594e-03
-7.078265081468627928e-02,6.274502439884563181e-03
-8.893674466493879660e-02,-3.308239436524267399e-03
-5.493922684353493707e-02,-9.254827022746167989e-03
-8.450295591983084109e-02,-1.303846027418317510e-01
3.277951642699595824e-01,1.889313231059979448e-01
2.822908920400986066e-01,1.564672251111856871e-01
1.160825908800182521e-01,9.190482044799282157e-02
8.702291799005003325e-02,-2.468974747053042512e-02
-4.175276756793063204e-01,1.924600974049596458e-01
-7.769872224302024066e-02,7.036006255674537996e-03
-5.926160681570021016e-02,2.086868365152125086e-03
2.667747678890317053e-01,1.542789750341652943e-01
-1.884287424809894806e-01,-9.517649917552220007e-01
2.693976829228272307e-01,1.553923680919557238e-01
6.251244574694071743e-02,-5.457063160691222325e-03
2.663312600955293208e-01,1.356600369375730586e-01
-2.585507311890895138e-02,3.689626928328059718e-01
-7.807137468594297358e-01,3.837352037568571572e-01
-9.540568397073323492e-02,-1.693701182331863947e-03
-5.538020326302685314e-02,7.449576317386107267e-03
9.773819962627250391e-02,7.190247803699549578e-02
-7.342480619340249759e-02,-6.729044131876001089e-02
8.670071145224837739e-02,1.060693182872602669e-01
3.438866445666097227e-01,9.869624214001246343e-02
-2.933213192002092490e-02,2.889713231562285323e-03
1.270433139254266708e-01,-7.455244962191029390e-02
-8.334710775697594665e-01,4.482061983345417278e-01
-7.475926753383554946e-02,8.027639570051019885e-03
-8.850668762967009440e-02,-2.689482357927580267e-02
-6.410029912692648268e-02,-7.802863436587326174e-02
-8.367902682970346229e-02,-1.263700779375949435e-01
4.183660506276993402e-02,-1.623521999388400847e-02
2.979520758827384208e-01,2.082376281635848758e-01
-4.033808265788282887e-02,-7.599413224236538367e-02
2.940470815538748783e-01,1.461450412577852964e-01
-8.539903408923961159e-01,4.150183845091361401e-01
-6.546543336072141450e-02,6.340839304407544334e-03
-8.530180494454307760e-02,-9.300218743516529274e-02
-5.480342658834103098e-02,-1.710758348470815728e-03
2.561373277309245688e-01,5.404533023494428184e-02
4.387780017686839784e-01,2.785385857255101016e-01
3.401364955039873905e-01,2.020304209390991756e-01
2.587687062625479428e-01,1.505357443258821815e-01
-4.390558666168933172e-02,-6.538239760015800150e-02
-6.778812098140915010e-01,3.379571335360394002e-01
-9.211439566510933735e-03,7.241832909210202049e-03
-1.206153616085077762e-01,-4.052909473580817296e-02
-9.090499065238526188e-02,-2.069614801370271984e-01
2.076347628485548102e-01,-1.066655769322060465e-01
3.572466880762628638e-02,3.526698141259284464e-02
4.129606979490664798e-01,2.331086971925792062e-01
8.816802984170651891e-02,6.808813237843641675e-02
9.854979421016020480e-02,5.916795203412153481e-02
-4.297802995687848293e-01,2.114793413084379570e-01
-7.974272619329306200e-02,-2.204461768292970483e-02
-9.142263019211481490e-02,-2.619273147942845562e-02
-6.522044841040816610e-02,-4.341364912794937626e-04
-7.447199928058652330e-02,-2.503213404128302177e-01
2.916866796218475777e-01,1.715473355497632579e-01
2.772098266271547096e-01,1.608465207051418822e-01
-5.405802991436653437e-02,-1.230569883462519492e-04
1.125179749985677213e-01,8.168722724809977798e-02
-7.539814913853752909e-01,3.799941920904222892e-01
-7.111576320125516382e-02,8.912699041601903835e-03
-1.229753078149249390e-01,-4.664033750237439602e-02
2.452636637798849828e-01,1.433963610460949889e-01
1.884122164971086255e-01,-3.711935640249380275e-01
2.340820218483961879e-01,1.390314817471979270e-01
3.148676941064662560e-01,1.950480700338254325e-01
-4.625176520100258981e-02,-9.836433663734748048e-03
2.818602288901412845e-01,1.698982104441417729e-01
-4.390353360330143118e-01,1.851371231682563678e-01
-1.033198422878257028e-01,-2.732282782690359860e-02
-6.944285801499602839e-02,-9.811325928466561527e-03
-5.621259417305390915e-02,-9.238229502604765331e-02
-1.111577945537354090e-01,-4.054260450675643002e-01
2.612120010895362388e-01,1.531614180166210315e-01
1.557978086906935677e-01,1.003574985685013188e-01
-5.649752681376200847e-02,-1.067140058283379822e-01
-4.972168176841690324e-02,-1.099312367705892884e-01
-7.364919267915206458e-01,3.666205918408929620e-01
-9.780038335386542769e-02,-3.227452534674352114e-02
-1.087072011172653674e-01,-2.382200582384755988e-02
-6.856436630798426468e-02,-6.575093230226505825e-02
-2.111967283449387445e-01,-9.098863168465164408e-01
4.249892123614586459e-01,2.565591625536057241e-01
1.342585599691491216e-01,8.916899346478998623e-02
2.741270086201874623e-01,2.588742122098007872e-02
2.702396993539525893e-01,1.618004417492941716e-01
-5.549589025613725912e-01,2.544972333726031599e-01
-1.157035444076086744e-01,-2.440658944852568644e-03
-5.600801729228913062e-02,-2.541355222948671376e-04
2.237799018065473322e-01,-5.152007546602266341e-02
-7.739549179122109934e-02,-1.243463211492157466e-01
3.596378665442899192e-01,2.135961705370478247e-01
3.394276391080149752e-02,-3.291349248270657168e-02
-6.208380033736012049e-02,-7.253231679514811348e-02
2.361126829282205186e-01,1.392261269852072270e-01
-4.115807026941939450e-01,1.981533174422770160e-01
-8.740329803877676385e-02,-7.730740460486812578e-03
-6.906030948801300529e-02,-4.319094654874789524e-02
-5.019551735774568230e-02,3.992714921009712795e-04
-1.382197193605433916e-01,-5.957186306231798678e-01
1.121567998269498156e-01,9.020624173328212203e-02
1.840146721432197596e-01,-2.202606289608043111e-02
-6.089567825011350105e-02,-7.740850850725952692e-02
2.711665921635931231e-01,1.486826172540421931e-01
-7.257919734125337641e-01,3.788091569380673818e-01
-3.984604891250877190e-02,2.717731544604934726e-02
-7.413061719126150251e-02,9.045563688601845204e-03
2.379428516846676944e-01,1.371508045686367638e-01
-2.049126912234893738e-01,-1.087860540614068894e+00
2.420870457712829826e-01,1.438448713022381642e-01
8.607440695057080524e-03,-2.164889793451654498e-01
-5.781531584771706922e-02,-9.784536495190711280e-03
2.670242755308526172e-01,1.777426809533243224e-01
-7.966512958909359732e-01,3.784966423646353162e-01
-1.300197503476500649e-01,8.982601313804900465e-04
-6.978811876685589444e-02,-6.359808300664354652e-02
2.264172335864360064e-01,5.381738988235736099e-02
-9.111303785131294464e-02,-1.769779467916647031e-01
-5.739708075247498820e-02,-1.427837133140319112e-02
4.074606965447866158e-01,2.607405706894444508e-01
1.421595918836137951e-01,1.034935209012925322e-01
-7.321917615345985286e-02,2.319661503920291898e-02
-4.016515400736420660e-01,1.574249047468259111e-01
-9.490135253197454213e-02,-2.056347019262111664e-01
-1.056164163383867816e-01,-6.297494976553093260e-02
2.378772449668485889e-01,1.374617846157318857e-01
-1.513379540548066282e-01,-8.644904990327284544e-01
-3.334534334903254543e-02,1.109806099876360988e-02
2.927953614435499508e-01,1.681048909951709525e-01
-5.777487768292101367e-02,-3.060945579882572432e-01
-8.011086892671986925e-02,-2.200688965860101709e-01
-4.134648225707252545e-01,8.607115744427594473e-02
-8.651126315926840893e-02,-6.487328980514015138e-03
-7.307270053979568469e-02,-7.435656842851829686e-03
2.397684271200927753e-01,1.401589307280774743e-01
-2.228033054730257922e-01,-1.092901606686054850e+00
1.748071318738648322e-02,-1.434128942155228625e-01
3.704837625686087654e-01,2.108331211358859536e-01
-3.866044675056636709e-02,-7.918934125938337232e-02
-7.241759499086795893e-02,-1.929470717387215539e-01
-8.464132203034039348e-01,4.702347581843522306e-01
-1.005336941844977849e-01,-2.227821518382677723e-02
-9.213622837853900627e-02,-6.758640908472336208e-03
2.414330441017581430e-01,1.223971098766036963e-01
-1.238393903757519510e-01,-6.791964440850056794e-01
3.366190294958929519e-01,1.944723493072431642e-01
-2.889678708322210299e-02,-4.764273109451356430e-02
2.458507289208761160e-01,1.276489056145032053e-01
1.021741296539670080e-01,7.771036618748956848e-02
-6.073413664178238802e-01,3.087347423107315580e-01
-6.914284537710488343e-02,5.988347820575493606e-03
-7.391958957656308282e-02,9.381467474486849221e-05
3.066996637717806506e-01,1.973281261756096860e-01
-1.436337262600685394e-01,-7.633272391408212343e-01
2.648654659626754060e-01,1.518030925364506623e-01
-7.901479791277813552e-03,-5.107690773996176326e-02
2.540971996741943073e-01,1.186931583695480935e-01
2.638996784414255337e-01,1.561110496397506153e-01
-4.297802995687848293e-01,2.114793413084379570e-01
-8.370362541360847064e-02,2.803397184425963570e-02
-9.742686544811501870e-02,-2.311551626329908307e-02
2.713896513486749318e-01,1.314074228725167770e-01
-6.086310294796130199e-02,-7.103533413717377787e-02
6.234397965254665636e-02,-2.580742164304614811e-02
3.364069428280107577e-01,2.062365751375368206e-01
-1.656677784941105666e-02,3.140930481810001729e-02
2.430855378189173410e-01,1.425985911378285509e-01
-3.781222702316070494e-01,1.798293870208583778e-01
-7.209938083140055021e-02,3.741597800325838306e-03
-1.273992739716747480e-01,-5.156986689904276971e-02
2.278308098313575336e-01,1.208130908703643897e-01
1.614064974236046612e-01,-4.408656364297484642e-01
-5.996721163972901919e-02,-7.739190245664492873e-02
2.888217674825133141e-01,1.617632746799994303e-01
-3.178059834240053866e-02,9.812729813705241277e-03
2.681889327926458289e-01,1.487798120680755010e-01
-8.425327061803049578e-01,3.974356730439043139e-01
-1.085207757097039621e-01,-8.425927352779444268e-03
-1.018343213203521669e-01,-1.189377024402667182e-02
2.052356231905868855e-01,1.104048573074189743e-01
-1.096830739237984742e-01,-5.366072012731488705e-01
2.659582712642558633e-01,1.380425491579201080e-01
3.408575529054344577e-01,2.285836933785640457e-01
2.583433603871468365e-01,1.518561987084353082e-01
-3.309333863985616103e-02,-1.743917102999779367e-01
-5.666396067422991845e-01,3.135190179661300203e-01
-8.555192442416634235e-02,-1.966547981000719980e-02
-1.525497976568721548e-01,-5.617329058108415374e-02
1.017876681320834809e-01,7.515315397595119518e-02
-2.121704122717270879e-01,-1.158384643795729918e+00
2.094490218425598682e-01,1.165734713956830676e-01
5.258383538511409716e-01,2.600969827476756757e-01
-4.839161034678456791e-02,-8.774883258996645993e-03
1.150225166496185308e-01,7.281401411630940290e-02
-1.429862287566378287e-01,2.926625231894538701e-02
-7.192487420093199302e-02,1.747542761408425044e-02
-7.144811933578389118e-02,-1.167006595721893115e-02
1.173486646908268732e-01,9.487329798115642920e-02
-1.436433097040802354e-01,-6.438525045201878294e-01
3.542145630991536120e-01,2.117368568501862558e-01
3.091544192525377821e-01,1.589112316021220606e-01
-5.727368371326707619e-02,-4.133890703603729407e-03
-9.271624895299429570e-02,-2.058519618076555258e-01
-9.638926967775085508e-02,2.668992495915042604e-02
-6.720700621413881748e-02,-2.492644363704571257e-03
-8.854041321896330419e-02,-2.471130416099230273e-02
2.708217306704078231e-01,1.764333003702598657e-01
2.100838648769013106e-01,-1.009235071845480808e-01
2.663757315913483636e-01,-1.206002104603133389e-02
3.940994935977058106e-02,-1.852473713874234762e-01
-6.099272332675170771e-02,-9.304692948587170442e-02
2.748741760714749072e-01,1.735224383527342873e-01
-9.427021424857447152e-02,2.525253790317590064e-02
-9.032445520877233069e-02,9.061437678489249470e-03
-1.100790792703145587e-01,-2.284269058026671892e-02
-3.591054527197933000e-02,2.141693382371035294e-04
-1.379078133786522387e-01,-5.596277934151980826e-01
2.311390967484877046e-01,-5.037736840825644824e-02
-5.168719901083581453e-02,-1.892408924055828945e-01
2.434146545480690427e-01,1.343666040245343196e-01
2.686479324585426265e-01,-6.200689949598732487e-02
-6.404059314102482359e-02,8.063954000037181977e-03
-9.161026039348943439e-02,5.305804545799873949e-03
-1.061836991313092199e-01,-3.273040429908113252e-02
2.309549201403579555e-01,1.353006976528558503e-01
-2.617014642034557470e-01,-1.195884382110337985e+00
-4.301427657925933207e-02,-2.708809273120774651e-03
3.466727133096646485e-01,2.072988114580942842e-01
2.442503195580667530e-01,1.405612030500417997e-01
2.799231456598978429e-01,1.968066616043113726e-01
-7.949567752241242236e-01,3.629896196364743588e-01
-9.648070375595174664e-02,4.595298926261535966e-02
-9.992554328188144042e-02,-3.700156446543961808e-02
-7.393045778869607176e-02,-8.154429191839229762e-02
-1.674236731388202004e-01,-8.124370458904642822e-01
-5.552585865615539129e-02,7.750895573050202610e-03
3.063751543918740161e-01,1.361369578797477775e-01
-4.085868700650847202e-02,-1.301551564573169041e-02
2.507222064720214250e-01,1.267446588379325945e-01
-7.503227888080278574e-02,1.256037707397083224e-02
5.050946588061284992e-02,8.206313093871393793e-02
-9.023648785788240811e-02,-3.432823900990086569e-03
2.640518742924244933e-01,1.550368950846612026e-01
1.765132889537966154e-01,-3.484964267338374611e-01
2.484060031955566128e-01,1.461455840334291156e-01
3.162484108530809745e-01,1.744753058750289354e-01
-5.463362459640786623e-02,-8.917068723375140560e-02
2.923953474883028703e-01,1.785779699970454493e-01
-2.566956586548399533e-01,2.532466187155045789e-01
-9.301212181247366095e-02,1.463138161906202273e-02
-6.743675269723053978e-02,-3.047095243479963720e-03
-6.556397461767610180e-02,-8.326303846503779749e-02
-1.312052281063082748e-01,-7.500662338257166883e-01
9.990144045938648132e-02,5.825449549303560182e-02
1.374667864575516707e-01,7.528988741900353998e-02
-4.844462238921502795e-02,6.283105097502723543e-03
2.625155933816044618e-01,1.552551443423913768e-01
-7.513613501709811571e-01,3.771972275042708711e-01
-7.707493499577086626e-02,-6.972090724480141041e-03
-6.369489485223965575e-02,3.084705623686879311e-02
2.152404140682142308e-01,-4.158306562088397856e-02
-1.304792040826477095e-01,-5.373237122787856146e-01
-3.704602744627977923e-02,-1.515879652640358607e-02
2.745740525194607096e-01,1.800671954845834144e-01
-6.955634272658546557e-02,-9.915823134795294369e-02
2.442153899957474061e-01,1.430730418893534361e-01
-1.369027411645380998e-01,4.453289092762609258e-02
-9.411208201029068465e-02,8.682042213205674527e-03
-1.131524785690887769e-01,-1.924057710728980380e-02
2.379428516846676944e-01,1.371508045686367638e-01
-8.178419061750225039e-02,-1.700359754662720269e-01
2.861288402036769596e-01,1.443947110027717085e-01
4.142941321177435188e-01,2.221555211566509092e-01
-5.206890979744312892e-02,7.235819396101066982e-03
2.567636231817572168e-01,1.608618728945341581e-01
-9.345309859992406709e-02,3.486129374765281619e-02
-2.570344862988571243e-03,7.570826431149992042e-02
-8.959543550017369518e-02,-1.121195780076590133e-02
2.217198091713499519e-01,1.019234778952616827e-01
-1.519177740295631074e-01,-6.116463265056993892e-01
-4.220835098404280422e-02,-7.313641089675515343e-03
1.830471502040837556e-02,5.812229868969352731e-02
-5.305409064275885822e-02,4.338666286762733922e-03
-4.776896127281839849e-02,-3.209464642534902434e-03
-8.894719160485791143e-01,4.961776680285946983e-01
-2.573644240071190636e-02,4.523875241205144171e-02
-1.283087942251638081e-01,-7.617845964041046469e-02
2.590664767965625837e-01,1.374288762182530876e-01
-2.320086112911749487e-01,-1.183636703089927300e+00
4.051075321416893193e-01,2.083666191801766265e-01
3.243906101190873192e-01,1.910835158162794423e-01
2.386763493304373540e-01,1.291231413054550192e-01
2.527520581448155501e-01,1.420022962188895455e-01
-3.587792230861465703e-01,1.657757145892837791e-01
-6.798266275073476528e-02,-1.588710282762649572e-03
-5.284084308358217436e-02,1.273154666531508238e-02
2.512522426474242954e-01,1.255375661383495989e-01
-1.986803888584323663e-01,-9.508869515916207327e-01
2.360084845022377420e-01,1.395687698737021198e-01
3.065959508591254989e-01,1.759274360643765245e-01
-5.734197327582488818e-02,-9.759733216961709312e-02
2.436827409308305881e-01,1.444019596891656654e-01
-8.900795268102383861e-01,4.800420889540766844e-01
-4.778415788401343262e-02,-9.780247506669159652e-02
-8.700879682454519537e-02,-9.575597058279424617e-03
-5.805619300871420890e-02,-2.668072889785508273e-02
1.825590803117374816e-01,-2.854229432370494757e-01
2.617179996260052266e-01,1.404769249617765503e-01
2.054766060580052317e-02,-1.228733177864692050e-01
-6.883717785988104076e-02,-8.006163774391213128e-02
1.143612911699178614e-01,8.764396751512198991e-02
-2.406677949046147069e-01,1.008517354282575523e-01
-7.707493499577086626e-02,-6.972090724480141041e-03
-8.946883370400726676e-02,-3.176829094681656723e-02
9.145894854972248800e-02,3.374946470869990417e-02
-1.607188740193124799e-01,-7.979289110722479483e-01
3.457405456031366064e-01,2.004475128462203382e-01
2.960024607490887583e-01,1.656058251001426007e-01
-5.458092607668431351e-02,-1.153139683844332623e-02
2.536612282213550063e-01,1.512469014389176691e-01
-1.027623311706144377e-01,-1.000583242278743276e-02
-8.196744846530784612e-02,9.676173185987848105e-03
-8.686688259238402321e-02,-2.395789833065695151e-03
2.392526034925963052e-01,1.225693741717593654e-01
-2.303127688539226003e-01,-1.104973854670100231e+00
1.946838124927253444e-01,1.292782424504774486e-01
2.939315084056043914e-01,1.750527562226671940e-01
-6.664739105383872542e-02,-7.803002049502924531e-02
2.821290219588413750e-01,1.832312928071758440e-01
-6.728609001767288378e-01,3.375411476101049524e-01
-4.594803313739872358e-02,1.813775213036809483e-02
-9.645222054390528710e-02,-1.764372242920680262e-02
2.255899406437378019e-01,5.373809125722744245e-02
1.915209149125016164e-01,-1.564233898199626216e-01
2.356821384013333409e-01,1.242754189814993387e-01
3.176052754072627993e-01,1.805428112282650155e-01
-5.102988172436527525e-02,-1.566930744768016137e-01
1.127767644928920482e-01,8.388192565251166577e-02
-8.539903408923961159e-01,4.150183845091361401e-01
-5.037536751666563117e-02,3.421912009516318159e-02
-9.298147335789465340e-02,-1.020534529922309946e-01
2.388340393324023536e-01,1.396943967638788198e-01
-1.425773279247492531e-01,-5.952222767215886723e-01
-5.614978384946805318e-02,9.590846005152838969e-04
2.975937952677300546e-01,1.613266165926962592e-01
2.458899635300483555e-01,1.283308444287486749e-01
7.145287167417112284e-02,-2.736341817284374672e-02
-1.377702910521216295e-01,-1.015735315900291244e-02
-7.022721186033782648e-02,1.346712369585643769e-02
-9.364793372981354558e-02,-2.797277677361397624e-02
9.811130846071115796e-02,7.274799433416270777e-02
-6.190665981522290584e-02,-1.097905548369663004e-01
2.912812647283302137e-01,2.088548710752617110e-01
-5.542519299148968709e-02,6.274636925327110176e-03
-5.708759395603870551e-02,-9.276720283215990348e-02
1.169704900126396080e-01,-1.384516654754243958e-01
-6.208158017323008870e-01,3.967574287589806237e-01
-8.208220869918496365e-02,-6.654818954374673752e-03
-9.620116285673836753e-02,-3.299851994946675221e-02
2.463262403928679067e-01,1.234205717800462010e-01
1.599603556435660046e-01,-4.559526935736374353e-01
2.730288773707590377e-01,1.430868175817098520e-01
2.976468073101605216e-01,1.462686282361968793e-01
1.139677645884451807e-01,5.483211834157611375e-02
2.850881659287802794e-01,1.702213037638118098e-01
-6.533926037986684809e-01,3.581765838363408228e-01
-8.786188198209052280e-02,-6.765483661582629912e-03
-4.045550163352568812e-02,1.673618468360924677e-02
2.323153032266529749e-01,1.380521284206641941e-01
-1.584826011106351407e-01,-7.777709721534841192e-01
4.272824894295818021e-01,2.484756682490737445e-01
3.928361963492398301e-01,3.237387251664260168e-02
-6.112101938313346111e-02,-2.457958245812121578e-01
1.049991301112354197e-01,8.362597875326767405e-02
-2.153500270210191025e-01,4.975025220672116277e-02
-7.718209193252388578e-02,5.868017738165681035e-03
-1.063162465868105616e-01,-2.477127406698379289e-02
-4.896456478368911569e-02,-1.611131000972178540e-01
-1.607188740193124799e-01,-7.979289110722479483e-01
3.673830070651928903e-01,2.013759162639021105e-01
2.934560921678622814e-01,1.627945066503402038e-01
2.474113667759496593e-01,1.474384918982276083e-01
2.177332390434139064e-01,1.548452223385586579e-01
-1.178534779006847888e-01,1.053749773337977341e-02
-5.299358284626025373e-02,1.818220949599607533e-02
-8.074825545255173709e-02,-4.903912281964579317e-02
2.337340348717254490e-01,1.105954523630249681e-01
-2.023667229470041684e-01,-9.600993367198018547e-01
-8.275345370097247910e-02,-1.680959632783596835e-01
-9.742374876551408713e-02,-2.421595489879555529e-01
-2.674179254905566239e-02,-1.472416568164666151e-01
1.169089343078777432e-01,9.476014187679951406e-02
-3.234035557611293354e-01,1.469565637211695253e-01
-8.858592751891579409e-02,-7.966336209464883883e-03
-5.197982295772377720e-02,8.965370269017013810e-03
2.772418542948175690e-01,1.673682368353360261e-01
-1.471574473217736878e-01,-5.264325266073733856e-01
3.738479155791550324e-01,2.286217554777726368e-01
3.490057413792856389e-01,-5.977515473323938289e-02
-6.096291111358921599e-02,1.555684318748484091e-03
-8.614528625175772725e-02,-1.998272076787455942e-01
-6.458846693186767185e-01,3.218041799233283817e-01
-7.480235528048564952e-02,-1.618112238422825949e-02
-8.992461797934629686e-02,-3.402930194286036235e-03
-9.359957105276242584e-02,-2.445408651349074980e-01
-1.665805361812024155e-01,-8.341400183076421726e-01
4.213615642233498049e-01,2.298136146498584165e-01
2.643226073717945823e-01,1.942793093778217017e-01
-3.619188754865244884e-02,2.223351591337977343e-02
2.719119158938907987e-01,1.907180733172070819e-01
-3.774840626403613286e-01,2.408114484290487523e-01
-8.753848818321317837e-02,-1.020314772567704024e-02
-9.384937041172909666e-02,-3.215960073835460314e-02
-6.529978714431816655e-02,-1.893203509780733498e-02
-1.337257405967064439e-01,-5.126563313950203149e-01
9.594300359367904929e-02,7.513174482911083585e-02
3.043933763077629751e-01,1.506746992680640940e-01
-2.311867546850309568e-02,4.448804531637313292e-02
-5.677765236726825537e-02,5.257533517410533904e-04
-2.421395987366098956e-01,2.356069155764783374e-01
-5.913343571004474331e-02,2.157222050868748062e-02
-1.551515048135438113e-01,-7.009804058909786806e-02
-9.493082912310941979e-02,-2.139986404513085638e-01
-1.034003421744236900e-01,-2.607016401501692227e-01
-5.650068020348227027e-02,-8.320668025836428297e-03
9.677545438527616894e-02,6.173604759360710320e-02
2.548185699788687586e-01,1.538058122181892862e-01
2.543485116408277236e-01,1.374864073105814266e-01
-1.438869512662044325e-01,4.768136460240742641e-02
-6.466390235403494946e-02,2.211494609614864798e-02
-7.149306318008497030e-02,-1.354385743071347820e-02
9.831244948091823199e-02,5.785087544480976146e-02
-6.358040572680052904e-02,-5.700104123118999305e-02
8.177280570324825526e-02,1.679682114542249347e-02
2.489150432168355520e-01,1.329768733429970429e-01
-5.558561772387332622e-02,-1.561364602728581956e-02
2.902103026345492220e-01,1.832796583546824343e-01
-3.786306929343220551e-01,2.366328313774574144e-01
-2.638010808550575459e-02,5.700314774610371060e-02
-1.175808200845128854e-01,-6.953456113741895983e-02
2.418980955874900918e-01,1.040520469400655068e-01
-1.940103583520377817e-01,-8.071264739412301603e-01
3.094775739693531591e-01,1.607780546616428829e-01
4.187650286147880929e-01,2.929387667122281269e-01
9.923712218334533597e-02,6.300233397640972455e-02
8.983647201371176838e-02,-3.037325245567834009e-01
-6.538650127195159978e-02,8.025284708241594428e-03
-5.028538090503304608e-02,6.123381640294472267e-02
-8.921323131242862858e-02,-3.114841303368584904e-02
2.379428516846676944e-01,1.371508045686367638e-01
-1.216525614256490362e-01,-4.989378495205706865e-01
4.128428293847049013e-01,2.441360413797911411e-01
4.387192464758115501e-03,-4.764141081766699870e-02
-6.118045641622524983e-02,-9.199159291526862181e-02
2.518049707257538072e-01,1.505067824498819151e-01
-8.498895211783871195e-01,4.652205525665888408e-01
-7.733883858296138059e-02,7.275555769315672321e-03
-8.408943478135420813e-02,-1.898506700899702249e-01
-8.322262528624965738e-02,-3.281205946766500570e-01
2.035855968709045505e-01,-5.103031035543279664e-02
2.856446081648861823e-01,1.495054539936173654e-01
1.009399733111082942e-01,7.594175664165178641e-02
-5.743336097124718265e-02,1.528581692061310162e-03
2.491656575702315690e-01,1.416585284674058698e-01
-1.290425740578985125e-01,2.737302594041189294e-02
-8.233887621261970491e-02,4.128643309000212119e-03
-1.478806315407301120e-01,-6.379100442080580524e-02
-7.247154381805012702e-02,-9.315161541723369909e-02
-9.570016635185832343e-02,-1.872161340406543750e-01
3.271753620424889819e-01,1.902255078795921095e-01
2.825827400739026052e-01,1.571104909095024926e-01
-4.950035738846902261e-02,1.019880796260934017e-02
2.879998904033382323e-01,1.914568873449939146e-01
-4.974137283339251647e-01,2.214954282558473098e-01
-5.548868995815989247e-02,1.797988035090515233e-02
-8.891608179142075630e-02,-5.493010957113946685e-03
2.397672057283594671e-01,1.331745241237020372e-01
-1.003183436694620040e-01,-2.677130431955371814e-01
2.871750974859098582e-01,1.035420239635644335e-01
3.061565192428357118e-01,1.749156771346908334e-01
-5.900562905151290893e-02,-1.078404757659618129e-01
1.096573805476818708e-01,7.802514110339398012e-02
-4.183915284023641545e-01,1.867948738720934809e-01
-6.986804377443754654e-02,2.465076839887096055e-02
-7.429611275605436937e-02,-8.430394979625204649e-03
2.380011963572434830e-01,1.073674933135505133e-01
-1.581233621738266926e-01,-6.547026283573623706e-01
5.340009920938388471e-02,5.969252704642439428e-02
1.509277136247779982e-01,9.311654124719456749e-02
-4.529676058549722550e-02,-8.079275460202314796e-02
2.781189749471021377e-01,1.773880589323845736e-01
-6.728609001767288378e-01,3.375411476101049524e-01
-6.594344285108034998e-02,1.325904487704850088e-02
-1.612821291512752872e-02,6.087042619725054060e-02
-3.608635053681730903e-02,-2.461742703618971240e-01
1.764251065182888545e-01,-3.776022296912580067e-01
2.596041354352625063e-01,1.795586776986587974e-01
-5.753461436885963509e-02,6.072442265598057380e-03
2.397292429764598665e-01,1.235075455504328207e-01
2.592656729442792130e-01,1.703634726269377953e-01
-5.056044957990424304e-01,2.500762642849972406e-01
-6.737115891715621252e-02,2.805999811157590743e-02
-7.206015695911444086e-02,-9.105031939931470739e-03
2.511348018457031372e-01,-6.219715155414619334e-02
-1.349510277838548988e-01,-4.954368221574808606e-01
-3.344470282617615503e-02,1.329376732728720922e-02
-1.098948050695429043e-02,-5.953887198135109776e-02
-6.255973707653923743e-02,-1.799009463785329957e-02
2.918380714120444308e-01,1.541315100340214239e-01
-4.078798589746210346e-01,2.024688973712859275e-01
-6.685895824867596482e-02,1.736359199478348242e-02
-9.416407888520859915e-02,-1.232830959231125297e-02
1.265867129693660498e-01,1.012577285321823450e-01
-1.829640835085955541e-01,-9.527724540930119224e-01
2.058911445931908835e-01,1.317406288687947846e-01
2.372704865846550493e-01,-6.558511623191896900e-02
2.684979607487527065e-01,1.774470847979729982e-01
2.564716089683776734e-01,1.343765574921198247e-01
-5.024149085001238246e-01,2.679945052084028445e-01
-5.096610828539730603e-02,3.002211911066419298e-02
-6.446807531767109745e-02,-3.297148666817125567e-03
9.753991769329840855e-02,7.186994277788998076e-02
2.302348053862261212e-01,3.112714953837904600e-02
-5.747435814400853049e-02,-1.428577861192736713e-02
2.518610525649692677e-01,1.633040416024698627e-01
-4.924600634868405574e-02,-1.102002803813765218e-02
2.423787817123621846e-01,1.429586927191308643e-01
-6.778812098140915010e-01,3.379571335360394002e-01
-6.472830350393563026e-02,6.315821763657913923e-03
-7.402591497165851575e-02,-1.404827222512414729e-02
7.453599903096116974e-02,3.488855127807817536e-02
-1.489446447241710991e-01,-8.076145959945046915e-01
-7.318019398025935041e-02,-1.992910660024209413e-01
3.110255019927972708e-01,1.751028118050493576e-01
2.359211586823850570e-01,1.388662398753332250e-01
-5.839782613798569916e-02,-9.446800915607861393e-02
-2.087761787691911064e-01,8.280717445903990059e-02
-6.331428765176518036e-02,5.961777558390109893e-03
-7.149306318008497030e-02,-1.354385743071347820e-02
9.767259290845335673e-02,7.221345808409061762e-02
-1.379177133856493986e-01,-5.478217672399757765e-01
3.457405456031366064e-01,2.004475128462203382e-01
1.247588575178083976e-02,-8.475071523240480798e-02
-3.377254743538701809e-02,2.016167263868027040e-02
2.419713897872898256e-01,1.434075659828108751e-01
-1.021374876395396564e-01,2.449843505613593861e-02
-6.969380595080974794e-02,9.991078973842723067e-04
-8.085262790368581698e-02,-1.022982141907991319e-02
1.007898334151797609e-01,7.774111217757379011e-02
-1.520867725208338295e-01,-6.478433873434794599e-01
2.613969259920631005e-01,1.524482386644316900e-01
3.909210623680065000e-01,2.404831454082097253e-01
2.652434937898001666e-01,1.374933915807209361e-01
1.106916604997097986e-01,7.207595802141142372e-02
-8.079709629300247942e-01,4.087998632868359294e-01
-1.016069897158049934e-01,-7.746292142696845767e-03
-1.354711997694011683e-01,-6.468427840466343948e-02
1.254363229379030775e-01,-8.982997152761598714e-02
-1.490718418995309880e-01,-7.334642261594853663e-01
2.543132093280419670e-01,1.596859480297503353e-01
3.162484108530809745e-01,1.744753058750289354e-01
2.546877851354525379e-01,1.531538038879919905e-01
2.792002758705518506e-01,1.775569721533403755e-01
-3.936045949379010644e-01,1.829541909830191548e-01
-8.060281647525255333e-02,9.161966281135009924e-03
-8.338195325380294565e-02,-4.153114331053140589e-04
1.078419453573669223e-01,5.559355383663117101e-02
-1.643446561750570301e-01,-7.458059875597190524e-01
2.404591809636345834e-01,1.275477538009478495e-01
6.160718603767782742e-02,-2.763115548096395924e-01
-5.825822552734287452e-02,4.479305816654387609e-03
2.731682504982335669e-01,-8.031530919106553285e-03
-7.842334104435062514e-01,3.795378280492853196e-01
-7.128150974563282616e-02,6.850615966195994742e-03
-1.031777257450093022e-01,-3.644954130155438239e-03
2.459127003837162651e-01,1.415360934013162042e-01
-2.644885640816679317e-01,-1.213337486679186616e+00
3.353374637163517025e-01,3.983251803397100084e-04
2.411446253695034014e-01,1.411900831732930128e-01
2.479179740786886521e-01,1.281535210085807119e-01
-7.909417484551845012e-02,-2.022018785943373309e-01
-9.550049445816736204e-01,4.958671902308977586e-01
-1.164469270903998321e-01,-8.413938918524236851e-03
-1.078813475576451270e-01,-1.844838699820583114e-02
2.165718165068287182e-01,-5.208582542316082115e-02
-8.435991736991671486e-02,-1.305929159832779352e-01
2.329038097308388233e-01,1.335579548753135226e-01
3.030035207992022306e-01,1.913019671261095289e-01
2.556901633722382661e-01,1.586053675686957543e-01
2.625538341969774203e-01,1.632340273640644768e-01
-7.823178043801202186e-01,3.076697454614261140e-01
-6.198037932632144420e-02,5.439726624163616388e-03
-7.584176563349200040e-02,-3.279280958359821752e-02
2.526462522624882134e-01,1.597319734116436352e-01
-1.243804006822763486e-01,-4.893082171384969814e-01
3.783173476695042559e-01,2.390283577688601113e-01
1.534680105390631710e-01,8.011017707573052371e-02
1.078118543962744702e-01,6.374789085136202405e-02
1.230265760505219186e-01,7.084629271455947230e-02
-6.851509268483924053e-01,3.302121815668921379e-01
-5.626631358486884615e-02,7.569114352337378074e-03
-9.230763580465052576e-02,-7.383295779744082458e-03
2.634965936209777149e-01,-1.526191141333257950e-01
-1.394228647494993312e-01,-5.665234164688116580e-01
4.364696926460200910e-01,3.008485545983869414e-01
3.041219887954470513e-01,1.682989960132138252e-01
2.389153998300665160e-01,1.400498342497361326e-01
-6.625865055215378330e-02,-7.730970065789950774e-02
