2.837439999999999962e-01,7.293370000000000131e-01
7.973120000000000207e-01,6.261489999999999556e-01
2.785369999999999790e-01,9.485200000000000298e-01
3.750119999999999842e-02,9.709020000000000428e-01
-3.411899999999999655e-02,2.612030000000000185e-01
8.282009999999999650e-01,6.177479999999999638e-01
6.756579999999999808e-01,7.031150000000000455e-01
1.552340000000000109e-01,5.094689999999999497e-01
2.389439999999999897e-01,1.176220000000000043e+00
6.425740000000000618e-02,8.497770000000000046e-01
-1.491719999999999990e-01,1.026860000000000106e+00
6.860519999999999952e-01,7.094909999999999828e-01
1.563460000000000127e-01,7.131750000000000034e-01
5.816860000000000364e-01,1.257179999999999964e+00
-5.941779999999999978e-02,1.018219999999999903e+00
-1.480110000000000037e-01,1.231260000000000021e+00
1.136579999999999924e+00,1.681350000000000067e-01
4.588050000000000184e-01,1.053539999999999921e+00
7.351630000000000109e-01,8.217999999999999750e-01
8.730379999999999807e-01,1.118020000000000014e+00
-7.225719999999999366e-02,2.769320000000000115e-01
3.518629999999999813e-01,9.067589999999999817e-01
1.074620000000000020e-01,7.586509999999999643e-01
-8.756949999999999457e-02,9.754410000000000025e-01
3.813019999999999743e-01,1.159720000000000084e+00
-1.955699999999999938e-01,8.360800000000000454e-01
3.551139999999999852e-01,1.023609999999999909e+00
7.479029999999999845e-01,9.972130000000000161e-01
6.547549999999999759e-01,9.187899999999999956e-01
3.625110000000000277e-01,8.373770000000000380e-01
6.855980000000000407e-01,8.893630000000000146e-01
5.452379999999999727e-02,5.279810000000000336e-01
3.780279999999999752e-01,5.293849999999999945e-01
1.514449999999999963e-01,1.168320000000000025e+00
6.174260000000000304e-01,8.761390000000000011e-01
6.737980000000000080e-01,3.331540000000000057e-01
1.299690000000000047e-02,1.209950000000000081e+00
1.005360000000000004e-01,3.637369999999999770e-01
6.091199999999999948e-01,8.769869999999999610e-01
1.717869999999999953e-01,5.530300000000000216e-01
4.286820000000000075e-01,7.122410000000000130e-01
1.256889999999999952e-01,8.398839999999999639e-01
3.074419999999999931e-01,1.080850000000000088e+00
1.673689999999999900e-01,5.276939999999999964e-01
3.061940000000000217e-01,1.216469999999999940e+00
3.876370000000000093e-01,7.515269999999999451e-01
-1.200610000000000011e-01,1.135820000000000052e+00
4.583510000000000084e-01,1.315530000000000088e+00
3.790069999999999828e-01,4.437889999999999890e-01
7.162889999999999535e-01,5.217779999999999641e-01
4.605670000000000042e-01,9.307069999999999510e-01
-2.214579999999999882e-01,9.035860000000000003e-01
5.157610000000000250e-01,7.422220000000000484e-01
9.548759999999999470e-01,6.488979999999999748e-01
-3.372459999999999902e-01,5.014939999999999953e-01
5.470329999999999915e-01,9.037789999999999990e-01
7.766159999999999730e-01,7.112039999999999473e-01
-2.296590000000000020e-01,1.025239999999999929e+00
3.026059999999999861e-01,1.118440000000000101e+00
5.295590000000000019e-01,8.290509999999999824e-01
6.965789999999999482e-01,5.915730000000000155e-01
3.921910000000000118e-01,1.218529999999999891e+00
7.197480000000000544e-01,8.818939999999999557e-01
1.577820000000000056e-01,7.778329999999999966e-01
-1.302780000000000084e-02,7.743280000000000163e-01
8.457480000000000553e-01,9.924619999999999553e-01
7.144639999999999325e-02,7.079530000000000545e-01
5.977970000000000228e-01,7.487629999999999564e-01
6.540420000000000122e-01,3.691110000000000224e-01
4.967190000000000216e-01,6.389580000000000259e-01
1.802199999999999913e-01,3.882950000000000013e-01
3.485369999999999857e-01,7.413119999999999710e-01
4.666259999999999852e-01,1.336130000000000040e+00
4.237070000000000003e-01,8.538860000000000339e-01
8.343990000000000018e-01,8.172610000000000152e-01
8.088919999999999444e-02,5.038839999999999986e-01
5.809419999999999584e-01,5.687060000000000448e-01
2.639759999999999884e-01,4.458440000000000181e-01
5.622060000000000252e-02,8.187879999999999603e-01
5.330080000000000373e-01,8.197959999999999692e-01
3.244130000000000069e-01,6.237780000000000546e-01
1.447960000000000080e-01,6.384180000000000410e-01
3.912519999999999887e-01,5.733930000000000415e-01
7.540019999999999500e-01,4.906630000000000158e-01
5.797120000000000051e-01,1.167890000000000095e+00
1.133839999999999959e+00,8.075989999999999558e-01
1.120409999999999906e+00,4.431109999999999771e-01
1.623050000000000048e-01,8.059800000000000297e-01
9.920679999999999499e-01,6.865499999999999936e-01
1.526669999999999972e+00,1.351130000000000109e-01
6.598060000000000036e-01,5.791209999999999969e-01
9.449480000000000102e-01,9.844359999999999777e-01
6.968969999999999887e-01,8.828580000000000316e-01
1.350719999999999921e+00,9.455810000000000048e-01
1.250860000000000083e+00,3.892340000000000244e-01
1.136290000000000022e+00,1.115860000000000074e+00
8.188620000000000620e-02,1.103110000000000035e+00
6.589859999999999607e-01,8.481079999999999730e-01
6.812599999999999767e-01,8.811179999999999568e-01
-1.267959999999999920e-01,1.119680000000000009e+00
5.891450000000000298e-01,9.660630000000000051e-01
9.661440000000000028e-01,9.140779999999999461e-01
4.398389999999999800e-01,1.093159999999999910e+00
5.297589999999999799e-01,1.074429999999999996e+00
6.318540000000000267e-01,8.409959999999999658e-01
6.026049999999999462e-01,1.059970000000000079e+00
3.817450000000000010e-01,3.179109999999999991e-01
9.794540000000000468e-01,6.807499999999999662e-01
4.528949999999999920e-01,6.304239999999999844e-01
3.366249999999999798e-02,2.478319999999999967e-01
8.498900000000000343e-01,6.286540000000000461e-01
9.903800000000000381e-01,4.183569999999999789e-01
6.745750000000000357e-01,7.674659999999999815e-01
4.557440000000000102e-02,7.093639999999999946e-01
6.457450000000000134e-01,8.874969999999999803e-01
5.749419999999999878e-03,5.813409999999999966e-01
9.235619999999999941e-01,7.125399999999999512e-01
1.006780000000000036e-01,6.943920000000000092e-01
6.130600000000000493e-01,8.004250000000000531e-01
2.628889999999999838e-01,5.132459999999999800e-01
1.361070000000000058e-01,8.646220000000000017e-01
3.601219999999999977e-01,8.643990000000000284e-01
6.099210000000000464e-01,4.993580000000000241e-01
-1.965980000000000158e-02,6.098419999999999952e-01
4.230670000000000264e-01,4.699650000000000216e-01
2.479409999999999947e-01,8.410870000000000291e-01
2.347390000000000032e-01,6.610549999999999482e-01
5.891229999999999523e-01,6.340230000000000032e-01
-1.880079999999999946e-02,6.910690000000000444e-01
3.830580000000000096e-01,6.123830000000000107e-01
9.589499999999999691e-01,8.780980000000000452e-01
5.021780000000000133e-01,5.180310000000000192e-01
7.415789999999999882e-01,9.840440000000000298e-01
-2.002220000000000111e-01,6.115209999999999813e-01
5.553799999999999848e-01,1.145440000000000014e+00
5.232019999999999449e-01,8.624359999999999804e-01
2.930499999999999772e-01,7.688439999999999719e-01
6.930410000000000181e-01,1.112190000000000012e+00
4.556549999999999767e-01,6.308150000000000146e-01
4.217230000000000145e-01,8.552440000000000042e-01
7.201049999999999951e-01,7.792019999999999502e-01
9.849200000000000177e-01,5.181040000000000090e-01
7.391429999999999945e-01,7.226890000000000258e-01
-2.690549999999999886e-02,1.013970000000000038e+00
-1.609049999999999925e-01,9.424909999999999677e-01
4.832279999999999909e-01,8.811139999999999528e-01
2.708180000000000032e-01,6.816699999999999982e-01
2.529899999999999927e-01,5.883270000000000444e-01
1.043909999999999894e+00,4.262059999999999738e-01
5.654179999999999762e-01,3.279099999999999793e-01
6.747030000000000527e-01,6.061649999999999539e-01
8.342819999999999681e-01,7.341809999999999725e-01
-1.444349999999999974e-02,4.905200000000000116e-01
6.992599999999999927e-01,6.960089999999999888e-01
3.844449999999999812e-01,8.322939999999999783e-01
8.529360000000000275e-01,8.302180000000000115e-01
5.360139999999999905e-01,4.836139999999999883e-01
1.185110000000000052e-01,2.610580000000000123e-01
8.243479999999999697e-01,7.635950000000000237e-01
2.414600000000000080e-01,6.282250000000000334e-01
9.301260000000000083e-01,7.467489999999999961e-01
2.540390000000000148e-01,7.326340000000000074e-01
5.499020000000000019e-01,5.073569999999999469e-01
-2.814769999999999772e-01,9.364510000000000334e-01
2.839420000000000277e-01,3.148050000000000015e-01
-5.818489999999999773e-02,5.204969999999999875e-01
5.198319999999999608e-01,6.225450000000000150e-01
6.232379999999999587e-01,5.483320000000000416e-01
7.810470000000000468e-01,8.293220000000000036e-01
-5.826889999999999847e-02,8.171789999999999887e-01
9.285480000000000469e-03,6.598530000000000229e-01
-7.812610000000000388e-02,3.674299999999999788e-01
-2.046109999999999873e-01,8.965210000000000123e-01
1.168330000000000091e+00,6.292560000000000375e-01
1.623539999999999983e-01,4.708030000000000270e-01
6.143809999999999549e-01,1.165820000000000078e+00
1.340520000000000045e-01,5.772410000000000041e-01
7.009039999999999715e-02,4.926189999999999736e-01
2.089380000000000126e-01,6.454459999999999642e-01
6.866790000000000393e-01,3.859219999999999873e-01
5.572810000000000263e-01,7.193049999999999722e-01
7.433790000000000120e-01,3.815180000000000238e-01
1.370010000000000117e-01,6.424349999999999783e-01
1.142640000000000100e+00,1.076300000000000034e+00
1.913360000000000061e-01,1.015339999999999909e+00
3.747090000000000143e-02,4.071040000000000214e-01
-2.759309999999999818e-01,7.226160000000000361e-01
2.667300000000000226e-01,6.757410000000000361e-01
4.763220000000000232e-01,7.551539999999999919e-01
3.347280000000000255e-01,8.772550000000000070e-01
5.164619999999999767e-01,6.655320000000000125e-01
2.013230000000000020e-01,6.940169999999999950e-01
4.313270000000000159e-01,7.274169999999999803e-01
3.255609999999999893e-01,6.944700000000000317e-01
2.954399999999999804e-01,7.395770000000000399e-01
1.094340000000000035e-01,1.271840000000000082e+00
-1.027420000000000000e-01,7.474530000000000340e-01
1.984619999999999995e-01,7.580940000000000456e-01
2.752780000000000227e-01,7.195840000000000014e-01
2.870320000000000094e-01,3.060080000000000022e-01
5.782129999999999909e-02,8.278259999999999508e-01
1.055220000000000047e+00,8.906150000000000455e-01
7.919819999999999638e-01,1.007270000000000110e+00
5.712329999999999908e-01,8.031099999999999905e-01
7.947039999999999660e-01,7.232250000000000068e-01
-8.660389999999999755e-02,7.529649999999999954e-01
4.921740000000000004e-01,6.405710000000000015e-01
2.885510000000000019e-01,1.082799999999999985e+00
5.176370000000000138e-01,7.425310000000000521e-01
5.603040000000000243e-01,6.949619999999999687e-01
3.193449999999999900e-01,9.853960000000000496e-01
2.306380000000000097e-01,4.889669999999999850e-01
7.511940000000000284e-01,9.242219999999999880e-01
6.412310000000000232e-02,5.173320000000000141e-01
1.798309999999999909e-01,9.624620000000000397e-01
4.310220000000000162e-01,6.446939999999999893e-01
7.368580000000000130e-01,5.531340000000000146e-01
5.598980000000000068e-01,8.443540000000000489e-01
5.609960000000000502e-01,4.796250000000000235e-01
5.875500000000000167e-01,7.478219999999999867e-01
6.375189999999999468e-01,6.230299999999999727e-01
5.558959999999999457e-01,5.829720000000000457e-01
5.844409999999999883e-01,7.469289999999999541e-01
3.845419999999999949e-01,8.166219999999999590e-01
4.073510000000000186e-01,4.637809999999999988e-01
3.956219999999999737e-01,4.715460000000000207e-01
5.834319999999999506e-01,8.579039999999999999e-01
1.017070000000000057e-01,5.898999999999999799e-01
7.835480000000000222e-01,6.857029999999999514e-01
2.503449999999999842e-01,8.259779999999999900e-01
2.887750000000000039e-01,5.358760000000000190e-01
1.987819999999999865e-01,5.992030000000000411e-01
8.194660000000000277e-01,7.142960000000000420e-01
5.599499999999999478e-01,8.519830000000000458e-01
2.726540000000000075e-01,8.980669999999999487e-01
6.904749999999999499e-01,8.606700000000000461e-01
5.694529999999999870e-01,7.674569999999999448e-01
4.907509999999999928e-01,6.213720000000000354e-01
2.644670000000000076e-01,1.068729999999999958e+00
6.131349999999999856e-01,4.375029999999999752e-01
1.633930000000000105e-01,5.724900000000000544e-01
5.752040000000000486e-01,6.520129999999999537e-01
6.357840000000000158e-01,5.479549999999999699e-01
8.501680000000000348e-01,6.375680000000000236e-01
4.641210000000000058e-01,4.737250000000000072e-01
7.909709999999999797e-01,8.202599999999999891e-01
-2.399189999999999934e-01,5.029310000000000169e-01
5.565609999999999724e-01,8.242819999999999592e-01
1.856150000000000022e-01,9.238389999999999658e-01
5.029970000000000274e-01,1.062589999999999923e+00
4.398150000000000115e-01,6.300900000000000389e-01
9.224250000000000504e-01,5.176450000000000218e-01
4.442209999999999770e-01,6.358209999999999695e-01
7.610479999999999468e-01,7.398430000000000284e-01
4.895900000000000252e-01,5.336920000000000552e-01
2.965760000000000063e-01,8.280269999999999575e-01
3.337289999999999979e-01,7.795419999999999572e-01
2.674759999999999915e-01,7.094599999999999795e-01
9.553350000000000453e-01,3.005329999999999946e-01
3.599600000000000022e-01,6.132670000000000066e-01
5.487980000000000080e-01,1.000429999999999930e+00
-2.722859999999999864e-02,4.434500000000000108e-01
2.049819999999999975e-01,7.225099999999999856e-01
6.796839999999999549e-01,6.111450000000000493e-01
4.302309999999999746e-01,7.225770000000000248e-01
3.104790000000000050e-01,1.100309999999999899e+00
7.056940000000000435e-01,8.179929999999999701e-01
4.842139999999999778e-01,6.680059999999999887e-01
7.064880000000000049e-01,9.176159999999999872e-01
8.931540000000000035e-01,8.328499999999999792e-01
1.623759999999999926e-01,4.710150000000000170e-01
4.318350000000000244e-01,9.965279999999999694e-01
4.866010000000000058e-01,7.452729999999999633e-01
6.100750000000000339e-01,1.112239999999999895e+00
6.244199999999999751e-01,7.073909999999999920e-01
1.143089999999999939e+00,1.023230000000000084e+00
4.834930000000000061e-01,5.431289999999999729e-01
4.763080000000000092e-01,6.167280000000000539e-01
3.225009999999999821e-01,5.747560000000000446e-01
6.073110000000000452e-01,6.490690000000000071e-01
2.777939999999999854e-01,6.580289999999999750e-01
3.332060000000000022e-01,7.711660000000000181e-01
7.418630000000000502e-01,9.807150000000000034e-01
2.722890000000000033e-01,9.591600000000000126e-01
8.222099999999999964e-01,8.327059999999999462e-01
5.689319999999999933e-01,7.738450000000000051e-01
6.141539999999999777e-01,9.282019999999999715e-01
3.821809999999999929e-01,4.414109999999999978e-01
8.048729999999999496e-01,7.436669999999999670e-01
4.904189999999999938e-01,6.487370000000000081e-01
7.532499999999999751e-01,6.771749999999999714e-01
5.008829999999999671e-01,4.751319999999999988e-01
2.596209999999999907e-01,1.050079999999999902e+00
2.961239999999999983e-01,6.674139999999999517e-01
3.162409999999999943e-01,6.566049999999999942e-01
7.695389999999999731e-01,7.864470000000000072e-01
7.813750000000000417e-01,8.591149999999999620e-01
1.056789999999999896e+00,6.676549999999999985e-01
1.845360000000000056e-01,3.600970000000000004e-01
1.292929999999999913e+00,7.555509999999999726e-01
8.693180000000000351e-01,9.293010000000000437e-01
3.369179999999999953e-01,7.530660000000000132e-01
7.221269999999999634e-01,4.885430000000000050e-01
7.454920000000000435e-01,8.781489999999999574e-01
3.866379999999999817e-01,5.960140000000000438e-01
4.301610000000000156e-01,7.762480000000000491e-01
6.808920000000000528e-01,3.806599999999999984e-01
-9.258820000000000505e-04,7.032699999999999507e-01
1.469250000000000000e-01,4.418579999999999730e-01
1.510549999999999948e-01,8.156390000000000029e-01
2.727760000000000185e-01,5.384569999999999634e-01
1.353769999999999973e-01,6.108209999999999473e-01
9.563589999999999591e-02,5.674019999999999619e-01
2.295709999999999973e-01,1.038960000000000106e+00
5.232729999999999881e-01,6.820370000000000044e-01
6.762479999999999603e-01,7.402419999999999556e-01
1.270769999999999955e+00,5.842129999999999823e-01
6.711240000000000261e-02,8.702910000000000368e-01
4.336109999999999964e-02,4.872890000000000277e-01
4.992329999999999823e-01,4.329140000000000210e-01
8.763060000000000294e-01,9.048990000000000089e-01
5.840929999999999733e-01,1.012150000000000105e+00
8.601940000000000142e-01,8.698040000000000216e-01
7.281020000000000270e-01,5.560530000000000195e-01
4.544159999999999866e-01,8.215179999999999705e-01
3.041280000000000094e-01,5.241010000000000391e-01
2.383750000000000036e-01,7.007999999999999785e-01
4.476669999999999816e-01,1.137680000000000025e+00
5.741190000000000182e-02,5.951170000000000071e-01
5.944220000000000059e-02,8.547550000000000425e-01
4.110480000000000245e-01,6.978400000000000158e-01
7.227630000000000443e-01,8.254270000000000218e-01
6.306169999999999831e-01,4.945700000000000096e-01
4.481760000000000188e-01,4.968000000000000194e-01
1.035979999999999956e-01,8.019990000000000174e-01
-4.994470000000000159e-02,1.021970000000000045e+00
-1.151139999999999941e-01,4.066779999999999839e-01
4.845300000000000162e-01,9.055290000000000283e-01
1.176800000000000068e-01,8.263930000000000442e-01
3.261240000000000250e-01,6.847879999999999523e-01
8.755279999999999729e-01,8.253489999999999993e-01
8.404359999999999609e-02,7.885630000000000139e-01
6.131649999999999601e-01,2.796159999999999757e-01
4.351079999999999948e-01,4.012879999999999781e-01
4.452709999999999724e-01,1.019130000000000091e+00
4.639590000000000103e-01,4.628650000000000264e-01
4.071290000000000187e-01,9.285390000000000033e-01
-2.643019999999999831e-03,3.733620000000000272e-01
8.404089999999999616e-01,4.337400000000000144e-01
-2.134079999999999866e-01,5.839149999999999618e-01
3.092599999999999794e-01,7.593360000000000110e-01
6.129759999999999653e-01,5.150339999999999918e-01
6.260799999999999699e-01,7.147390000000000132e-01
5.712310000000000443e-01,7.148290000000000477e-01
8.886450000000000182e-01,7.121659999999999657e-01
7.099860000000000060e-01,6.285749999999999948e-01
2.415059999999999985e-01,7.568300000000000027e-01
8.500189999999999690e-01,4.814060000000000006e-01
6.935050000000000381e-01,8.961829999999999519e-01
4.860039999999999916e-01,7.999479999999999924e-01
6.256990000000000052e-01,5.675219999999999709e-01
5.068660000000000387e-01,6.189090000000000424e-01
1.074929999999999941e+00,7.514570000000000416e-01
5.453240000000000309e-01,1.005139999999999922e+00
4.991929999999999978e-01,8.800139999999999629e-01
4.222509999999999875e-01,7.762270000000000003e-01
3.753179999999999850e-01,7.841620000000000257e-01
7.025730000000000031e-01,8.074510000000000021e-03
1.240689999999999987e-01,7.158999999999999808e-01
1.064449999999999896e+00,5.458680000000000199e-01
1.718189999999999995e-01,5.474170000000000424e-01
3.925460000000000060e-02,7.003099999999999881e-01
7.814050000000000162e-01,8.397599999999999509e-01
1.899879999999999902e-01,5.117720000000000047e-01
8.391859999999999875e-01,6.606490000000000418e-01
1.101239999999999997e+00,8.844450000000000367e-01
2.501320000000000210e-01,8.264899999999999469e-01
8.348980000000000290e-01,6.462700000000000111e-01
3.754160000000000275e-01,1.162690000000000001e+00
6.201109999999999955e-02,6.320930000000000160e-01
1.572659999999999891e-01,1.020590000000000108e+00
3.561759999999999926e-01,7.953459999999999974e-01
4.607789999999999941e-01,1.006229999999999958e+00
7.896210000000000173e-01,1.020029999999999992e+00
3.119410000000000238e-01,1.026569999999999983e+00
2.609119999999999773e-01,1.042350000000000110e+00
7.049009999999999998e-01,9.917120000000000379e-01
3.011559999999999793e-01,7.675729999999999498e-01
6.189620000000000122e-01,1.042659999999999920e+00
2.564210000000000100e-01,5.654820000000000402e-01
5.392850000000000144e-01,6.392719999999999514e-01
2.003610000000000113e-01,7.530879999999999797e-01
6.415300000000000447e-01,4.386610000000000231e-01
5.315649999999999542e-01,7.116190000000000015e-01
4.739039999999999919e-01,5.441540000000000266e-01
3.272340000000000249e-01,8.001340000000000119e-01
1.123560000000000010e-02,6.210459999999999869e-01
6.276800000000000157e-01,9.174240000000000173e-01
6.196469999999999478e-01,6.369230000000000169e-01
5.898369999999999447e-01,1.136290000000000022e+00
2.761640000000000206e-01,5.148319999999999563e-01
5.063509999999999955e-01,7.903660000000000130e-01
1.963689999999999880e-01,4.839990000000000125e-01
7.837130000000000485e-02,8.628940000000000499e-01
1.037880000000000053e-01,6.460740000000000371e-01
9.400560000000000027e-01,8.651149999999999674e-01
5.321890000000000231e-01,6.524560000000000359e-01
7.400910000000000544e-01,7.714689999999999603e-01
1.674039999999999973e-01,3.466899999999999982e-01
5.250200000000000422e-01,5.367189999999999461e-01
2.158770000000000133e-02,9.871760000000000534e-01
6.633280000000000287e-01,6.478159999999999474e-01
2.603920000000000123e-01,4.782830000000000137e-01
7.477810000000000290e-01,7.296420000000000128e-01
4.874120000000000119e-01,9.802819999999999867e-01
8.147579999999999822e-01,8.145790000000000530e-01
6.155650000000000288e-01,7.265800000000000036e-01
2.918419999999999903e-01,5.120460000000000012e-01
4.627470000000000194e-01,7.625340000000000451e-01
4.459139999999999771e-01,8.604810000000000514e-01
3.254460000000000131e-01,9.855850000000000444e-01
6.270710000000000450e-01,8.667430000000000412e-01
7.953829999999999512e-01,5.482949999999999768e-01
4.176380000000000092e-01,1.090079999999999938e+00
7.575269999999999504e-01,6.718969999999999665e-01
-5.044119999999999854e-02,9.538119999999999932e-01
8.292580000000000506e-01,9.223810000000000064e-01
7.188919999999999755e-01,8.246109999999999829e-01
1.380589999999999873e-01,7.503560000000000230e-01
1.113159999999999983e-01,5.401110000000000078e-01
5.263649999999999718e-01,4.334339999999999860e-01
7.594379999999999464e-01,6.795039999999999969e-01
-8.606650000000000411e-02,8.118229999999999613e-01
4.083530000000000215e-01,8.816349999999999465e-01
4.540910000000000224e-01,4.911030000000000117e-01
1.854929999999999912e-01,7.394359999999999822e-01
4.432490000000000041e-01,7.553269999999999706e-01
8.861499999999999932e-01,5.343639999999999501e-01
3.659129999999999883e-01,9.532540000000000457e-01
8.167980000000000240e-01,7.602560000000000429e-01
6.789480000000000515e-02,9.982870000000000354e-01
8.541009999999999991e-01,9.004130000000000189e-01
2.626319999999999766e-01,6.354159999999999808e-01
5.634390000000000231e-01,8.912560000000000482e-01
2.637900000000000245e-01,6.765700000000000047e-01
2.352519999999999889e-01,6.439049999999999496e-01
8.761900000000000244e-01,4.316479999999999762e-01
3.558780000000000276e-01,5.749220000000000441e-01
4.469029999999999947e-01,5.051280000000000214e-01
6.520920000000000050e-01,8.101340000000000208e-01
3.532850000000000157e-01,8.718179999999999819e-01
1.961859999999999993e-01,5.750110000000000499e-01
6.375830000000000108e-01,5.806769999999999987e-01
5.217249999999999943e-01,6.488249999999999851e-01
5.867440000000000433e-01,9.444639999999999702e-01
-1.188329999999999942e-01,3.352439999999999864e-01
3.390429999999999833e-01,8.795230000000000548e-01
1.050110000000000099e+00,1.571239999999999970e+00
6.623120000000000118e-01,9.804610000000000269e-01
1.085769999999999902e+00,8.566740000000000466e-01
7.617890000000000494e-01,7.340149999999999730e-01
6.859210000000000029e-01,8.097529999999999450e-01
3.275520000000000098e-01,8.429200000000000026e-01
5.926360000000000516e-01,4.088979999999999837e-01
-7.149800000000000426e-03,5.481970000000000454e-01
8.962919999999999776e-01,8.117699999999999916e-01
7.122880000000000322e-01,1.226420000000000066e+00
5.196359999999999868e-01,8.482579999999999565e-01
6.062070000000000514e-01,1.081159999999999899e+00
6.873320000000000540e-01,5.386239999999999917e-01
6.849060000000000148e-01,6.171039999999999859e-01
5.244910000000000405e-01,6.266230000000000411e-01
9.455850000000000088e-01,3.509229999999999849e-01
5.427239999999999842e-01,7.333840000000000359e-01
2.437900000000000067e-01,8.088640000000000274e-01
4.394089999999999940e-01,9.330289999999999973e-01
3.385889999999999733e-01,8.560489999999999489e-01
4.127040000000000153e-01,8.922970000000000068e-01
3.674859999999999793e-01,7.747169999999999890e-01
5.712749999999999773e-01,4.602370000000000072e-01
2.964209999999999900e-01,7.559310000000000196e-01
7.367650000000000032e-01,8.272049999999999681e-01
7.293469999999999676e-01,1.013179999999999970e+00
5.375539999999999763e-01,9.039730000000000265e-01
7.756910000000000194e-01,8.874119999999999786e-01
9.057100000000000151e-01,8.350619999999999710e-01
2.174310000000000132e-01,8.463929999999999509e-01
7.829099999999999948e-01,9.387309999999999821e-01
-2.475549999999999973e-01,5.034140000000000281e-01
5.155650000000000510e-01,6.451379999999999892e-01
1.097920000000000007e-01,8.038480000000000070e-01
7.371650000000000424e-02,7.227050000000000418e-01
3.810810000000000031e-01,1.033250000000000002e+00
4.113780000000000214e-01,9.606310000000000127e-01
9.148699999999999610e-01,8.194580000000000197e-01
4.466939999999999800e-01,5.089360000000000550e-01
6.476159999999999695e-01,7.760289999999999688e-01
4.411939999999999751e-01,1.069110000000000005e+00
1.924250000000000127e-01,1.000709999999999988e+00
8.833400000000000141e-01,6.436039999999999539e-01
7.705889999999999684e-01,5.676799999999999624e-01
3.760600000000000054e-01,7.582250000000000378e-01
1.510050000000000003e-01,7.231379999999999475e-01
2.383490000000000053e-01,8.793180000000000440e-01
3.363280000000000158e-01,8.955030000000000490e-01
1.024129999999999985e+00,6.773200000000000331e-01
5.261259999999999826e-01,9.325799999999999645e-01
6.134880000000000333e-01,6.459989999999999899e-01
7.742379999999999818e-01,8.812189999999999745e-01
7.532440000000000246e-01,7.426089999999999636e-01
8.657259999999999955e-01,1.161739999999999995e+00
7.072279999999999678e-01,1.397210000000000063e+00
-1.883150000000000102e-01,5.387440000000000007e-01
9.521870000000000334e-02,6.501850000000000129e-01
9.457750000000000323e-01,7.024850000000000261e-01
2.124949999999999894e-01,9.277440000000000131e-01
4.847360000000000002e-01,4.322699999999999876e-01
6.951279999999999681e-01,7.485260000000000247e-01
-5.617160000000000208e-02,5.014359999999999928e-01
5.513360000000000483e-01,8.071500000000000341e-01
6.690540000000000376e-01,3.364210000000000256e-01
1.008019999999999916e+00,6.399759999999999893e-01
6.977640000000000509e-01,7.145679999999999810e-01
5.671840000000000215e-02,3.954250000000000265e-01
-4.083500000000000324e-02,7.872149999999999981e-01
1.006429999999999936e+00,4.616569999999999840e-01
1.511000000000000121e-01,9.080329999999999790e-01
2.288109999999999866e-01,5.995300000000000074e-01
-4.193129999999999774e-02,6.522200000000000220e-01
2.020490000000000064e-01,7.094890000000000363e-01
4.918029999999999902e-01,8.469560000000000421e-01
3.273340000000000138e-01,6.116099999999999870e-01
2.264380000000000004e-01,6.561930000000000263e-01
9.003870000000000484e-01,8.219980000000000064e-01
1.868789999999999896e-01,1.050769999999999982e+00
6.423309999999999853e-01,6.080910000000000482e-01
7.582449999999999468e-01,8.205959999999999921e-01
3.772159999999999958e-01,9.559630000000000072e-01
9.899050000000000349e-01,2.507909999999999862e-01
-1.349930000000000054e-02,1.099809999999999954e+00
3.393140000000000045e-01,8.581879999999999509e-01
6.700789999999999802e-01,8.674830000000000041e-01
3.893380000000000174e-01,9.800499999999999767e-01
8.763159999999999838e-01,8.511220000000000452e-01
8.123240000000000460e-01,7.444169999999999954e-01
6.554010000000000113e-01,9.673159999999999537e-01
8.681520000000000348e-01,4.461319999999999730e-01
4.463230000000000253e-01,3.406370000000000231e-01
7.493210000000000148e-01,8.997089999999999810e-01
4.288150000000000017e-01,7.208989999999999565e-01
8.947669999999999790e-01,9.328539999999999610e-01
2.979220000000000201e-01,9.207490000000000396e-01
6.476950000000000207e-01,9.087070000000000425e-01
2.294110000000000038e-01,7.454800000000000315e-01
6.543320000000000247e-01,8.204139999999999766e-01
9.536200000000000232e-01,6.741880000000000095e-01
5.096500000000000474e-01,8.252460000000000351e-01
1.835590000000000138e-02,8.184550000000000436e-01
7.839139999999999997e-01,8.430509999999999948e-01
6.089470000000000161e-01,7.211370000000000280e-01
3.004399999999999848e-01,7.586079999999999490e-01
8.029669999999999863e-01,4.951389999999999958e-01
5.163520000000000332e-01,9.147870000000000168e-01
1.032710000000000017e+00,8.643340000000000467e-01
5.189300000000000024e-01,1.006590000000000096e+00
3.087579999999999769e-01,7.082060000000000022e-01
3.690970000000000084e-01,9.129429999999999490e-01
2.984029999999999738e-01,6.623609999999999776e-01
1.286849999999999938e-01,6.627389999999999670e-01
2.992739999999999845e-01,9.047669999999999879e-01
4.981400000000000272e-01,1.123899999999999899e+00
2.925070000000000170e-01,6.559920000000000195e-01
2.230489999999999973e-01,5.844530000000000003e-01
2.793860000000000232e-01,6.888750000000000151e-01
4.234479999999999911e-01,9.872090000000000032e-01
2.223700000000000121e-01,9.515820000000000389e-01
-1.937820000000000098e-01,5.086610000000000298e-01
2.958470000000000266e-01,6.017240000000000366e-01
5.494369999999999532e-01,9.603599999999999914e-01
9.417359999999999620e-02,2.981550000000000034e-01
-7.506170000000000377e-03,5.977080000000000171e-01
8.700700000000000101e-02,7.394589999999999774e-01
6.692280000000000451e-01,9.370479999999999920e-01
2.138500000000000123e-01,6.551259999999999861e-01
7.049140000000000406e-01,7.110300000000000509e-01
9.628449999999999509e-01,7.696039999999999548e-01
4.721299999999999941e-01,7.385399999999999743e-01
6.601299999999999946e-01,6.656149999999999567e-01
5.352519999999999500e-01,7.291800000000000503e-01
2.441659999999999942e-01,6.621580000000000243e-01
3.070300000000000251e-01,7.056329999999999547e-01
5.335990000000000177e-02,4.763859999999999761e-01
1.148740000000000094e+00,3.791080000000000005e-01
7.905659999999999910e-01,8.534979999999999789e-01
2.418780000000000097e-01,8.942400000000000349e-01
3.543910000000000116e-01,5.275830000000000242e-01
5.390620000000000411e-01,7.974560000000000537e-01
1.031470000000000109e+00,7.765060000000000295e-01
4.063089999999999757e-01,7.068609999999999616e-01
9.195069999999999633e-02,9.993290000000000228e-01
7.231959999999999500e-01,1.027840000000000087e+00
6.776999999999999691e-01,8.472610000000000419e-01
3.377279999999999727e-01,8.693210000000000104e-01
5.754019999999999690e-01,8.696509999999999518e-01
7.384530000000000260e-01,7.880120000000000458e-01
1.088140000000000107e+00,4.880229999999999846e-01
8.292249999999999899e-01,3.228389999999999871e-01
8.117490000000000538e-01,8.438099999999999490e-01
7.799329999999999874e-01,7.003660000000000441e-01
1.072680000000000078e+00,7.490780000000000216e-01
1.192659999999999970e-01,9.740330000000000377e-01
8.035120000000000040e-01,8.754729999999999457e-01
8.736099999999999421e-02,9.569550000000000001e-01
6.189400000000000457e-01,8.575340000000000185e-01
6.755600000000000493e-01,2.891380000000000061e-01
7.008609999999999562e-01,6.311620000000000008e-01
3.545900000000000163e-01,7.138109999999999733e-01
3.530479999999999730e-01,6.923519999999999675e-01
9.337320000000000064e-01,7.658880000000000132e-01
4.994420000000000109e-02,4.874720000000000164e-01
6.236839999999999745e-02,7.961920000000000108e-01
7.788699999999999513e-01,7.427770000000000206e-01
-1.135209999999999969e-01,7.011049999999999782e-01
6.269479999999999498e-01,9.242110000000000047e-01
6.360299999999999843e-01,4.865539999999999865e-01
4.617559999999999998e-01,7.831540000000000168e-01
8.402509999999999701e-01,7.188299999999999690e-01
7.540529999999999733e-01,8.693729999999999514e-01
4.854029999999999734e-01,6.054059999999999997e-01
5.494719999999999605e-01,5.311099999999999710e-01
7.093019999999999881e-01,9.894150000000000444e-01
5.668999999999999595e-01,6.076059999999999794e-01
9.074210000000000331e-01,8.385299999999999976e-01
-1.076399999999999996e-01,5.011400000000000299e-01
1.499819999999999931e+00,5.143069999999999586e-01
1.007349999999999968e+00,6.093579999999999552e-01
8.235470000000000290e-01,9.589379999999999571e-01
4.311949999999999950e-01,9.199629999999999752e-01
9.697999999999999954e-01,8.498510000000000231e-01
3.268960000000000199e-01,7.455060000000000020e-01
-1.283229999999999926e-01,7.172030000000000349e-01
3.237240000000000117e-01,1.097960000000000047e+00
7.142560000000000020e-01,2.681660000000000155e-01
5.447340000000000515e-01,9.372289999999999788e-01
7.261060000000000292e-01,5.321050000000000502e-01
6.237200000000000522e-01,7.146980000000000555e-01
8.500539999999999763e-01,5.509389999999999565e-01
6.221349999999999936e-01,9.505339999999999900e-01
5.515379999999999727e-01,6.279770000000000074e-01
3.094480000000000008e-01,7.929249999999999909e-01
5.248709999999999765e-01,4.936510000000000065e-01
1.008510000000000018e+00,3.566360000000000086e-01
4.067129999999999912e-01,4.009730000000000238e-01
-1.255150000000000016e-02,7.898469999999999658e-01
5.116549999999999709e-01,3.953860000000000152e-01
3.590340000000000198e-01,4.517559999999999909e-01
7.505340000000000344e-01,5.790250000000000119e-01
7.089950000000000419e-01,1.045770000000000088e+00
5.788180000000000547e-01,9.950039999999999996e-01
4.422110000000000207e-01,8.806329999999999991e-01
8.051890000000000436e-01,6.922509999999999497e-01
9.281810000000000338e-01,5.381909999999999750e-01
8.854680000000000328e-01,8.697249999999999703e-01
6.829060000000000130e-01,9.116619999999999724e-01
4.759720000000000062e-01,7.324399999999999800e-01
7.025379999999999958e-01,1.094479999999999897e+00
4.017519999999999980e-01,9.278330000000000188e-01
4.282579999999999720e-02,9.586310000000000109e-01
4.357500000000000262e-01,7.960819999999999563e-01
6.710500000000000353e-01,5.802519999999999900e-01
8.298809999999999798e-01,8.171760000000000135e-01
2.587510000000000088e-01,7.724619999999999820e-01
1.763870000000000021e-02,3.862729999999999775e-01
6.800270000000000481e-01,7.090020000000000211e-01
6.872219999999999995e-01,3.468269999999999964e-01
2.647379999999999733e-01,1.235470000000000068e+00
9.190209999999999768e-01,2.472779999999999978e-01
7.700299999999999923e-01,5.109909999999999730e-01
1.812290000000000012e-01,8.696120000000000516e-01
6.314269999999999605e-01,1.009849999999999914e+00
1.132500000000000062e+00,7.965349999999999930e-01
7.831209999999999560e-01,4.511220000000000230e-01
2.019340000000000024e-01,5.999889999999999946e-01
3.211319999999999730e-01,9.988740000000000396e-01
3.671079999999999899e-01,7.121429999999999705e-01
6.819399999999999906e-01,9.161439999999999584e-01
-7.249350000000000238e-02,6.337540000000000395e-01
4.640190000000000148e-01,9.473730000000000206e-01
5.892939999999999845e-01,9.178380000000000427e-01
2.693329999999999891e-01,1.070340000000000069e+00
8.542379999999999418e-02,2.239629999999999954e-01
7.644180000000000419e-01,5.993570000000000286e-01
-7.701879999999999837e-02,3.734399999999999942e-01
3.674020000000000064e-01,9.030010000000000536e-01
4.693439999999999834e-01,4.187170000000000059e-01
7.227299999999999836e-01,4.760050000000000114e-01
2.647639999999999993e-01,8.743100000000000316e-01
7.103850000000000442e-01,7.916609999999999481e-01
2.262079999999999924e-01,8.686770000000000325e-01
5.271820000000000395e-01,5.919349999999999890e-01
8.040289999999999937e-01,7.874419999999999753e-01
1.076740000000000030e+00,9.607879999999999754e-01
1.144119999999999998e-01,7.127809999999999979e-01
1.814320000000000099e-01,5.369620000000000504e-01
3.710049999999999737e-01,8.787160000000000526e-01
7.834440000000000293e-01,5.129960000000000075e-01
4.162279999999999869e-01,9.376060000000000505e-01
2.711589999999999834e-01,7.724140000000000450e-01
3.644580000000000042e-01,9.025450000000000417e-01
1.220050000000000079e+00,6.752639999999999754e-01
4.981320000000000192e-01,4.672470000000000234e-01
4.956769999999999787e-01,9.087969999999999660e-01
1.681779999999999942e-01,4.348000000000000198e-01
1.840590000000000004e-01,8.903229999999999755e-01
8.217309999999999892e-01,2.888180000000000192e-01
2.070660000000000001e-01,4.520569999999999866e-01
-2.021469999999999934e-01,6.514640000000000430e-01
3.974940000000000140e-01,7.768760000000000110e-01
5.339190000000000325e-01,9.297069999999999501e-01
5.696459999999999857e-01,8.578419999999999934e-01
6.207390000000000407e-01,1.100840000000000041e+00
5.636069999999999691e-01,7.796809999999999574e-01
9.899099999999999566e-02,4.828419999999999934e-01
2.866639999999999744e-01,6.130360000000000253e-01
2.307430000000000037e-01,6.697800000000000420e-01
5.000059999999999505e-01,2.262770000000000059e-01
2.303080000000000127e-01,6.948320000000000052e-01
7.191570000000000462e-01,7.511630000000000251e-01
8.128049999999999511e-03,3.276789999999999980e-01
6.421710000000000473e-01,4.553900000000000170e-01
7.901629999999999487e-01,6.811359999999999637e-01
6.504219999999999446e-01,7.785520000000000218e-01
7.964029999999999720e-02,7.495650000000000368e-01
7.666230000000000544e-01,8.944050000000000056e-01
3.646019999999999817e-01,5.015920000000000378e-01
4.340899999999999759e-01,7.060560000000000169e-01
3.557469999999999799e-01,4.066199999999999815e-01
9.752199999999999758e-01,6.239649999999999919e-01
2.171289999999999887e-01,7.545180000000000220e-01
5.407149999999999457e-01,6.408279999999999532e-01
8.860489999999999755e-01,7.336529999999999996e-01
8.552760000000000362e-01,5.851539999999999520e-01
1.192759999999999931e-01,4.436309999999999976e-01
8.547029999999999905e-01,6.132800000000000473e-01
4.327650000000000108e-01,3.342589999999999728e-01
2.468149999999999858e-02,4.737529999999999797e-01
2.807979999999999920e-01,2.175239999999999951e-01
2.771989999999999732e-01,7.622790000000000399e-01
3.351370000000000182e-01,4.129990000000000050e-01
3.128210000000000157e-01,6.490019999999999678e-01
8.963499999999999801e-01,6.269670000000000520e-01
1.468180000000000041e-01,8.373460000000000347e-01
-2.044640000000000069e-01,8.558670000000000444e-01
4.715820000000000012e-01,7.976520000000000277e-01
5.578750000000000098e-01,5.162149999999999794e-01
7.463210000000000122e-01,2.920889999999999875e-01
1.302729999999999999e-01,5.906320000000000459e-01
2.896980000000000111e-01,6.308209999999999651e-01
6.200909999999999478e-01,5.667539999999999800e-01
1.055919999999999970e+00,5.653860000000000552e-01
5.026350000000000540e-01,6.571609999999999951e-01
7.208670000000000355e-02,6.734850000000000003e-01
4.276909999999999878e-01,7.076989999999999670e-01
3.214940000000000020e-01,4.082830000000000070e-01
3.442470000000000252e-01,5.808959999999999679e-01
6.481470000000000287e-01,7.736800000000000344e-01
1.117589999999999972e-01,4.190510000000000068e-01
6.340639999999999610e-01,7.226660000000000306e-01
1.003789999999999960e+00,5.830410000000000315e-01
1.760380000000000000e-01,1.628080000000000083e-01
8.475719999999999921e-01,4.951459999999999750e-01
5.342400000000000482e-01,6.064239999999999631e-01
2.711060000000000136e-01,6.890549999999999731e-01
9.706740000000000368e-01,1.975530000000000064e-01
3.654359999999999831e-01,3.487979999999999969e-01
6.314089999999999980e-01,5.952210000000000001e-01
6.160480000000000400e-01,-7.974509999999999932e-02
2.174389999999999934e-01,5.439749999999999863e-01
9.467750000000000332e-01,5.280709999999999571e-01
7.506099999999999994e-01,7.823750000000000426e-01
8.640090000000000270e-02,5.209399999999999586e-01
5.943550000000000222e-02,2.011429999999999885e-01
3.245359999999999912e-01,4.445390000000000175e-01
5.736940000000000373e-01,2.636080000000000090e-01
2.022430000000000061e-01,2.831359999999999988e-01
3.456409999999999760e-01,4.729869999999999908e-01
8.979200000000000514e-01,4.923779999999999824e-01
6.891389999999999461e-01,6.185800000000000187e-01
3.643060000000000187e-01,6.601460000000000106e-01
1.151610000000000023e+00,3.980609999999999982e-01
3.084120000000000195e-01,-1.230529999999999957e-01
5.901899999999999924e-01,7.505469999999999642e-01
3.492330000000000156e-01,3.944730000000000181e-01
3.401000000000000134e-01,8.336259999999999781e-01
9.521579999999999488e-01,6.354699999999999793e-01
7.258059999999999512e-01,2.817250000000000032e-01
2.218910000000000049e-01,4.082430000000000225e-01
8.115520000000000511e-01,3.927080000000000015e-01
1.655649999999999900e-01,5.585010000000000252e-01
4.492880000000000207e-01,2.944060000000000080e-02
-1.051419999999999993e-01,1.223370000000000068e+00
6.069090000000000318e-01,9.851090000000000124e-01
4.514219999999999899e-01,7.608869999999999800e-01
5.828590000000000160e-01,5.071740000000000137e-01
4.195320000000000160e-01,-7.446880000000000166e-02
7.595279999999999809e-01,1.508049999999999946e-01
5.757489999999999553e-01,1.366940000000000099e-01
8.257100000000000550e-01,1.329909999999999981e-01
6.736189999999999678e-01,5.622730000000000228e-01
-1.168020000000000030e-01,4.834950000000000081e-01
9.965249999999999941e-01,6.050590000000000135e-01
1.070400000000000018e+00,2.349410000000000109e-01
1.224469999999999947e+00,3.889859999999999984e-01
5.047960000000000225e-01,-9.370779999999999388e-02
1.004229999999999956e+00,1.245179999999999954e+00
1.341809999999999947e-01,6.473900000000000210e-01
-9.580719999999999514e-02,1.730180000000000051e-01
5.472900000000000542e-01,1.389249999999999929e-01
2.092080000000000051e-01,7.910249999999999782e-01
6.794729999999999936e-01,4.097589999999999844e-01
7.778950000000000031e-01,-1.235900000000000054e-01
1.121390000000000026e-01,2.505640000000000089e-01
8.378459999999999797e-01,3.071309999999999873e-01
5.069789999999999575e-01,1.696999999999999897e-01
2.609569999999999945e-01,2.446069999999999911e-01
-7.848479999999999693e-03,3.575539999999999830e-01
1.166539999999999938e-01,2.976670000000000149e-01
3.471600000000000241e-01,5.969259999999999566e-01
5.854740000000000499e-01,4.408150000000000124e-01
2.903919999999999835e-01,9.155790000000000317e-01
2.988609999999999878e-01,8.846239999999999659e-02
2.937339999999999951e-01,8.902579999999999938e-01
2.229720000000000035e-01,3.793739999999999890e-01
2.700839999999999907e-01,3.439019999999999855e-01
2.889309999999999934e-01,5.497309999999999697e-01
8.680219999999999603e-01,2.087809999999999944e-01
5.297389999999999599e-01,7.466939999999999689e-01
6.991319999999999757e-01,1.797259999999999969e-01
9.526559999999999473e-01,6.132069999999999882e-02
7.665110000000000534e-01,8.151580000000000492e-01
8.310420000000000307e-02,6.633489999999999664e-01
3.151079999999999992e-01,8.855189999999999451e-01
7.192720000000000224e-01,3.317240000000000189e-01
5.447499999999999565e-01,3.450900000000000079e-01
3.111530000000000129e-01,5.323980000000000379e-01
8.019249999999999989e-01,1.397170000000000079e-01
8.259710000000000107e-01,-7.636389999999999845e-02
6.499840000000000062e-01,4.707939999999999903e-01
7.974059999999999482e-01,5.617929999999999868e-01
3.251390000000000113e-01,7.274279999999999635e-01
1.852930000000000132e-01,4.128029999999999894e-02
4.098379999999999801e-01,4.427800000000000069e-01
1.621710000000000096e-01,-1.056160000000000015e-01
8.416150000000000020e-01,1.127230000000000038e-01
3.555519999999999792e-01,8.947319999999999718e-01
7.682609999999999717e-01,1.594230000000000091e-01
6.819790000000000019e-01,9.512100000000000000e-01
9.298370000000000246e-01,8.760620000000000074e-01
8.369159999999999933e-01,1.462170000000000136e-01
9.986420000000000297e-01,2.435519999999999907e-01
8.436949999999999728e-01,2.530930000000000124e-01
7.476220000000000088e-01,8.873140000000000471e-01
3.775279999999999747e-01,7.932430000000000314e-01
6.905280000000000307e-01,8.058170000000000055e-01
8.327560000000000517e-01,2.124040000000000095e-01
2.923689999999999969e-02,4.928980000000000028e-01
1.059609999999999941e+00,4.897549999999999959e-01
1.091350000000000042e+00,4.779769999999999852e-01
9.660459999999999603e-01,2.786750000000000060e-01
-3.355869999999999687e-02,3.757710000000000217e-01
7.377219999999999889e-01,4.272000000000000103e-02
2.724630000000000107e-01,-3.332729999999999720e-02
-7.042400000000000049e-02,3.026389999999999914e-01
4.742910000000000181e-01,6.920380000000000420e-01
-8.299180000000000446e-02,4.734889999999999932e-01
7.912829999999999586e-01,8.118199999999999861e-01
4.060230000000000228e-01,7.523440000000000127e-01
2.368190000000000017e-01,8.366730000000000000e-01
1.026759999999999895e+00,8.671020000000000394e-01
7.766250000000000098e-01,8.462899999999999590e-02
5.979259999999999575e-01,-1.518009999999999915e-01
6.252069999999999572e-01,5.290759999999999907e-01
3.592569999999999930e-01,2.286950000000000094e-01
7.977929999999999744e-01,5.291029999999999900e-01
8.420600000000000307e-01,7.692189999999999861e-01
5.367870000000000141e-01,6.820089999999999486e-02
5.451319999999999499e-01,8.072529999999999983e-01
5.549359999999999848e-01,5.018000000000000238e-01
6.668649999999999578e-02,1.665939999999999921e-01
-4.072270000000000056e-02,2.677180000000000115e-01
7.079699999999999882e-01,7.355519999999999836e-01
1.724030000000000007e-01,6.840420000000000389e-01
5.047040000000000415e-01,6.136540000000000050e-02
5.103020000000000334e-01,-1.740460000000000063e-01
9.635899999999999466e-01,1.332010000000000138e-01
5.094039999999999679e-01,5.340970000000000439e-01
3.177980000000000249e-01,1.814270000000000049e-01
2.094360000000000110e-01,1.223319999999999963e-01
4.824609999999999732e-01,6.299390000000000267e-01
2.235979999999999912e-01,2.343399999999999928e-01
4.817150000000000043e-01,6.442139999999999533e-01
1.010969999999999924e+00,4.137810000000000099e-01
7.031969999999999887e-02,1.173359999999999959e-01
8.096330000000000471e-01,1.052479999999999943e-01
4.879780000000000229e-01,1.521079999999999932e-01
2.980369999999999964e-01,3.529689999999999772e-01
1.091749999999999943e-01,9.304780000000000273e-01
7.690649999999999986e-01,8.751979999999999482e-02
1.057719999999999994e+00,7.508270000000000222e-01
4.320629999999999749e-01,1.391759999999999942e-01
3.591630000000000100e-01,9.523589999999999556e-01
5.121559999999999446e-01,7.151480000000000059e-01
3.333610000000000184e-01,9.148950000000000138e-01
6.895350000000000090e-01,8.581440000000000179e-01
3.345600000000000240e-01,5.569840000000000207e-02
7.642660000000000009e-01,3.430949999999999833e-01
3.418700000000000072e-01,1.915699999999999903e-01
3.184420000000000028e-01,1.232570000000000054e-01
1.162190000000000056e+00,2.629540000000000211e-01
1.247179999999999955e-01,-1.280910000000000104e-01
1.193089999999999984e+00,2.597960000000000269e-01
5.032309999999999839e-01,1.159799999999999998e-01
9.698299999999999699e-01,1.530720000000000136e-01
-1.721600000000000075e-01,-3.197829999999999839e-01
1.073280000000000012e+00,5.017850000000000366e-01
6.877790000000000292e-01,-1.249539999999999956e-01
1.856549999999999867e-01,-1.207020000000000037e-01
3.057900000000000063e-01,7.082819999999999672e-01
6.696569999999999467e-01,1.031889999999999974e+00
1.345699999999999952e-01,6.712890000000000523e-02
6.040440000000000254e-01,2.033369999999999900e-01
9.643040000000000500e-01,9.954899999999999860e-01
4.040440000000000142e-01,-6.750059999999999394e-02
5.196060000000000262e-02,1.311950000000000061e-01
3.628430000000000266e-01,1.932659999999999934e-01
7.738680000000000003e-01,1.761070000000000135e-01
1.116810000000000080e+00,6.293039999999999745e-01
3.083529999999999882e-01,9.271690000000000209e-01
8.258379999999999610e-01,1.582919999999999883e-01
2.230219999999999980e-01,7.983679999999999666e-01
7.868789999999999951e-01,1.824310000000000098e-01
4.838160000000000238e-01,6.792899999999999494e-01
9.733110000000000372e-01,7.743910000000000515e-01
7.255420000000000202e-01,4.016210000000000058e-01
1.002669999999999950e+00,3.631710000000000216e-01
7.595269999999999522e-01,4.412220000000000031e-01
5.085830000000000073e-01,7.087110000000000631e-02
6.632700000000000262e-01,2.215519999999999989e-01
4.251079999999999963e-03,6.751049999999999551e-01
5.890290000000000109e-02,6.596459999999999546e-01
5.035300000000000331e-01,9.249770000000000492e-01
6.223450000000000371e-01,1.320600000000000107e-01
5.480979999999999741e-01,-2.064770000000000147e-02
2.865389999999999882e-01,6.982190000000000618e-02
8.683079999999999965e-02,5.827569999999999695e-01
9.436039999999999983e-01,3.657650000000000068e-01
1.066869999999999985e+00,5.647499999999999742e-02
6.759370000000000100e-01,1.338439999999999908e-01
2.736580000000000124e-01,4.957920000000000105e-01
2.851589999999999958e-01,2.438160000000000049e-01
7.645669999999999966e-01,9.020960000000000090e-01
8.994929999999999870e-01,5.672949999999999937e-01
5.944399999999999684e-01,2.659040000000000015e-02
1.362119999999999997e-01,5.320599999999999774e-01
5.957419999999999938e-01,1.918169999999999875e-01
1.035439999999999916e+00,2.743070000000000230e-01
2.739920000000000133e-01,4.819069999999999743e-01
2.679889999999999772e-01,-4.254580000000000167e-02
4.825160000000000005e-01,9.503779999999999450e-01
7.173570000000000224e-01,5.617119999999999752e-02
6.735809999999999853e-01,7.428369999999999695e-01
9.306539999999999813e-01,7.502640000000000420e-01
4.937159999999999882e-01,2.547300000000000120e-01
5.766440000000000454e-01,1.677170000000000050e-01
7.721639999999999615e-01,-6.740340000000000220e-02
3.621570000000000067e-01,7.218689999999999829e-01
1.697299999999999920e-01,2.174810000000000076e-01
4.163259999999999739e-01,5.763120000000000465e-01
4.466399999999999815e-01,1.219240000000000046e-01
3.134219999999999784e-01,2.077060000000000017e-01
5.353219999999999645e-01,9.653959999999999625e-03
1.114530000000000021e+00,7.571179999999999577e-01
1.040689999999999893e+00,7.781380000000000241e-02
6.094519999999999937e-01,5.710679999999999923e-02
6.983430000000000470e-01,1.574629999999999919e-01
1.035619999999999985e+00,4.893700000000000272e-01
6.172499999999999654e-01,-6.195769999999999750e-02
3.198699999999999877e-01,9.943899999999999961e-01
5.605099999999999527e-01,7.650360000000000493e-02
3.633750000000000036e-01,2.449580000000000091e-01
2.121730000000000005e-01,4.445500000000000007e-01
6.529770000000000296e-01,2.652519999999999878e-01
8.667719999999999869e-01,7.088569999999999593e-01
8.046579999999999844e-01,7.361830000000000318e-01
8.572950000000000292e-01,-6.279529999999999834e-02
6.774379999999999846e-01,-2.707060000000000022e-01
7.449670000000000458e-01,5.783829999999999805e-01
9.696520000000000139e-02,2.199069999999999914e-01
-1.548130000000000062e-01,3.329219999999999957e-01
3.593270000000000075e-01,7.543140000000000400e-01
5.867050000000000320e-01,-1.102329999999999977e-01
2.469030000000000113e-01,6.208099999999999730e-01
1.057290000000000035e-01,5.493689999999999962e-01
2.383869999999999878e-01,1.539320000000000133e-01
5.274510000000000032e-01,2.478569999999999940e-01
6.723179999999999712e-01,-1.543380000000000030e-01
5.746860000000000301e-01,1.586859999999999937e-01
1.385659999999999947e-01,3.441759999999999819e-01
6.533830000000000193e-02,5.906360000000000499e-01
2.497050000000000103e-01,4.975769999999999915e-01
7.758040000000000491e-01,-5.024920000000000081e-02
7.689589999999999481e-01,2.849840000000000151e-01
2.483730000000000104e-01,1.490779999999999883e-01
1.511049999999999893e-01,2.055259999999999865e-01
4.956300000000000150e-01,1.003970000000000029e+00
8.082519999999999705e-01,8.399799999999999489e-01
1.024559999999999915e+00,1.234719999999999915e-02
1.675939999999999930e-01,4.266889999999999850e-01
1.696090000000000098e-02,6.268660000000000343e-01
7.189010000000000122e-01,2.771919999999999940e-01
6.353119999999999878e-01,5.451349999999999946e-02
9.810750000000000026e-02,2.215870000000000062e-01
4.140869999999999829e-01,2.272899999999999920e-01
3.463390000000000080e-01,-1.389489999999999892e-01
6.936109999999999776e-01,9.840930000000000510e-02
-2.490480000000000124e-02,7.986659999999999870e-01
3.312729999999999841e-01,-2.069189999999999918e-02
6.463980000000000281e-01,-1.082860000000000072e-02
9.021909999999999652e-01,7.953150000000000497e-02
8.618649999999999922e-01,5.194870000000000321e-01
2.717240000000000211e-01,-2.881579999999999905e-02
6.150320000000000231e-01,1.669220000000000079e-02
4.276309999999999834e-01,1.586279999999999912e-01
8.615490000000000093e-01,1.926299999999999957e-01
3.545340000000000158e-01,3.938900000000000179e-01
2.543469999999999898e-01,3.865140000000000242e-02
2.331890000000000074e-01,7.608559999999999768e-01
8.448160000000000114e-01,7.507260000000000044e-01
2.344630000000000047e-01,4.990979999999999861e-01
8.818420000000000147e-01,2.709799999999999986e-01
7.831420000000000048e-01,5.947400000000000464e-01
5.988919999999999799e-01,1.895989999999999898e-01
-1.432609999999999960e-02,4.732649999999999912e-01
6.041910000000000336e-01,7.495720000000000161e-01
1.541639999999999955e-01,2.524609999999999910e-01
1.989480000000000137e-01,3.107670000000000154e-01
2.269190000000000096e-01,9.018679999999999752e-02
2.085410000000000041e-01,1.735299999999999898e-01
2.033600000000000130e-01,6.919190000000000063e-02
5.281470000000000331e-01,4.075289999999999746e-01
5.602200000000000513e-01,1.866840000000000166e-02
3.078949999999999743e-01,3.859460000000000113e-01
3.284279999999999977e-01,1.673600000000000088e-01
4.541359999999999841e-01,1.951799999999999924e-01
5.736259999999999692e-01,2.884729999999999794e-01
3.701349999999999918e-01,5.632909999999999862e-01
-9.011529999999999541e-02,2.106500000000000039e-01
6.122149999999999537e-01,1.154700000000000032e-01
5.013849999999999696e-01,7.216749999999999554e-01
2.359610000000000041e-01,-1.254079999999999917e-01
3.325770000000000115e-01,1.636990000000000112e-01
4.264510000000000245e-01,3.774649999999999950e-01
4.698919999999999764e-01,7.564210000000000378e-02
4.060409999999999853e-01,3.765350000000000086e-01
4.186730000000000174e-01,5.403390000000000137e-01
2.782040000000000068e-01,3.388120000000000021e-01
1.816079999999999917e-01,5.167300000000000226e-01
6.010219999999999452e-01,5.377340000000000453e-01
3.539849999999999941e-01,7.635680000000000245e-01
2.772530000000000272e-01,9.377169999999999950e-02
4.128979999999999873e-01,1.228130000000000055e-01
4.465069999999999872e-01,2.185979999999999868e-01
8.824309999999999654e-01,2.345720000000000027e-01
1.083939999999999904e+00,3.340910000000000268e-01
2.121530000000000082e-01,1.878410000000000080e-01
1.038059999999999983e+00,5.951790000000000136e-01
8.042749999999999622e-01,4.833709999999999951e-01
2.226750000000000118e-01,2.783450000000000091e-01
3.666679999999999939e-01,-9.126079999999999956e-03
6.808870000000000200e-01,2.010790000000000077e-01
3.464940000000000242e-01,-1.924709999999999963e-02
3.202260000000000106e-01,6.386370000000000102e-01
9.939890000000000114e-01,1.619069999999999954e-01
7.555460000000000509e-01,2.585029999999999828e-01
-1.319170000000000065e-01,7.653130000000000210e-01
4.905050000000000243e-01,2.969789999999999930e-01
5.764610000000000012e-01,-4.316740000000000160e-02
5.898799999999999599e-01,2.780590000000000006e-01
5.116910000000000069e-01,3.102730000000000210e-01
3.543430000000000191e-01,2.184389999999999943e-01
7.830529999999999990e-01,2.503920000000000035e-01
5.164290000000000269e-01,1.132269999999999943e-01
2.489139999999999964e-01,9.643419999999999770e-02
4.887139999999999818e-01,7.754139999999999644e-02
7.384749999999999925e-01,2.123449999999999990e-02
1.227170000000000066e-01,3.640369999999999995e-01
5.299479999999999746e-01,3.852450000000000041e-01
8.594110000000000360e-01,2.301360000000000072e-01
2.010609999999999897e-01,8.155829999999999469e-01
1.434779999999999944e-01,9.844619999999999760e-02
9.783929999999999572e-01,6.889729999999999466e-02
6.139959999999999862e-01,2.443210000000000104e-01
1.436590000000000089e-01,6.408760000000000012e-01
6.440930000000000266e-01,2.994930000000000092e-01
6.261239999999999861e-02,7.138689999999999758e-01
8.483279999999999710e-01,3.913130000000000219e-01
-8.974870000000000070e-02,1.722980000000000067e-01
4.604519999999999724e-01,1.852630000000000110e-01
2.788050000000000250e-01,5.967150000000000232e-02
1.819810000000000039e-01,2.968399999999999928e-01
1.050780000000000047e-01,2.459929999999999894e-01
5.699830000000000174e-01,1.466139999999999943e-01
7.661179999999999657e-01,1.528299999999999971e-02
9.116450000000000387e-01,-8.320619999999999405e-02
3.285139999999999727e-01,8.984229999999999994e-02
3.006929999999999881e-01,1.505769999999999886e-01
4.007180000000000186e-01,5.973950000000000093e-02
1.949549999999999894e-01,6.577340000000000408e-01
4.095539999999999736e-01,4.481200000000000183e-01
2.949129999999999807e-01,-3.332000000000000239e-02
8.908439999999999692e-01,3.971810000000000063e-01
3.165970000000000173e-01,3.015489999999999837e-02
4.148419999999999885e-01,1.642170000000000019e-01
1.007749999999999924e+00,9.700980000000000159e-01
5.943459999999999716e-02,-7.810090000000000088e-02
1.465690000000000048e-01,2.322329999999999950e-01
6.982329999999999925e-01,6.367239999999999567e-01
3.670740000000000114e-01,-2.212800000000000045e-01
4.260660000000000003e-01,5.808759999999999479e-01
5.443259999999999765e-01,-2.842599999999999988e-02
4.788870000000000071e-01,2.281739999999999879e-01
1.900729999999999920e-01,2.050639999999999963e-01
5.354999999999999760e-01,5.336099999999999871e-02
1.029100000000000015e-01,3.336359999999999881e-01
4.050349999999999784e-01,6.069709999999999689e-02
4.792969999999999869e-02,5.942089999999999872e-01
1.175309999999999966e-01,1.635729999999999962e-01
-4.806289999999999868e-02,6.125139999999999751e-02
1.772009999999999974e-01,7.633780000000000010e-01
1.615800000000000014e-01,7.965659999999999963e-01
-9.685720000000000440e-02,2.364890000000000048e-01
6.684909999999999464e-02,7.475289999999999990e-01
1.293700000000000128e-01,3.126459999999999795e-01
6.832549999999999457e-01,2.106709999999999972e-01
-2.606330000000000105e-02,1.518230000000000135e-01
5.522430000000000394e-01,7.822599999999999554e-01
5.162360000000000282e-01,1.207369999999999971e-01
1.041279999999999983e+00,6.297730000000000272e-01
4.527180000000000093e-01,1.432140000000000080e-01
2.245109999999999884e-01,-1.294440000000000000e-02
-1.253589999999999982e-01,2.981010000000000049e-01
6.445920000000000538e-01,-5.343640000000000195e-02
1.393230000000000024e-01,2.828780000000000183e-01
9.032419999999999338e-02,5.486109999999999598e-01
4.715790000000000259e-01,1.664410000000000056e-01
4.687450000000000228e-01,-1.137070000000000025e-01
3.632239999999999913e-01,2.280899999999999872e-01
3.642489999999999895e-01,1.207799999999999985e-01
1.421109999999999873e-01,7.756950000000000234e-01
8.744929999999999648e-01,4.792339999999999933e-01
3.224250000000000171e-01,3.577969999999999762e-01
8.321150000000000491e-01,6.833930000000000282e-01
8.020009999999999639e-01,1.354859999999999953e-01
3.982519999999999949e-01,8.623060000000000100e-03
8.300980000000000025e-01,7.081629999999999869e-02
3.627029999999999976e-01,7.368950000000000500e-02
6.329329999999999679e-01,3.236249999999999960e-01
3.115439999999999876e-01,8.412779999999999703e-01
5.182529999999999637e-01,1.561500000000000110e-01
7.839150000000000285e-01,5.320970000000000422e-01
5.099270000000000191e-01,1.132890000000000008e-01
6.755060000000000509e-01,1.855169999999999875e-01
4.584469999999999934e-01,2.149490000000000012e-01
7.402050000000000018e-01,5.155629999999999935e-01
5.857240000000000224e-01,-1.498730000000000062e-01
5.675689999999999902e-01,3.205669999999999908e-01
3.018219999999999792e-01,2.200809999999999989e-01
1.059010000000000007e+00,-1.696130000000000138e-01
7.547880000000000145e-01,1.228059999999999985e-01
1.173840000000000022e-01,3.643750000000000044e-01
2.727280000000000260e-01,3.470269999999999744e-01
9.013330000000000508e-01,7.417550000000000532e-01
6.671759999999999913e-01,5.163829999999999809e-02
1.368540000000000034e-01,2.019610000000000016e-01
3.979010000000000047e-01,1.553350000000000009e-01
2.433220000000000105e-01,2.042599999999999971e-01
6.333330000000000348e-01,7.824389999999999956e-01
6.234049999999999869e-01,5.180829999999999602e-01
4.909270000000000023e-01,6.007909999999999640e-01
6.024979999999999780e-01,4.869560000000000000e-01
8.695370000000000044e-01,6.583240000000000203e-01
2.723659999999999970e-01,2.770940000000000070e-01
1.186829999999999968e-01,3.323659999999999809e-02
7.549590000000000467e-01,4.069059999999999899e-01
2.726950000000000207e-01,2.168450000000000100e-01
8.237759999999999527e-01,1.269299999999999873e-01
4.060000000000000275e-01,1.343149999999999900e-01
1.405230000000000090e-01,-6.495339999999999621e-03
6.447810000000000485e-01,1.910570000000000046e-01
6.266680000000000028e-01,3.551099999999999812e-01
5.998470000000000191e-01,5.777649999999999730e-01
3.344199999999999950e-01,5.801579999999999515e-01
6.516349999999999643e-01,1.748629999999999907e-01
1.285119999999999874e-01,1.121670000000000028e-01
2.264180000000000081e-01,2.296980000000000133e-01
6.136610000000000120e-01,3.550429999999999975e-01
-5.136319999999999775e-02,1.314760000000000095e-01
5.547269999999999701e-01,5.148930000000000173e-02
4.493559999999999777e-01,8.223149999999999904e-02
3.790660000000000140e-01,5.640030000000000321e-01
9.525599999999999623e-01,1.877089999999999870e-01
-2.777519999999999989e-02,4.686899999999999955e-01
5.572200000000000486e-01,2.457399999999999862e-01
8.502420000000000533e-01,2.357380000000000031e-01
1.054680000000000062e+00,6.049539999999999779e-02
1.202310000000000045e-01,8.194930000000000270e-01
3.030900000000000261e-01,3.416839999999999877e-01
6.743139999999999690e-01,3.544660000000000033e-01
9.702060000000000128e-01,8.891820000000000279e-01
7.107269999999999976e-01,2.973230000000000040e-01
4.916170000000000262e-01,6.178580000000000183e-01
3.574030000000000262e-01,4.269459999999999922e-01
7.394429999999999614e-01,2.501999999999999780e-01
2.898049999999999793e-01,1.420700000000000018e-01
3.008449999999999736e-01,3.243789999999999868e-02
3.920699999999999741e-01,1.766349999999999865e-01
1.421759999999999968e-01,1.395500000000000074e-01
8.227649999999999686e-01,7.523980000000000112e-01
6.765269999999999895e-01,9.696240000000000414e-02
7.138700000000000045e-01,3.686039999999999872e-01
1.081809999999999938e+00,6.272529999999999495e-01
5.180259999999999865e-01,1.621859999999999968e-01
2.727589999999999737e-01,7.154829999999999801e-01
8.877709999999999768e-01,4.941139999999999977e-01
1.112729999999999997e+00,-9.415990000000000471e-02
6.370179999999999731e-01,6.467429999999999568e-01
9.819080000000000030e-01,4.286260000000000070e-01
9.739750000000000352e-01,-1.054010000000000016e-02
4.599520000000000275e-01,-4.265259999999999885e-02
5.392489999999999783e-01,1.867880000000000096e-01
2.817450000000000232e-01,4.482189999999999785e-01
3.665979999999999794e-01,5.286100000000000243e-01
6.998360000000000136e-01,9.454390000000000016e-02
4.964020000000000099e-01,1.258340000000000014e-01
-3.923969999999999715e-03,5.417969999999999731e-01
5.276030000000000442e-01,3.561819999999999986e-01
7.327829999999999622e-01,3.035919999999999730e-01
6.976189999999999891e-01,3.998320000000000346e-02
4.862130000000000063e-01,2.563610000000000055e-01
-7.447819999999999441e-02,6.025810000000000333e-01
9.617280000000000273e-02,2.591740000000000155e-01
9.277929999999999788e-01,1.177160000000000012e-01
9.476400000000000379e-01,3.497870000000000146e-01
3.475869999999999793e-01,1.963439999999999908e-01
1.094009999999999927e+00,3.959130000000000149e-01
9.348229999999999595e-01,3.705579999999999985e-01
8.784929999999999684e-01,2.382110000000000061e-01
1.222199999999999953e+00,4.641770000000000063e-01
2.495970000000000133e-01,9.198180000000000245e-02
2.019759999999999889e-01,-1.344770000000000132e-01
8.800850000000000062e-01,5.006800000000000139e-02
6.241889999999999938e-01,4.436539999999999928e-02
3.347490000000000188e-01,3.934790000000000232e-01
6.031450000000000422e-01,-9.424099999999999491e-03
1.218769999999999923e-02,3.105640000000000067e-01
7.810070000000000068e-01,1.189000000000000057e-01
5.280789999999999651e-01,1.345770000000000022e-01
-4.187930000000000125e-02,1.790069999999999995e-01
-7.630380000000000495e-02,4.057230000000000003e-01
3.616130000000000178e-01,1.413629999999999887e-01
7.019849999999999701e-01,2.610210000000000030e-01
3.620369999999999977e-01,1.778919999999999946e-01
3.199799999999999867e-01,4.147279999999999855e-01
9.719179999999999486e-01,4.776509999999999923e-01
-7.431849999999999568e-02,2.493259999999999921e-01
9.453960000000000141e-02,4.815510000000000068e-01
6.259120000000000239e-01,1.108170000000000099e+00
7.932979999999999476e-01,4.918950000000000267e-01
6.481040000000000134e-01,1.787449999999999872e-01
2.278550000000000020e-01,3.471309999999999674e-02
1.549030000000000129e-01,2.037380000000000024e-01
7.849110000000000253e-01,2.460269999999999957e-01
2.990340000000000220e-01,6.676200000000000190e-03
7.778880000000000239e-01,7.672299999999999953e-02
5.047089999999999632e-01,2.127499999999999947e-01
6.185540000000000482e-01,-4.919860000000000205e-02
5.612470000000000514e-01,-5.025790000000000118e-02
6.919939999999999980e-01,3.806019999999999959e-01
6.744339999999999780e-01,3.809319999999999928e-01
3.856879999999999753e-01,1.073989999999999945e-01
5.049179999999999779e-01,4.107979999999999965e-01
9.633880000000000221e-01,1.433109999999999939e-01
5.681800000000000045e-02,2.124610000000000110e-01
6.132990000000000386e-01,1.174980000000000052e-01
5.670319999999999805e-01,2.840989999999999904e-01
3.386009999999999853e-01,4.446470000000000145e-01
8.274709999999999566e-01,2.211009999999999920e-01
3.670390000000000041e-01,8.545629999999999893e-02
7.301010000000000000e-01,6.954620000000000246e-01
5.851619999999999600e-01,1.293960000000000110e-01
8.080600000000000005e-01,6.397269999999999346e-02
4.385890000000000066e-01,1.166559999999999958e-01
6.634100000000000552e-01,1.409789999999999932e-01
4.270200000000000107e-01,2.208650000000000058e-01
5.514360000000000372e-01,-2.962250000000000161e-01
7.969580000000000553e-01,2.322390000000000010e-01
3.543349999999999972e-02,2.012319999999999942e-01
5.387060000000000182e-01,-7.953920000000000434e-02
2.150980000000000114e-01,1.262230000000000019e-01
2.750190000000000135e-01,2.594580000000000219e-01
1.032219999999999915e+00,6.398289999999999811e-01
3.231410000000000116e-01,-1.911790000000000017e-02
9.131909999999999750e-01,2.700540000000000163e-01
4.207359999999999989e-01,3.404220000000000024e-01
5.669809999999999572e-01,1.827400000000000135e-01
1.102429999999999938e-01,5.359159999999999480e-01
2.786250000000000115e-01,3.059379999999999877e-01
7.024409999999999821e-01,1.122810000000000058e-01
9.714930000000000510e-01,5.368509999999999671e-01
3.504829999999999890e-01,-1.197479999999999933e-01
8.781830000000000469e-01,-2.273309999999999914e-02
5.957829999999999515e-01,2.382489999999999886e-01
6.536260000000000403e-01,4.374039999999999873e-02
1.623680000000000123e-01,4.562829999999999941e-01
5.990779999999999994e-01,1.496540000000000092e-01
5.992650000000000476e-01,2.673710000000000253e-01
9.260279999999999623e-01,3.022130000000000094e-01
5.545919999999999739e-01,2.052140000000000075e-01
4.402960000000000207e-01,1.336380000000000033e-02
7.477949999999999875e-01,1.527820000000000011e-01
2.623159999999999936e-01,4.664340000000000153e-01
1.137110000000000065e+00,7.617000000000000437e-01
2.359700000000000131e-01,1.740839999999999888e-01
9.835059999999999913e-01,4.474609999999999976e-01
9.909070000000000378e-02,4.441570000000000240e-01
8.456160000000000343e-01,8.675880000000000258e-01
8.668059999999999654e-01,1.659370000000000012e-01
1.018240000000000034e+00,7.727140000000000120e-01
-1.046699999999999992e-01,3.152229999999999754e-01
4.548920000000000186e-01,9.522150000000000059e-02
4.608459999999999779e-01,3.817840000000000122e-01
6.646980000000000111e-01,2.483660000000000034e-01
5.774580000000000268e-01,8.196889999999999732e-02
8.617390000000000327e-01,9.386310000000000486e-02
9.618740000000000068e-01,4.188000000000000056e-01
2.616580000000000017e-01,1.722700000000000065e-01
3.937100000000000044e-01,2.040190000000000059e-02
1.085949999999999971e+00,3.456429999999999780e-01
7.937929999999999708e-01,3.973940000000000250e-01
7.079290000000000305e-01,8.545989999999999837e-03
7.671510000000000273e-01,1.409839999999999982e-01
4.199999999999999845e-01,6.051360000000000072e-02
7.732229999999999936e-01,1.979809999999999903e-01
2.228090000000000070e-01,-5.025400000000000006e-02
5.064419999999999478e-01,8.121309999999999640e-02
-2.041880000000000084e-01,1.275439999999999907e-01
2.668770000000000170e-02,2.984950000000000103e-01
7.711980000000000501e-01,4.050480000000000191e-01
2.293840000000000046e-01,3.696929999999999938e-01
8.474739999999999496e-01,3.662199999999999900e-01
5.996479999999999588e-01,2.298090000000000133e-01
2.427269999999999983e-01,-5.939420000000000116e-02
6.925949999999999607e-01,1.192290000000000072e+00
5.301789999999999559e-01,1.151449999999999974e-01
5.282769999999999966e-01,8.422560000000000810e-03
6.855390000000000095e-01,1.976340000000000041e-01
7.166599999999999637e-01,4.109160000000000035e-01
6.140480000000000382e-01,4.925059999999999993e-01
4.970789999999999931e-01,2.242319999999999869e-01
3.625140000000000029e-01,3.119080000000000186e-01
1.020089999999999941e+00,2.984519999999999951e-01
2.437910000000000077e-01,8.551860000000000017e-02
7.517540000000000333e-01,1.207150000000000029e-01
3.776930000000000009e-01,8.787659999999999916e-02
1.052280000000000104e+00,5.882239999999999691e-01
4.571279999999999788e-01,1.765420000000000045e-01
4.839689999999999825e-01,9.113930000000000642e-02
7.267689999999999984e-01,4.161960000000000104e-01
9.636770000000000058e-01,3.718529999999999891e-01
7.570759999999999990e-02,4.839510000000000201e-01
2.661240000000000272e-01,3.566300000000000026e-02
4.842790000000000150e-01,1.213309999999999944e-01
6.419200000000000461e-01,2.314579999999999971e-01
5.261969999999999842e-02,4.263419999999999987e-01
3.434229999999999783e-01,1.398659999999999903e-01
9.056319999999999926e-01,6.021130000000000232e-02
4.089969999999999994e-01,1.093530000000000058e-01
5.662279999999999536e-01,-5.950040000000000190e-02
5.436720000000000441e-01,5.917290000000000050e-02
5.668699999999999850e-01,1.813800000000000134e-01
6.879480000000000040e-01,1.780390000000000097e-02
4.953670000000000018e-01,6.266259999999999886e-02
5.301019999999999621e-01,4.015989999999999838e-02
5.093870000000000342e-01,-5.967380000000000427e-03
4.511129999999999862e-01,1.485930000000000029e-01
5.651609999999999967e-02,1.371590000000000031e-01
2.720569999999999933e-01,1.708840000000000081e-01
7.740660000000000318e-01,-1.047239999999999976e-02
4.574969999999999870e-01,1.912230000000000041e-01
3.758889999999999731e-01,2.401030000000000109e-01
3.775800000000000267e-01,-1.589200000000000057e-01
6.681340000000000057e-01,3.235470000000000013e-02
7.933959999999999901e-01,3.431930000000000258e-01
6.991249999999999964e-01,5.290360000000000201e-02
1.041749999999999954e+00,1.044719999999999954e-01
5.790020000000000167e-01,-5.369960000000000011e-02
8.504869999999999930e-01,5.136380000000000112e-02
6.347469999999999501e-01,3.000789999999999846e-01
1.034459999999999935e+00,3.044359999999999844e-01
2.894149999999999778e-01,1.461899999999999866e-01
4.598849999999999882e-01,-6.725499999999999534e-02
4.667899999999999827e-01,-7.577369999999999939e-03
9.602230000000000487e-01,-3.273589999999999833e-02
6.428709999999999702e-01,8.987320000000000031e-02
2.187929999999999875e-01,2.346119999999999872e-01
5.655609999999999804e-01,8.717750000000000499e-02
7.731869999999999576e-01,-2.809729999999999867e-02
5.814890000000000336e-01,1.750760000000000094e-01
7.335859999999999603e-01,-2.222230000000000039e-01
2.319180000000000130e-01,1.216040000000000038e-01
7.690669999999999451e-01,2.040089999999999959e-02
4.620690000000000075e-01,1.438760000000000039e-01
7.503659999999999775e-01,-6.084319999999999833e-03
6.383149999999999658e-01,3.071810000000000165e-02
6.268080000000000318e-01,2.272500000000000075e-01
8.229630000000000001e-01,4.435589999999999672e-02
2.107390000000000096e-01,4.613749999999999796e-01
5.461840000000000028e-01,7.009840000000000515e-02
2.937750000000000083e-01,1.436540000000000039e-01
1.501879999999999882e-01,2.777599999999999861e-02
7.780629999999999491e-01,8.155810000000000004e-01
5.840959999999999486e-01,4.431959999999999789e-01
4.055289999999999728e-01,-7.718469999999999498e-02
5.338760000000000172e-01,2.870380000000000154e-02
1.062109999999999999e-01,1.673809999999999968e-03
3.782010000000000094e-01,6.105390000000000122e-02
1.949190000000000089e-01,1.822659999999999905e-02
6.124600000000000044e-01,1.146309999999999968e-01
4.591879999999999851e-01,-1.518440000000000067e-01
1.596450000000000091e-01,1.338699999999999890e-01
9.422089999999999632e-01,1.969730000000000092e-01
2.239599999999999924e-01,1.482989999999999864e-01
6.583200000000000163e-01,2.661160000000000192e-01
3.971500000000000030e-01,-1.053919999999999996e-01
1.715750000000000053e-01,2.452179999999999915e-01
2.780679999999999819e-01,3.759140000000000259e-01
-7.636439999999999895e-02,3.905680000000000263e-01
4.074960000000000249e-01,2.614770000000000150e-01
1.980089999999999906e-01,-7.387309999999999710e-02
1.956519999999999926e-01,3.860600000000000143e-02
8.858359999999999568e-01,1.822930000000000106e-01
9.392789999999999750e-01,3.636530000000000040e-01
2.801009999999999889e-01,-3.888550000000000340e-02
5.318169999999999842e-01,-1.722570000000000004e-02
9.637360000000000371e-01,1.949089999999999989e-01
2.315319999999999878e-01,6.635439999999999394e-02
3.715669999999999806e-01,-3.519560000000000050e-02
1.970109999999999917e-01,2.772689999999999877e-01
-6.088200000000000278e-01,3.924819999999999975e-01
9.823669999999999902e-01,2.121210000000000040e-01
1.180800000000000072e+00,3.842499999999999805e-01
9.585380000000000289e-02,-2.051370000000000138e-01
4.786009999999999986e-01,2.925200000000000022e-02
6.597499999999999476e-01,1.209270000000000067e-01
-1.491590000000000138e-01,3.047159999999999869e-01
-5.677229999999999777e-02,6.426560000000000605e-02
5.742589999999999639e-01,-2.621889999999999984e-02
-1.405849999999999878e-01,-2.359729999999999987e-04
1.852310000000000068e-01,1.329660000000000043e-02
1.017120000000000024e+00,-1.074869999999999992e-01
1.470110000000000028e-01,3.370690000000000075e-01
9.247210000000000152e-01,3.519030000000000213e-01
3.925739999999999785e-01,5.903379999999999739e-02
7.690069999999999961e-01,7.692440000000000389e-01
4.608720000000000039e-01,-7.637810000000000432e-02
6.037989999999999746e-01,5.740379999999999788e-02
3.835319999999999840e-01,1.789989999999999915e-01
3.795660000000000145e-01,2.520410000000000150e-01
7.054129999999999567e-01,1.448830000000000118e-01
3.271660000000000124e-01,2.380190000000000083e-01
6.115990000000000038e-01,3.222169999999999757e-01
7.537719999999999976e-01,1.606750000000000123e-01
2.446069999999999911e-01,-1.416520000000000001e-01
9.255210000000000381e-01,1.632919999999999927e-01
9.019789999999999752e-01,8.590440000000000575e-02
7.693769999999999776e-01,4.422260000000000080e-01
4.718530000000000224e-01,-1.961569999999999980e-02
5.601220000000000088e-01,-7.417809999999999682e-02
1.151780000000000026e+00,7.121189999999999465e-01
8.021949999999999914e-02,7.112490000000000478e-02
6.846619999999999928e-01,1.538259999999999905e-01
3.118110000000000048e-01,-2.248050000000000048e-02
2.850670000000000148e-01,-3.458959999999999813e-02
5.916320000000000467e-01,2.013220000000000010e-01
8.861630000000000340e-01,3.186100000000000043e-02
2.656910000000000105e-01,1.540760000000000046e-02
3.015129999999999755e-01,3.777659999999999907e-01
7.642189999999999817e-01,1.408020000000000105e-01
4.020719999999999850e-01,3.712469999999999659e-02
2.378220000000000056e-01,-1.695049999999999890e-01
7.427460000000000173e-01,9.328870000000000218e-02
6.249320000000000430e-01,-4.953969999999999598e-04
1.021180000000000004e-01,1.482910000000000061e-01
2.065740000000000076e-01,5.156260000000000010e-02
4.776909999999999767e-01,5.362410000000000093e-02
4.305320000000000258e-01,3.623399999999999954e-01
6.787570000000000547e-01,-7.194109999999999394e-02
2.296009999999999995e-01,1.117620000000000002e-01
4.202069999999999972e-01,-5.159099999999999797e-02
8.744880000000000431e-01,2.076379999999999892e-01
6.786670000000000202e-01,9.051530000000000686e-02
6.104380000000000361e-01,8.779499999999999804e-02
3.060550000000000215e-01,1.171399999999999941e-01
6.835010000000000252e-01,-8.501849999999999685e-02
5.803490000000000038e-01,8.086959999999999704e-01
1.939909999999999968e-01,1.441260000000000041e-01
9.578740000000000032e-01,3.505389999999999895e-01
9.451910000000000034e-01,7.204120000000000523e-01
2.152669999999999861e-01,2.249619999999999953e-01
1.426119999999999888e-01,6.774520000000000541e-01
2.033959999999999935e-01,-1.056710000000000010e-01
4.042910000000000115e-01,7.159219999999999473e-02
3.867030000000000189e-01,4.443069999999999659e-02
9.222420000000000062e-01,1.671529999999999960e-01
4.573670000000000235e-01,-4.781559999999999977e-02
2.701629999999999865e-01,-4.885620000000000240e-02
7.573959999999999582e-01,-4.404160000000000019e-02
1.851430000000000020e-01,-1.611029999999999962e-01
9.584529999999999994e-01,2.725729999999999993e-03
8.932010000000000227e-01,1.951229999999999909e-01
4.987650000000000139e-01,-6.217199999999999810e-02
4.872400000000000064e-01,2.059819999999999984e-01
2.438049999999999939e-01,1.746179999999999954e-01
6.390280000000000404e-01,8.849939999999999474e-01
8.435730000000000173e-01,1.787870000000000015e-01
9.897029999999999994e-01,1.214120000000000060e-01
-5.933279999999999804e-02,1.888769999999999893e-01
5.952920000000000433e-01,-2.388810000000000100e-01
3.145780000000000243e-01,1.314009999999999900e-01
4.568269999999999831e-01,-5.857609999999999900e-02
8.391429999999999723e-01,3.638049999999999895e-01
9.640790000000000193e-01,2.286990000000000134e-01
4.082600000000000118e-01,1.658129999999999882e-01
1.541800000000000115e-01,1.462600000000000011e-01
6.915059999999999540e-01,-6.122480000000000283e-02
1.961930000000000063e-01,-1.092219999999999996e-02
-5.429989999999999817e-02,2.929260000000000197e-01
-9.203500000000000569e-02,3.082840000000000025e-01
5.384790000000000409e-01,2.604960000000000053e-01
3.729239999999999777e-01,1.432070000000000010e-01
2.303520000000000012e-01,3.738170000000000104e-01
4.765079999999999871e-01,1.204100000000000031e-01
-1.326920000000000044e-01,2.672959999999999781e-01
1.023579999999999934e+00,-3.204570000000000335e-02
2.239629999999999954e-01,8.018790000000000640e-02
2.238950000000000107e-01,-3.212109999999999965e-02
2.817230000000000012e-01,-6.465680000000000038e-02
8.958350000000000479e-01,1.360659999999999925e-01
9.450359999999999872e-01,3.464300000000000157e-01
5.523719999999999741e-01,-9.588750000000000051e-02
7.905529999999999502e-01,-1.920260000000000022e-02
-1.094839999999999980e-01,-2.491379999999999983e-01
8.052890000000000326e-01,7.619339999999999447e-02
5.324999999999999734e-01,-2.956770000000000231e-01
-9.456499999999999628e-02,-2.673490000000000033e-01
6.599720000000000031e-01,6.640619999999999856e-04
1.239300000000000068e+00,1.514979999999999938e-01
